version 1
nodes
  0 "Universal_Root" -1
  1 "Bip01_L_Forearm" 0
  2 "Bip01_L_Hand" 1
  3 "Bip01_L_Finger3" 2
  4 "Bip01_L_Finger31" 3
  5 "Bip01_L_Finger32" 4
  6 "Bip01_L_Finger2" 2
  7 "Bip01_L_Finger21" 6
  8 "Bip01_L_Finger22" 7
  9 "Bip01_L_Finger1" 2
  10 "Bip01_L_Finger11" 9
  11 "Bip01_L_Finger12" 10
  12 "Bip01_L_Finger4" 2
  13 "Bip01_L_Finger41" 12
  14 "Bip01_L_Finger42" 13
  15 "Bip01_L_Finger0" 2
  16 "Bip01_L_Finger01" 15
  17 "Bip01_L_Finger02" 16
  18 "Bip01_R_Forearm" 0
  19 "Bip01_R_Hand" 18
  20 "Bip01_R_Finger3" 19
  21 "Bip01_R_Finger31" 20
  22 "Bip01_R_Finger32" 21
  23 "Bip01_R_Finger2" 19
  24 "Bip01_R_Finger21" 23
  25 "Bip01_R_Finger22" 24
  26 "Bip01_R_Finger1" 19
  27 "Bip01_R_Finger11" 26
  28 "Bip01_R_Finger12" 27
  29 "Bip01_R_Finger4" 19
  30 "Bip01_R_Finger41" 29
  31 "Bip01_R_Finger42" 30
  32 "Bip01_R_Finger0" 19
  33 "Bip01_R_Finger01" 32
  34 "Bip01_R_Finger02" 33
end
skeleton
  time 0
    0 0.000000 0.000000 0.000000 0.000000 0.000000 0.000000
    1 9.907855 0.002170 -0.149879 3.138933 -0.000225 -1.566807
    2 -0.071917 -8.498733 -0.104137 -0.025047 0.287591 0.014898
    3 -0.488517 -2.755600 -0.228261 0.106454 0.010332 -0.264490
    4 0.039887 -1.479790 0.029853 -0.055395 0.000000 0.000000
    5 0.028785 -1.075733 -0.023111 0.002099 0.000000 0.000000
    6 0.250028 -2.820663 -0.238396 0.041826 -0.002921 0.008443
    7 -0.049759 -1.680546 0.100480 0.019826 0.000000 -0.000002
    8 -0.034141 -1.148310 0.084779 -0.040115 0.000000 0.000000
    9 0.957766 -2.746775 -0.090300 -0.017221 -0.162277 0.191558
    10 -0.033419 -1.397129 -0.011255 0.013931 0.000000 -0.000001
    11 -0.022360 -0.957436 0.018783 0.003845 0.000000 0.000000
    12 -1.180680 -2.507214 -0.193861 0.082999 0.013293 -0.477915
    13 -0.024966 -1.123934 0.017594 -0.018065 0.000000 0.000001
    14 -0.020057 -0.890966 0.010091 -0.060797 0.000000 0.000000
    15 0.583510 -1.197275 0.185377 0.158049 -0.404973 -0.364290
    16 1.535927 0.010246 0.005008 -0.002964 -0.012979 0.000887
    17 1.100770 0.004526 -0.010676 -0.002796 0.015973 0.003458
    18 -9.310107 0.236513 -0.105301 0.004984 -3.131565 -1.566847
    19 0.096944 -8.450418 -0.009364 -0.032965 -0.297907 -0.004663
    20 0.447952 -2.798985 -0.200442 0.106456 -0.010396 0.265094
    21 -0.032910 -1.480204 0.004936 -0.055403 0.000000 0.000002
    22 -0.027022 -1.076918 -0.020212 0.002094 0.000000 0.000000
    23 -0.249534 -2.846962 -0.174216 0.041903 -0.000125 -0.008396
    24 0.043235 -1.683941 0.096014 0.019757 0.002823 -0.000167
    25 0.031729 -1.160830 0.058836 -0.040181 0.000642 0.008372
    26 -0.963867 -2.785143 -0.085346 -0.017227 0.162276 -0.191556
    27 0.028479 -1.403069 0.006271 0.013941 0.000000 0.000000
    28 0.021413 -0.957779 0.020047 0.003851 0.000000 0.000000
    29 1.164475 -2.543938 -0.170328 0.083003 -0.013294 0.477915
    30 0.024033 -1.129042 0.017806 -0.018074 0.000000 0.000001
    31 0.014897 -0.883989 -0.019845 -0.060801 0.000000 0.000000
    32 -0.586770 -1.264477 0.200164 -0.152092 -0.410513 -2.814816
    33 1.522835 0.058680 0.016850 0.001410 0.008985 -0.046880
    34 1.117948 0.048426 -0.005764 -0.000243 -0.025198 0.065422
end
triangles
female.bmp
  2 18.097224 -0.632653 -0.543364 0.052432 -0.460756 -0.885977 0.121331 0.019569
  1 16.418180 -0.431987 -0.707088 0.064434 -0.431157 -0.899973 0.138943 0.123288
  2 18.207224 -0.342653 -0.633365 0.053278 -0.419383 -0.906245 0.140900 0.013699
female.bmp
  2 18.207224 -0.342653 -0.633365 0.053278 -0.419383 -0.906245 0.140900 0.013699
  1 16.418180 -0.431987 -0.707088 0.064434 -0.431157 -0.899973 0.138943 0.123288
  2 18.127224 -0.202653 -0.723366 0.044913 -0.151238 -0.987477 0.154599 0.021526
female.bmp
  1 16.418180 -0.431987 -0.707088 0.064434 -0.431157 -0.899973 0.138943 0.123288
  1 16.417302 -0.272010 -0.797124 0.064031 -0.161908 -0.984726 0.152642 0.123288
  2 18.127224 -0.202653 -0.723366 0.044913 -0.151238 -0.987477 0.154599 0.021526
female.bmp
  2 18.127224 -0.202653 -0.723366 0.044913 -0.151238 -0.987477 0.154599 0.021526
  1 16.417302 -0.272010 -0.797124 0.064031 -0.161908 -0.984726 0.152642 0.123288
  2 18.097224 -0.052653 -0.673366 0.061932 0.175158 -0.982590 0.166341 0.023483
female.bmp
  1 16.417302 -0.272010 -0.797124 0.064031 -0.161908 -0.984726 0.152642 0.123288
  1 16.406823 -0.132044 -0.767129 0.068043 -0.014666 -0.997575 0.162427 0.123288
  2 18.097224 -0.052653 -0.673366 0.061932 0.175158 -0.982590 0.166341 0.023483
female.bmp
  2 18.097224 -0.052653 -0.673366 0.061932 0.175158 -0.982590 0.166341 0.023483
  1 16.406823 -0.132044 -0.767129 0.068043 -0.014666 -0.997575 0.162427 0.123288
  2 18.027224 0.227347 -0.693366 0.061932 0.175158 -0.982590 0.189824 0.029354
female.bmp
  1 16.406823 -0.132044 -0.767129 0.068043 -0.014666 -0.997575 0.162427 0.123288
  1 16.395374 0.177895 -0.847172 0.076029 0.175441 -0.981550 0.187867 0.125245
  2 18.027224 0.227347 -0.693366 0.061932 0.175158 -0.982590 0.189824 0.029354
female.bmp
  2 18.027224 0.227347 -0.693366 0.061932 0.175158 -0.982590 0.189824 0.029354
  1 16.395374 0.177895 -0.847172 0.076029 0.175441 -0.981550 0.187867 0.125245
  1 16.404975 0.357962 -0.727239 0.057271 0.648229 -0.759289 0.211350 0.129159
female.bmp
  1 16.395374 0.177895 -0.847172 0.076029 0.175441 -0.981550 0.187867 0.125245
  1 14.275000 0.169404 -0.991533 0.062498 0.223913 -0.972603 0.187867 0.242661
  1 16.404975 0.357962 -0.727239 0.057271 0.648229 -0.759289 0.211350 0.129159
female.bmp
  1 16.404975 0.357962 -0.727239 0.057271 0.648229 -0.759289 0.211350 0.129159
  1 14.275000 0.169404 -0.991533 0.062498 0.223913 -0.972603 0.187867 0.242661
  1 14.313722 0.769657 -0.571776 0.077684 0.832324 -0.548818 0.242661 0.246575
female.bmp
  1 14.275000 0.169404 -0.991533 0.062498 0.223913 -0.972603 0.187867 0.242661
  1 12.873167 0.813880 -0.707956 0.024564 0.781556 -0.623351 0.236791 0.360078
  1 14.313722 0.769657 -0.571776 0.077684 0.832324 -0.548818 0.242661 0.246575
female.bmp
  1 14.313722 0.769657 -0.571776 0.077684 0.832324 -0.548818 0.242661 0.246575
  1 12.873167 0.813880 -0.707956 0.024564 0.781556 -0.623351 0.236791 0.360078
  1 12.934629 1.014318 0.141836 0.055062 0.987344 0.148726 0.287671 0.360078
female.bmp
  1 12.873167 0.813880 -0.707956 0.024564 0.781556 -0.623351 0.236791 0.360078
  1 9.964875 1.042505 0.289726 0.019470 0.992204 0.123096 0.281800 0.536204
  1 12.934629 1.014318 0.141836 0.055062 0.987344 0.148726 0.287671 0.360078
female.bmp
  1 12.934629 1.014318 0.141836 0.055062 0.987344 0.148726 0.287671 0.360078
  1 9.964875 1.042505 0.289726 0.019470 0.992204 0.123096 0.281800 0.536204
  1 12.998311 0.584735 0.881771 0.090233 0.622655 0.777276 0.336595 0.360078
female.bmp
  1 9.964875 1.042505 0.289726 0.019470 0.992204 0.123096 0.281800 0.536204
  1 9.968372 0.652680 1.019811 0.090233 0.622655 0.777276 0.336595 0.536204
  1 12.998311 0.584735 0.881771 0.090233 0.622655 0.777276 0.336595 0.360078
female.bmp
  1 12.998311 0.584735 0.881771 0.090233 0.622655 0.777276 0.336595 0.360078
  1 9.968372 0.652680 1.019811 0.090233 0.622655 0.777276 0.336595 0.536204
  1 9.981975 -0.097220 1.249952 0.016705 0.084122 0.996315 0.381605 0.536204
female.bmp
  1 9.968372 0.652680 1.019811 0.090233 0.622655 0.777276 0.336595 0.536204
  1 10.050770 -0.279912 1.247641 0.020629 0.038128 0.999060 0.381605 0.565558
  1 9.981975 -0.097220 1.249952 0.016705 0.084122 0.996315 0.381605 0.536204
female.bmp
  1 9.981975 -0.097220 1.249952 0.016705 0.084122 0.996315 0.381605 0.536204
  1 10.050770 -0.279912 1.247641 0.020629 0.038128 0.999060 0.381605 0.565558
  1 10.130772 -0.969912 1.157644 0.062773 -0.415834 0.907271 0.432485 0.567515
female.bmp
  1 10.050770 -0.279912 1.247641 0.020629 0.038128 0.999060 0.381605 0.565558
  1 9.500772 -1.109912 1.187629 0.114546 -0.427336 0.896807 0.432485 0.590998
  1 10.130772 -0.969912 1.157644 0.062773 -0.415834 0.907271 0.432485 0.567515
female.bmp
  1 10.130772 -0.969912 1.157644 0.062773 -0.415834 0.907271 0.432485 0.567515
  1 9.500772 -1.109912 1.187629 0.114546 -0.427336 0.896807 0.432485 0.590998
  1 9.580786 -1.669913 0.617632 0.199109 -0.882137 0.426836 0.471624 0.590998
female.bmp
  1 9.500772 -1.109912 1.187629 0.114546 -0.427336 0.896807 0.432485 0.590998
  1 6.120769 -1.589912 1.307548 0.062773 -0.415834 0.907271 0.430528 0.729941
  1 9.580786 -1.669913 0.617632 0.199109 -0.882137 0.426836 0.471624 0.590998
female.bmp
  1 9.580786 -1.669913 0.617632 0.199109 -0.882137 0.426836 0.471624 0.590998
  1 6.120769 -1.589912 1.307548 0.062773 -0.415834 0.907271 0.430528 0.729941
  1 6.200785 -2.289913 0.637551 0.130767 -0.890894 0.434980 0.471624 0.729941
female.bmp
  1 6.120769 -1.589912 1.307548 0.062773 -0.415834 0.907271 0.430528 0.729941
  1 2.320772 -2.129912 1.187457 0.032160 -0.436195 0.899277 0.424658 0.855186
  1 6.200785 -2.289913 0.637551 0.130767 -0.890894 0.434980 0.471624 0.729941
female.bmp
  1 6.200785 -2.289913 0.637551 0.130767 -0.890894 0.434980 0.471624 0.729941
  1 2.320772 -2.129912 1.187457 0.032160 -0.436195 0.899277 0.424658 0.855186
  1 2.390785 -2.699913 0.627459 0.130767 -0.890894 0.434980 0.463796 0.855186
female.bmp
  19 -17.610533 -0.191608 -0.679287 -0.044105 -0.419316 -0.906768 0.140900 0.013699
  19 -17.530533 -0.041806 -0.769615 -0.034525 -0.151182 -0.987903 0.154599 0.021526
  18 -15.821366 -0.282788 -0.747829 -0.064434 -0.431155 -0.899974 0.138943 0.123288
female.bmp
  18 -15.821366 -0.282788 -0.747829 -0.064434 -0.431155 -0.899974 0.138943 0.123288
  19 -17.530533 -0.041806 -0.769615 -0.034525 -0.151182 -0.987903 0.154599 0.021526
  18 -15.822450 -0.121897 -0.836219 -0.064030 -0.161906 -0.984727 0.152642 0.123288
female.bmp
  19 -17.530533 -0.041806 -0.769615 -0.034525 -0.151182 -0.987903 0.154599 0.021526
  19 -17.490533 0.098325 -0.709921 -0.051174 0.175235 -0.983196 0.166341 0.023483
  18 -15.822450 -0.121897 -0.836219 -0.064030 -0.161906 -0.984727 0.152642 0.123288
female.bmp
  18 -15.822450 -0.121897 -0.836219 -0.064030 -0.161906 -0.984727 0.152642 0.123288
  19 -17.490533 0.098325 -0.709921 -0.051174 0.175235 -0.983196 0.166341 0.023483
  18 -15.812902 0.017935 -0.814866 -0.068043 -0.014664 -0.997575 0.162427 0.123288
female.bmp
  19 -17.490533 0.098325 -0.709921 -0.051174 0.175235 -0.983196 0.166341 0.023483
  19 -17.430533 0.378281 -0.730533 -0.051174 0.175235 -0.983196 0.189824 0.029354
  18 -15.812902 0.017935 -0.814866 -0.068043 -0.014664 -0.997575 0.162427 0.123288
female.bmp
  18 -15.812902 0.017935 -0.814866 -0.068043 -0.014664 -0.997575 0.162427 0.123288
  19 -17.430533 0.378281 -0.730533 -0.051174 0.175235 -0.983196 0.189824 0.029354
  18 -15.794568 0.338797 -0.891752 -0.076029 0.175444 -0.981549 0.187867 0.125245
female.bmp
  19 -17.430533 0.378281 -0.730533 -0.051174 0.175235 -0.983196 0.189824 0.029354
  18 -15.804676 0.517546 -0.769904 -0.057271 0.648230 -0.759288 0.211350 0.129159
  18 -15.794568 0.338797 -0.891752 -0.076029 0.175444 -0.981549 0.187867 0.125245
female.bmp
  18 -15.794568 0.338797 -0.891752 -0.076029 0.175444 -0.981549 0.187867 0.125245
  18 -15.804676 0.517546 -0.769904 -0.057271 0.648230 -0.759288 0.211350 0.129159
  18 -13.675146 0.318578 -1.032610 -0.062498 0.223915 -0.972603 0.187867 0.242661
female.bmp
  18 -15.804676 0.517546 -0.769904 -0.057271 0.648230 -0.759288 0.211350 0.129159
  18 -13.715495 0.924280 -0.616320 -0.077684 0.832325 -0.548817 0.242661 0.246575
  18 -13.675146 0.318578 -1.032610 -0.062498 0.223915 -0.972603 0.187867 0.242661
female.bmp
  18 -13.675146 0.318578 -1.032610 -0.062498 0.223915 -0.972603 0.187867 0.242661
  18 -13.715495 0.924280 -0.616320 -0.077684 0.832325 -0.548817 0.242661 0.246575
  18 -12.276335 0.971337 -0.753087 -0.024564 0.781557 -0.623350 0.236791 0.360078
female.bmp
  18 -13.715495 0.924280 -0.616320 -0.077684 0.832325 -0.548817 0.242661 0.246575
  18 -12.342893 1.172539 0.099314 -0.055062 0.987344 0.148728 0.287671 0.360078
  18 -12.276335 0.971337 -0.753087 -0.024564 0.781557 -0.623350 0.236791 0.360078
female.bmp
  18 -12.276335 0.971337 -0.753087 -0.024564 0.781557 -0.623350 0.236791 0.360078
  18 -12.342893 1.172539 0.099314 -0.055062 0.987344 0.148728 0.287671 0.360078
  18 -9.372189 1.192815 0.244603 -0.019470 0.992204 0.123095 0.281800 0.536204
female.bmp
  18 -12.342893 1.172539 0.099314 -0.055062 0.987344 0.148728 0.287671 0.360078
  18 -12.397515 0.744918 0.835356 -0.090234 0.622654 0.777278 0.336595 0.360078
  18 -9.372189 1.192815 0.244603 -0.019470 0.992204 0.123095 0.281800 0.536204
female.bmp
  18 -9.372189 1.192815 0.244603 -0.019470 0.992204 0.123095 0.281800 0.536204
  18 -12.397515 0.744918 0.835356 -0.090234 0.622654 0.777278 0.336595 0.360078
  18 -9.377021 0.805491 0.970797 -0.090234 0.622654 0.777278 0.336595 0.536204
female.bmp
  18 -12.397515 0.744918 0.835356 -0.090234 0.622654 0.777278 0.336595 0.360078
  18 -9.392853 0.053053 1.203361 -0.016039 0.084609 0.996285 0.381605 0.536204
  18 -9.377021 0.805491 0.970797 -0.090234 0.622654 0.777278 0.336595 0.536204
female.bmp
  18 -9.377021 0.805491 0.970797 -0.090234 0.622654 0.777278 0.336595 0.536204
  18 -9.392853 0.053053 1.203361 -0.016039 0.084609 0.996285 0.381605 0.536204
  18 -9.454404 -0.113921 1.246098 -0.020650 0.038126 0.999060 0.381605 0.565558
female.bmp
  18 -9.392853 0.053053 1.203361 -0.016039 0.084609 0.996285 0.381605 0.536204
  18 -9.534404 -0.803921 1.156098 -0.062792 -0.415837 0.907269 0.432485 0.567515
  18 -9.454404 -0.113921 1.246098 -0.020650 0.038126 0.999060 0.381605 0.565558
female.bmp
  18 -9.454404 -0.113921 1.246098 -0.020650 0.038126 0.999060 0.381605 0.565558
  18 -9.534404 -0.803921 1.156098 -0.062792 -0.415837 0.907269 0.432485 0.567515
  18 -8.904404 -0.943921 1.186098 -0.114566 -0.427338 0.896804 0.432485 0.590998
female.bmp
  18 -9.534404 -0.803921 1.156098 -0.062792 -0.415837 0.907269 0.432485 0.567515
  18 -8.974405 -1.503921 0.616098 -0.199118 -0.882138 0.426831 0.471624 0.590998
  18 -8.904404 -0.943921 1.186098 -0.114566 -0.427338 0.896804 0.432485 0.590998
female.bmp
  18 -8.904404 -0.943921 1.186098 -0.114566 -0.427338 0.896804 0.432485 0.590998
  18 -8.974405 -1.503921 0.616098 -0.199118 -0.882138 0.426831 0.471624 0.590998
  18 -5.514404 -1.423921 1.306096 -0.062792 -0.415837 0.907269 0.430528 0.729941
female.bmp
  18 -8.974405 -1.503921 0.616098 -0.199118 -0.882138 0.426831 0.471624 0.590998
  18 -5.604404 -2.123921 0.636096 -0.130777 -0.890895 0.434975 0.471624 0.729941
  18 -5.514404 -1.423921 1.306096 -0.062792 -0.415837 0.907269 0.430528 0.729941
female.bmp
  18 -5.514404 -1.423921 1.306096 -0.062792 -0.415837 0.907269 0.430528 0.729941
  18 -5.604404 -2.123921 0.636096 -0.130777 -0.890895 0.434975 0.471624 0.729941
  18 -1.714404 -1.963922 1.186094 -0.032181 -0.436198 0.899275 0.424658 0.855186
female.bmp
  18 -5.604404 -2.123921 0.636096 -0.130777 -0.890895 0.434975 0.471624 0.729941
  18 -1.794405 -2.533922 0.626094 -0.130777 -0.890895 0.434975 0.463796 0.855186
  18 -1.714404 -1.963922 1.186094 -0.032181 -0.436198 0.899275 0.424658 0.855186
female.bmp
  1 2.320772 -2.129912 1.187457 0.032160 -0.436195 0.899277 0.424658 0.855186
  1 6.120769 -1.589912 1.307548 0.062773 -0.415834 0.907271 0.430528 0.729941
  1 2.230770 -1.409912 1.277454 -0.044031 0.077520 0.996018 0.381605 0.855186
female.bmp
  1 2.230770 -1.409912 1.277454 -0.044031 0.077520 0.996018 0.381605 0.855186
  1 6.120769 -1.589912 1.307548 0.062773 -0.415834 0.907271 0.430528 0.729941
  1 6.030767 -0.859912 1.397545 -0.011774 0.111701 0.993672 0.381605 0.727984
female.bmp
  1 6.120769 -1.589912 1.307548 0.062773 -0.415834 0.907271 0.430528 0.729941
  1 9.500772 -1.109912 1.187629 0.114546 -0.427336 0.896807 0.432485 0.590998
  1 6.030767 -0.859912 1.397545 -0.011774 0.111701 0.993672 0.381605 0.727984
female.bmp
  1 6.030767 -0.859912 1.397545 -0.011774 0.111701 0.993672 0.381605 0.727984
  1 9.500772 -1.109912 1.187629 0.114546 -0.427336 0.896807 0.432485 0.590998
  1 9.370770 -0.389912 1.277625 0.026739 0.092071 0.995393 0.381605 0.592955
female.bmp
  1 9.500772 -1.109912 1.187629 0.114546 -0.427336 0.896807 0.432485 0.590998
  1 10.050770 -0.279912 1.247641 0.020629 0.038128 0.999060 0.381605 0.565558
  1 9.370770 -0.389912 1.277625 0.026739 0.092071 0.995393 0.381605 0.592955
female.bmp
  1 9.370770 -0.389912 1.277625 0.026739 0.092071 0.995393 0.381605 0.592955
  1 10.050770 -0.279912 1.247641 0.020629 0.038128 0.999060 0.381605 0.565558
  1 9.240775 0.330088 1.057621 -0.124607 0.608635 0.783605 0.342466 0.592955
female.bmp
  1 10.050770 -0.279912 1.247641 0.020629 0.038128 0.999060 0.381605 0.565558
  1 9.960771 0.430088 1.217638 -0.018539 0.509602 0.860211 0.340509 0.565558
  1 9.240775 0.330088 1.057621 -0.124607 0.608635 0.783605 0.342466 0.592955
female.bmp
  1 9.240775 0.330088 1.057621 -0.124607 0.608635 0.783605 0.342466 0.592955
  1 9.960771 0.430088 1.217638 -0.018539 0.509602 0.860211 0.340509 0.565558
  1 9.100792 0.710087 0.337617 -0.163170 0.979359 0.119295 0.289628 0.598826
female.bmp
  1 9.960771 0.430088 1.217638 -0.018539 0.509602 0.860211 0.340509 0.565558
  1 9.920797 0.910087 0.167637 -0.093184 0.995539 -0.014804 0.279843 0.565558
  1 9.100792 0.710087 0.337617 -0.163170 0.979359 0.119295 0.289628 0.598826
female.bmp
  1 9.100792 0.710087 0.337617 -0.163170 0.979359 0.119295 0.289628 0.598826
  1 9.920797 0.910087 0.167637 -0.093184 0.995539 -0.014804 0.279843 0.565558
  1 9.930813 0.630086 -0.542363 -0.102519 0.800104 -0.591036 0.234834 0.561644
female.bmp
  1 9.920797 0.910087 0.167637 -0.093184 0.995539 -0.014804 0.279843 0.565558
  1 9.964875 1.042505 0.289726 0.019470 0.992204 0.123096 0.281800 0.536204
  1 9.930813 0.630086 -0.542363 -0.102519 0.800104 -0.591036 0.234834 0.561644
female.bmp
  1 9.930813 0.630086 -0.542363 -0.102519 0.800104 -0.591036 0.234834 0.561644
  1 9.964875 1.042505 0.289726 0.019470 0.992204 0.123096 0.281800 0.536204
  1 9.943414 0.802212 -0.620164 -0.059893 0.801030 -0.595620 0.228963 0.534247
female.bmp
  1 9.964875 1.042505 0.289726 0.019470 0.992204 0.123096 0.281800 0.536204
  1 12.873167 0.813880 -0.707956 0.024564 0.781556 -0.623351 0.236791 0.360078
  1 9.943414 0.802212 -0.620164 -0.059893 0.801030 -0.595620 0.228963 0.534247
female.bmp
  1 9.943414 0.802212 -0.620164 -0.059893 0.801030 -0.595620 0.228963 0.534247
  1 12.873167 0.813880 -0.707956 0.024564 0.781556 -0.623351 0.236791 0.360078
  1 9.915316 -0.028025 -1.149895 -0.053157 0.165883 -0.984712 0.174168 0.532290
female.bmp
  1 12.873167 0.813880 -0.707956 0.024564 0.781556 -0.623351 0.236791 0.360078
  1 12.815296 0.033560 -1.077620 0.035926 0.093126 -0.995006 0.176125 0.360078
  1 9.915316 -0.028025 -1.149895 -0.053157 0.165883 -0.984712 0.174168 0.532290
female.bmp
  1 9.915316 -0.028025 -1.149895 -0.053157 0.165883 -0.984712 0.174168 0.532290
  1 12.815296 0.033560 -1.077620 0.035926 0.093126 -0.995006 0.176125 0.360078
  1 9.939664 -0.957882 -0.909740 0.060180 -0.583088 -0.810177 0.105675 0.534247
female.bmp
  1 12.815296 0.033560 -1.077620 0.035926 0.093126 -0.995006 0.176125 0.360078
  1 12.868792 -0.716190 -0.887585 0.042114 -0.488928 -0.871307 0.119374 0.358121
  1 9.939664 -0.957882 -0.909740 0.060180 -0.583088 -0.810177 0.105675 0.534247
female.bmp
  1 9.939664 -0.957882 -0.909740 0.060180 -0.583088 -0.810177 0.105675 0.534247
  1 12.868792 -0.716190 -0.887585 0.042114 -0.488928 -0.871307 0.119374 0.358121
  1 9.983359 -1.397547 -0.179750 0.062443 -0.968011 -0.243015 0.060665 0.536204
female.bmp
  1 12.868792 -0.716190 -0.887585 0.042114 -0.488928 -0.871307 0.119374 0.358121
  1 12.962620 -1.295692 -0.317696 0.043162 -0.909326 -0.413839 0.068493 0.352250
  1 9.983359 -1.397547 -0.179750 0.062443 -0.968011 -0.243015 0.060665 0.536204
female.bmp
  1 9.983359 -1.397547 -0.179750 0.062443 -0.968011 -0.243015 0.060665 0.536204
  1 12.962620 -1.295692 -0.317696 0.043162 -0.909326 -0.413839 0.068493 0.352250
  1 10.015234 -1.347244 0.600156 0.023467 -0.916414 0.399543 0.017613 0.536204
female.bmp
  1 12.962620 -1.295692 -0.317696 0.043162 -0.909326 -0.413839 0.068493 0.352250
  1 13.084972 -1.345022 0.491993 0.060480 -0.947590 0.313711 0.025440 0.344423
  1 10.015234 -1.347244 0.600156 0.023467 -0.916414 0.399543 0.017613 0.536204
female.bmp
  18 -12.491711 -1.191667 0.446424 -0.060480 -0.947591 0.313710 0.025440 0.344423
  18 -12.365940 -1.143043 -0.363772 -0.043162 -0.909326 -0.413841 0.068493 0.352250
  18 -9.421092 -1.200589 0.550916 -0.023471 -0.916416 0.399539 0.017613 0.536204
female.bmp
  18 -9.421092 -1.200589 0.550916 -0.023471 -0.916416 0.399539 0.017613 0.536204
  18 -12.365940 -1.143043 -0.363772 -0.043162 -0.909326 -0.413841 0.068493 0.352250
  18 -9.384763 -1.242720 -0.219737 -0.062442 -0.968010 -0.243019 0.060665 0.536204
female.bmp
  18 -12.365940 -1.143043 -0.363772 -0.043162 -0.909326 -0.413841 0.068493 0.352250
  18 -12.281057 -0.567012 -0.928469 -0.042113 -0.488926 -0.871308 0.119374 0.358121
  18 -9.384763 -1.242720 -0.219737 -0.062442 -0.968010 -0.243019 0.060665 0.536204
female.bmp
  18 -9.384763 -1.242720 -0.219737 -0.062442 -0.968010 -0.243019 0.060665 0.536204
  18 -12.281057 -0.567012 -0.928469 -0.042113 -0.488926 -0.871308 0.119374 0.358121
  18 -9.350219 -0.795180 -0.955477 -0.060172 -0.583085 -0.810179 0.105675 0.534247
female.bmp
  18 -12.281057 -0.567012 -0.928469 -0.042113 -0.488926 -0.871308 0.119374 0.358121
  18 -12.215064 0.195225 -1.121185 -0.035925 0.093128 -0.995006 0.176125 0.360078
  18 -9.350219 -0.795180 -0.955477 -0.060172 -0.583085 -0.810179 0.105675 0.534247
female.bmp
  18 -9.350219 -0.795180 -0.955477 -0.060172 -0.583085 -0.810179 0.105675 0.534247
  18 -12.215064 0.195225 -1.121185 -0.035925 0.093128 -0.995006 0.176125 0.360078
  18 -9.315109 0.127428 -1.196436 0.053165 0.165884 -0.984711 0.174168 0.532290
female.bmp
  18 -12.215064 0.195225 -1.121185 -0.035925 0.093128 -0.995006 0.176125 0.360078
  18 -12.276335 0.971337 -0.753087 -0.024564 0.781557 -0.623350 0.236791 0.360078
  18 -9.315109 0.127428 -1.196436 0.053165 0.165884 -0.984711 0.174168 0.532290
female.bmp
  18 -9.315109 0.127428 -1.196436 0.053165 0.165884 -0.984711 0.174168 0.532290
  18 -12.276335 0.971337 -0.753087 -0.024564 0.781557 -0.623350 0.236791 0.360078
  18 -9.345813 0.962056 -0.667896 0.059899 0.801031 -0.595619 0.228963 0.534247
female.bmp
  18 -12.276335 0.971337 -0.753087 -0.024564 0.781557 -0.623350 0.236791 0.360078
  18 -9.372189 1.192815 0.244603 -0.019470 0.992204 0.123095 0.281800 0.536204
  18 -9.345813 0.962056 -0.667896 0.059899 0.801031 -0.595619 0.228963 0.534247
female.bmp
  18 -9.345813 0.962056 -0.667896 0.059899 0.801031 -0.595619 0.228963 0.534247
  18 -9.372189 1.192815 0.244603 -0.019470 0.992204 0.123095 0.281800 0.536204
  18 -9.334405 0.796079 -0.543902 0.102532 0.800105 -0.591033 0.234834 0.561644
female.bmp
  18 -9.372189 1.192815 0.244603 -0.019470 0.992204 0.123095 0.281800 0.536204
  18 -9.314405 1.076079 0.176098 0.093185 0.995539 -0.014801 0.279843 0.565558
  18 -9.334405 0.796079 -0.543902 0.102532 0.800105 -0.591033 0.234834 0.561644
female.bmp
  18 -9.334405 0.796079 -0.543902 0.102532 0.800105 -0.591033 0.234834 0.561644
  18 -9.314405 1.076079 0.176098 0.093185 0.995539 -0.014801 0.279843 0.565558
  18 -8.504404 0.876079 0.336098 0.163167 0.979359 0.119301 0.289628 0.598826
female.bmp
  18 -9.314405 1.076079 0.176098 0.093185 0.995539 -0.014801 0.279843 0.565558
  18 -9.364403 0.596079 1.216098 0.018517 0.509599 0.860213 0.340509 0.565558
  18 -8.504404 0.876079 0.336098 0.163167 0.979359 0.119301 0.289628 0.598826
female.bmp
  18 -8.504404 0.876079 0.336098 0.163167 0.979359 0.119301 0.289628 0.598826
  18 -9.364403 0.596079 1.216098 0.018517 0.509599 0.860213 0.340509 0.565558
  18 -8.644404 0.496079 1.056098 0.124589 0.608633 0.783609 0.342466 0.592955
female.bmp
  18 -9.364403 0.596079 1.216098 0.018517 0.509599 0.860213 0.340509 0.565558
  18 -9.454404 -0.113921 1.246098 -0.020650 0.038126 0.999060 0.381605 0.565558
  18 -8.644404 0.496079 1.056098 0.124589 0.608633 0.783609 0.342466 0.592955
female.bmp
  18 -8.644404 0.496079 1.056098 0.124589 0.608633 0.783609 0.342466 0.592955
  18 -9.454404 -0.113921 1.246098 -0.020650 0.038126 0.999060 0.381605 0.565558
  18 -8.764404 -0.223921 1.276098 -0.026762 0.092069 0.995393 0.381605 0.592955
female.bmp
  18 -9.454404 -0.113921 1.246098 -0.020650 0.038126 0.999060 0.381605 0.565558
  18 -8.904404 -0.943921 1.186098 -0.114566 -0.427338 0.896804 0.432485 0.590998
  18 -8.764404 -0.223921 1.276098 -0.026762 0.092069 0.995393 0.381605 0.592955
female.bmp
  18 -8.764404 -0.223921 1.276098 -0.026762 0.092069 0.995393 0.381605 0.592955
  18 -8.904404 -0.943921 1.186098 -0.114566 -0.427338 0.896804 0.432485 0.590998
  18 -5.424404 -0.693921 1.396096 0.011750 0.111699 0.993673 0.381605 0.727984
female.bmp
  18 -8.904404 -0.943921 1.186098 -0.114566 -0.427338 0.896804 0.432485 0.590998
  18 -5.514404 -1.423921 1.306096 -0.062792 -0.415837 0.907269 0.430528 0.729941
  18 -5.424404 -0.693921 1.396096 0.011750 0.111699 0.993673 0.381605 0.727984
female.bmp
  18 -5.424404 -0.693921 1.396096 0.011750 0.111699 0.993673 0.381605 0.727984
  18 -5.514404 -1.423921 1.306096 -0.062792 -0.415837 0.907269 0.430528 0.729941
  18 -1.634404 -1.243922 1.276094 0.044008 0.077518 0.996019 0.381605 0.855186
female.bmp
  18 -5.514404 -1.423921 1.306096 -0.062792 -0.415837 0.907269 0.430528 0.729941
  18 -1.714404 -1.963922 1.186094 -0.032181 -0.436198 0.899275 0.424658 0.855186
  18 -1.634404 -1.243922 1.276094 0.044008 0.077518 0.996019 0.381605 0.855186
female.bmp
  26 -21.860888 -1.215433 0.219044 0.084470 -0.956931 0.277756 0.636008 0.031311
  26 -20.718822 -0.892819 0.558461 -0.078501 -0.550185 0.831345 0.735812 0.076321
  26 -21.865253 -1.034965 0.428118 -0.082733 -0.472702 0.877330 0.630137 0.050881
female.bmp
  26 -21.865253 -1.034965 0.428118 -0.082733 -0.472702 0.877330 0.630137 0.050881
  26 -20.718822 -0.892819 0.558461 -0.078501 -0.550185 0.831345 0.735812 0.076321
  26 -20.770995 -0.636264 0.636291 -0.150456 0.133328 0.979585 0.727984 0.101761
female.bmp
  26 -20.718822 -0.892819 0.558461 -0.078501 -0.550185 0.831345 0.735812 0.076321
  19 -20.115583 -0.978226 0.573116 -0.056464 -0.400306 0.914640 0.786693 0.080235
  26 -20.770995 -0.636264 0.636291 -0.150456 0.133328 0.979585 0.727984 0.101761
female.bmp
  26 -20.770995 -0.636264 0.636291 -0.150456 0.133328 0.979585 0.727984 0.101761
  19 -20.115583 -0.978226 0.573116 -0.056464 -0.400306 0.914640 0.786693 0.080235
  19 -20.197442 -0.408952 0.631652 -0.064686 -0.016329 0.997772 0.772994 0.127202
female.bmp
  19 -20.115583 -0.978226 0.573116 -0.056464 -0.400306 0.914640 0.786693 0.080235
  19 -19.532999 -0.649855 0.640709 0.041514 -0.146685 0.988312 0.833659 0.113503
  19 -20.197442 -0.408952 0.631652 -0.064686 -0.016329 0.997772 0.772994 0.127202
female.bmp
  19 -20.197442 -0.408952 0.631652 -0.064686 -0.016329 0.997772 0.772994 0.127202
  19 -19.532999 -0.649855 0.640709 0.041514 -0.146685 0.988312 0.833659 0.113503
  19 -20.209888 0.270970 0.638818 -0.102987 0.205351 0.973255 0.765166 0.183953
female.bmp
  19 -19.532999 -0.649855 0.640709 0.041514 -0.146685 0.988312 0.833659 0.113503
  19 -18.482732 0.001639 0.585972 0.132909 0.074102 0.988354 0.915851 0.181996
  19 -20.209888 0.270970 0.638818 -0.102987 0.205351 0.973255 0.765166 0.183953
female.bmp
  19 -20.209888 0.270970 0.638818 -0.102987 0.205351 0.973255 0.765166 0.183953
  19 -18.482732 0.001639 0.585972 0.132909 0.074102 0.988354 0.915851 0.181996
  19 -20.224593 0.818393 0.445138 -0.104177 0.438611 0.892619 0.757339 0.232877
female.bmp
  19 -18.482732 0.001639 0.585972 0.132909 0.074102 0.988354 0.915851 0.181996
  19 -18.729982 0.560844 0.475262 0.115273 0.411461 0.904108 0.884540 0.232877
  19 -20.224593 0.818393 0.445138 -0.104177 0.438611 0.892619 0.757339 0.232877
female.bmp
  19 -20.224593 0.818393 0.445138 -0.104177 0.438611 0.892619 0.757339 0.232877
  19 -18.729982 0.560844 0.475262 0.115273 0.411461 0.904108 0.884540 0.232877
  19 -18.940594 1.067811 0.151645 0.174410 0.709913 0.682353 0.859100 0.270059
female.bmp
  19 -18.729982 0.560844 0.475262 0.115273 0.411461 0.904108 0.884540 0.232877
  19 -18.375843 0.909648 0.091307 0.359133 0.728205 0.583730 0.913894 0.264188
  19 -18.940594 1.067811 0.151645 0.174410 0.709913 0.682353 0.859100 0.270059
female.bmp
  19 -18.940594 1.067811 0.151645 0.174410 0.709913 0.682353 0.859100 0.270059
  19 -18.375843 0.909648 0.091307 0.359133 0.728205 0.583730 0.913894 0.264188
  19 -19.003460 1.409463 -0.347876 0.310511 0.948943 0.055590 0.845401 0.299413
female.bmp
  19 -18.375843 0.909648 0.091307 0.359133 0.728205 0.583730 0.913894 0.264188
  19 -18.325970 1.114463 -0.416299 0.434182 0.898258 -0.067965 0.915851 0.289628
  19 -19.003460 1.409463 -0.347876 0.310511 0.948943 0.055590 0.845401 0.299413
female.bmp
  19 -19.003460 1.409463 -0.347876 0.310511 0.948943 0.055590 0.845401 0.299413
  19 -18.325970 1.114463 -0.416299 0.434182 0.898258 -0.067965 0.915851 0.289628
  19 -18.896110 1.093921 -0.783202 0.223235 0.668297 -0.709609 0.857143 0.326810
female.bmp
  19 -18.325970 1.114463 -0.416299 0.434182 0.898258 -0.067965 0.915851 0.289628
  19 -18.333022 0.907661 -0.762252 0.328619 0.682697 -0.652636 0.921722 0.309198
  19 -18.896110 1.093921 -0.783202 0.223235 0.668297 -0.709609 0.857143 0.326810
female.bmp
  19 -18.896110 1.093921 -0.783202 0.223235 0.668297 -0.709609 0.857143 0.326810
  19 -18.333022 0.907661 -0.762252 0.328619 0.682697 -0.652636 0.921722 0.309198
  19 -18.334115 0.660106 -0.929031 0.249131 0.296337 -0.922019 0.923679 0.322896
female.bmp
  19 -18.333022 0.907661 -0.762252 0.328619 0.682697 -0.652636 0.921722 0.309198
  19 -17.940533 0.718324 -0.711277 -0.608256 0.525202 -0.595136 0.943249 0.301370
  19 -18.334115 0.660106 -0.929031 0.249131 0.296337 -0.922019 0.923679 0.322896
female.bmp
  19 -18.334115 0.660106 -0.929031 0.249131 0.296337 -0.922019 0.923679 0.322896
  19 -17.940533 0.718324 -0.711277 -0.608256 0.525202 -0.595136 0.943249 0.301370
  19 -17.950533 0.407974 -0.870599 -0.657847 0.109741 -0.745114 0.945205 0.315068
female.bmp
  9 22.458257 -1.187609 0.473459 0.082731 -0.472698 0.877332 0.630137 0.050881
  9 21.363997 -0.788907 0.681624 0.150456 0.133330 0.979585 0.727984 0.101761
  9 21.311824 -1.045462 0.603795 0.078501 -0.550183 0.831346 0.735812 0.076321
female.bmp
  9 21.311824 -1.045462 0.603795 0.078501 -0.550183 0.831346 0.735812 0.076321
  9 21.363997 -0.788907 0.681624 0.150456 0.133330 0.979585 0.727984 0.101761
  2 20.713743 -1.129854 0.620354 0.056465 -0.400303 0.914642 0.786693 0.080235
female.bmp
  9 21.363997 -0.788907 0.681624 0.150456 0.133330 0.979585 0.727984 0.101761
  2 20.795295 -0.563415 0.669304 0.064685 -0.016327 0.997772 0.772994 0.127202
  2 20.713743 -1.129854 0.620354 0.056465 -0.400303 0.914642 0.786693 0.080235
female.bmp
  2 20.713743 -1.129854 0.620354 0.056465 -0.400303 0.914642 0.786693 0.080235
  2 20.795295 -0.563415 0.669304 0.064685 -0.016327 0.997772 0.772994 0.127202
  2 20.131062 -0.811071 0.690786 -0.041515 -0.146682 0.988312 0.833659 0.113503
female.bmp
  2 20.795295 -0.563415 0.669304 0.064685 -0.016327 0.997772 0.772994 0.127202
  2 20.808048 0.119342 0.686054 0.102987 0.205353 0.973254 0.765166 0.183953
  2 20.131062 -0.811071 0.690786 -0.041515 -0.146682 0.988312 0.833659 0.113503
female.bmp
  2 20.131062 -0.811071 0.690786 -0.041515 -0.146682 0.988312 0.833659 0.113503
  2 20.808048 0.119342 0.686054 0.102987 0.205353 0.973254 0.765166 0.183953
  2 19.080585 -0.152826 0.623625 -0.132910 0.074104 0.988354 0.915851 0.181996
female.bmp
  2 20.808048 0.119342 0.686054 0.102987 0.205353 0.973254 0.765166 0.183953
  2 20.822752 0.666764 0.492373 0.104177 0.438612 0.892618 0.757339 0.232877
  2 19.080585 -0.152826 0.623625 -0.132910 0.074104 0.988354 0.915851 0.181996
female.bmp
  2 19.080585 -0.152826 0.623625 -0.132910 0.074104 0.988354 0.915851 0.181996
  2 20.822752 0.666764 0.492373 0.104177 0.438612 0.892618 0.757339 0.232877
  2 19.327834 0.406379 0.512913 -0.115273 0.411463 0.904108 0.884540 0.232877
female.bmp
  2 20.822752 0.666764 0.492373 0.104177 0.438612 0.892618 0.757339 0.232877
  2 19.538752 0.916180 0.198880 -0.174410 0.709914 0.682351 0.859100 0.270059
  2 19.327834 0.406379 0.512913 -0.115273 0.411463 0.904108 0.884540 0.232877
female.bmp
  2 19.327834 0.406379 0.512913 -0.115273 0.411463 0.904108 0.884540 0.232877
  2 19.538752 0.916180 0.198880 -0.174410 0.709914 0.682351 0.859100 0.270059
  2 18.974001 0.758017 0.138542 -0.359135 0.728206 0.583728 0.913894 0.264188
female.bmp
  2 19.538752 0.916180 0.198880 -0.174410 0.709914 0.682351 0.859100 0.270059
  2 19.591316 1.255177 -0.309959 -0.310512 0.948943 0.055589 0.845401 0.299413
  2 18.974001 0.758017 0.138542 -0.359135 0.728206 0.583728 0.913894 0.264188
female.bmp
  2 18.974001 0.758017 0.138542 -0.359135 0.728206 0.583728 0.913894 0.264188
  2 19.591316 1.255177 -0.309959 -0.310512 0.948943 0.055589 0.845401 0.299413
  2 18.924128 0.962831 -0.369064 -0.434185 0.898256 -0.067967 0.915851 0.289628
female.bmp
  2 19.591316 1.255177 -0.309959 -0.310512 0.948943 0.055589 0.845401 0.299413
  2 19.494268 0.942289 -0.735967 -0.223235 0.668295 -0.709611 0.857143 0.326810
  2 18.924128 0.962831 -0.369064 -0.434185 0.898256 -0.067967 0.915851 0.289628
female.bmp
  2 18.924128 0.962831 -0.369064 -0.434185 0.898256 -0.067967 0.915851 0.289628
  2 19.494268 0.942289 -0.735967 -0.223235 0.668295 -0.709611 0.857143 0.326810
  2 18.920878 0.753374 -0.724334 -0.328621 0.682695 -0.652637 0.921722 0.309198
female.bmp
  2 19.494268 0.942289 -0.735967 -0.223235 0.668295 -0.709611 0.857143 0.326810
  2 18.932273 0.508473 -0.881794 -0.249133 0.296334 -0.922019 0.923679 0.322896
  2 18.920878 0.753374 -0.724334 -0.328621 0.682695 -0.652637 0.921722 0.309198
female.bmp
  2 18.920878 0.753374 -0.724334 -0.328621 0.682695 -0.652637 0.921722 0.309198
  2 18.932273 0.508473 -0.881794 -0.249133 0.296334 -0.922019 0.923679 0.322896
  2 18.547224 0.567347 -0.673368 0.615261 0.524418 -0.588591 0.943249 0.301370
female.bmp
  2 18.932273 0.508473 -0.881794 -0.249133 0.296334 -0.922019 0.923679 0.322896
  2 18.557224 0.257346 -0.823367 0.665925 0.108884 -0.738030 0.945205 0.315068
  2 18.547224 0.567347 -0.673368 0.615261 0.524418 -0.588591 0.943249 0.301370
female.bmp
  2 17.897226 -1.202651 0.146637 -0.048817 -0.960948 0.272389 0.954990 0.473581
  2 17.907225 -1.202652 -0.143363 -0.070810 -0.971199 -0.227507 0.925636 0.473581
  2 18.247226 -1.102651 0.106636 -0.602976 -0.747649 0.278282 0.947162 0.426614
female.bmp
  2 18.247226 -1.102651 0.106636 -0.602976 -0.747649 0.278282 0.947162 0.426614
  2 17.907225 -1.202652 -0.143363 -0.070810 -0.971199 -0.227507 0.925636 0.473581
  2 18.237225 -1.132652 -0.143363 -0.647722 -0.751357 -0.126173 0.919765 0.424658
female.bmp
  2 17.907225 -1.202652 -0.143363 -0.070810 -0.971199 -0.227507 0.925636 0.473581
  2 18.237225 -0.982653 -0.413364 -0.591308 -0.655984 -0.469084 0.892368 0.424658
  2 18.237225 -1.132652 -0.143363 -0.647722 -0.751357 -0.126173 0.919765 0.424658
female.bmp
  2 18.237225 -1.132652 -0.143363 -0.647722 -0.751357 -0.126173 0.919765 0.424658
  2 18.237225 -0.982653 -0.413364 -0.591308 -0.655984 -0.469084 0.892368 0.424658
  2 18.237225 -1.172652 -0.163363 -0.647722 -0.751357 -0.126173 0.923679 0.420744
female.bmp
  2 18.237225 -0.982653 -0.413364 -0.591308 -0.655984 -0.469084 0.892368 0.424658
  2 18.237225 -1.012653 -0.443364 -0.674398 -0.570117 -0.469206 0.898239 0.420744
  2 18.237225 -1.172652 -0.163363 -0.647722 -0.751357 -0.126173 0.923679 0.420744
female.bmp
  2 18.237225 -1.172652 -0.163363 -0.647722 -0.751357 -0.126173 0.923679 0.420744
  2 18.237225 -1.012653 -0.443364 -0.674398 -0.570117 -0.469206 0.898239 0.420744
  2 18.537225 -1.182652 -0.213364 0.565876 -0.800049 -0.199263 0.925636 0.375734
female.bmp
  2 18.237225 -1.012653 -0.443364 -0.674398 -0.570117 -0.469206 0.898239 0.420744
  2 18.537224 -1.032653 -0.493364 0.524559 -0.639650 -0.561860 0.900196 0.377691
  2 18.537225 -1.182652 -0.213364 0.565876 -0.800049 -0.199263 0.925636 0.375734
female.bmp
  2 18.537225 -1.182652 -0.213364 0.565876 -0.800049 -0.199263 0.925636 0.375734
  2 18.537224 -1.032653 -0.493364 0.524559 -0.639650 -0.561860 0.900196 0.377691
  2 18.557225 -0.972653 -0.423364 0.511888 -0.621753 -0.592785 0.900196 0.369863
female.bmp
  2 18.537224 -1.032653 -0.493364 0.524559 -0.639650 -0.561860 0.900196 0.377691
  2 18.534103 -0.749475 -0.705648 0.544966 -0.438028 -0.714943 0.857143 0.377691
  2 18.557225 -0.972653 -0.423364 0.511888 -0.621753 -0.592785 0.900196 0.369863
female.bmp
  2 18.557225 -0.972653 -0.423364 0.511888 -0.621753 -0.592785 0.900196 0.369863
  2 18.534103 -0.749475 -0.705648 0.544966 -0.438028 -0.714943 0.857143 0.377691
  2 18.556532 -0.701227 -0.647604 0.544966 -0.438028 -0.714943 0.857143 0.369863
female.bmp
  2 18.534103 -0.749475 -0.705648 0.544966 -0.438028 -0.714943 0.857143 0.377691
  2 18.537224 -0.422654 -0.833366 0.523287 -0.194198 -0.829734 0.816047 0.377691
  2 18.556532 -0.701227 -0.647604 0.544966 -0.438028 -0.714943 0.857143 0.369863
female.bmp
  2 18.556532 -0.701227 -0.647604 0.544966 -0.438028 -0.714943 0.857143 0.369863
  2 18.537224 -0.422654 -0.833366 0.523287 -0.194198 -0.829734 0.816047 0.377691
  2 18.557224 -0.382654 -0.793366 0.523287 -0.194198 -0.829734 0.816047 0.369863
female.bmp
  2 18.537224 -0.422654 -0.833366 0.523287 -0.194198 -0.829734 0.816047 0.377691
  2 18.557224 0.257346 -0.883367 0.649556 0.153579 -0.744641 0.710372 0.373777
  2 18.557224 -0.382654 -0.793366 0.523287 -0.194198 -0.829734 0.816047 0.369863
female.bmp
  2 18.557224 -0.382654 -0.793366 0.523287 -0.194198 -0.829734 0.816047 0.369863
  2 18.557224 0.257346 -0.883367 0.649556 0.153579 -0.744641 0.710372 0.373777
  2 18.557224 0.257346 -0.823367 0.665925 0.108884 -0.738030 0.712329 0.365949
female.bmp
  2 18.557224 0.257346 -0.883367 0.649556 0.153579 -0.744641 0.710372 0.373777
  2 18.547224 0.597347 -0.703368 0.662179 0.503161 -0.555291 0.673190 0.373777
  2 18.557224 0.257346 -0.823367 0.665925 0.108884 -0.738030 0.712329 0.365949
female.bmp
  2 18.557224 0.257346 -0.823367 0.665925 0.108884 -0.738030 0.712329 0.365949
  2 18.547224 0.597347 -0.703368 0.662179 0.503161 -0.555291 0.673190 0.373777
  2 18.547224 0.567347 -0.673368 0.615261 0.524418 -0.588591 0.673190 0.363992
female.bmp
  2 18.547224 0.597347 -0.703368 0.662179 0.503161 -0.555291 0.673190 0.373777
  2 18.547225 0.747347 -0.383369 0.674821 0.729607 -0.110862 0.634051 0.363992
  2 18.547224 0.567347 -0.673368 0.615261 0.524418 -0.588591 0.673190 0.363992
female.bmp
  19 -17.940534 0.898935 -0.431672 -0.672651 0.730477 -0.118080 0.634051 0.363992
  19 -17.940533 0.758236 -0.751365 -0.655547 0.504009 -0.562346 0.673190 0.373777
  19 -17.940533 0.718324 -0.711277 -0.608256 0.525202 -0.595136 0.673190 0.363992
female.bmp
  19 -17.940533 0.718324 -0.711277 -0.608256 0.525202 -0.595136 0.673190 0.363992
  19 -17.940533 0.758236 -0.751365 -0.655547 0.504009 -0.562346 0.673190 0.373777
  19 -17.950533 0.407974 -0.870599 -0.657847 0.109741 -0.745114 0.712329 0.365949
female.bmp
  19 -17.940533 0.758236 -0.751365 -0.655547 0.504009 -0.562346 0.673190 0.373777
  19 -17.950533 0.417865 -0.920621 -0.641346 0.154415 -0.751553 0.710372 0.373777
  19 -17.950533 0.407974 -0.870599 -0.657847 0.109741 -0.745114 0.712329 0.365949
female.bmp
  19 -17.950533 0.407974 -0.870599 -0.657847 0.109741 -0.745114 0.712329 0.365949
  19 -17.950533 0.417865 -0.920621 -0.641346 0.154415 -0.751553 0.710372 0.373777
  19 -17.950532 -0.221958 -0.839222 -0.514626 -0.193522 -0.835290 0.816047 0.369863
female.bmp
  19 -17.950533 0.417865 -0.920621 -0.641346 0.154415 -0.751553 0.710372 0.373777
  19 -17.930532 -0.272046 -0.879112 -0.514626 -0.193522 -0.835290 0.816047 0.377691
  19 -17.950532 -0.221958 -0.839222 -0.514626 -0.193522 -0.835290 0.816047 0.369863
female.bmp
  19 -17.950532 -0.221958 -0.839222 -0.514626 -0.193522 -0.835290 0.816047 0.369863
  19 -17.930532 -0.272046 -0.879112 -0.514626 -0.193522 -0.835290 0.816047 0.377691
  19 -17.950532 -0.551652 -0.698501 -0.537840 -0.437327 -0.720745 0.857143 0.369863
female.bmp
  19 -17.930532 -0.272046 -0.879112 -0.514626 -0.193522 -0.835290 0.816047 0.377691
  19 -17.930532 -0.601761 -0.748391 -0.537840 -0.437327 -0.720745 0.857143 0.377691
  19 -17.950532 -0.551652 -0.698501 -0.537840 -0.437327 -0.720745 0.857143 0.369863
female.bmp
  19 -17.950532 -0.551652 -0.698501 -0.537840 -0.437327 -0.720745 0.857143 0.369863
  19 -17.930532 -0.601761 -0.748391 -0.537840 -0.437327 -0.720745 0.857143 0.377691
  19 -17.950533 -0.821170 -0.477911 -0.506316 -0.621094 -0.598236 0.900196 0.369863
female.bmp
  19 -17.930532 -0.601761 -0.748391 -0.537840 -0.437327 -0.720745 0.857143 0.377691
  19 -17.930532 -0.881301 -0.537779 -0.519336 -0.638975 -0.567451 0.900196 0.377691
  19 -17.950533 -0.821170 -0.477911 -0.506316 -0.621094 -0.598236 0.900196 0.369863
female.bmp
  19 -17.950533 -0.821170 -0.477911 -0.506316 -0.621094 -0.598236 0.900196 0.369863
  19 -17.930532 -0.881301 -0.537779 -0.519336 -0.638975 -0.567451 0.900196 0.377691
  19 -17.940533 -1.030688 -0.257452 -0.564740 -0.799319 -0.205323 0.925636 0.375734
female.bmp
  19 -17.930532 -0.881301 -0.537779 -0.519336 -0.638975 -0.567451 0.900196 0.377691
  19 -17.640533 -0.861191 -0.487823 0.678640 -0.570997 -0.461963 0.898239 0.420744
  19 -17.940533 -1.030688 -0.257452 -0.564740 -0.799319 -0.205323 0.925636 0.375734
female.bmp
  19 -17.940533 -1.030688 -0.257452 -0.564740 -0.799319 -0.205323 0.925636 0.375734
  19 -17.640533 -0.861191 -0.487823 0.678640 -0.570997 -0.461963 0.898239 0.420744
  19 -17.640533 -1.020579 -0.207474 0.648070 -0.752189 -0.119231 0.923679 0.420744
female.bmp
  19 -17.640533 -0.861191 -0.487823 0.678640 -0.570997 -0.461963 0.898239 0.420744
  19 -17.630533 -0.831126 -0.457888 0.595440 -0.656757 -0.462733 0.892368 0.424658
  19 -17.640533 -1.020579 -0.207474 0.648070 -0.752189 -0.119231 0.923679 0.420744
female.bmp
  19 -17.640533 -1.020579 -0.207474 0.648070 -0.752189 -0.119231 0.923679 0.420744
  19 -17.630533 -0.831126 -0.457888 0.595440 -0.656757 -0.462733 0.892368 0.424658
  19 -17.640533 -0.980535 -0.187561 0.648070 -0.752189 -0.119231 0.919765 0.424658
female.bmp
  19 -17.630533 -0.831126 -0.457888 0.595440 -0.656757 -0.462733 0.892368 0.424658
  19 -17.310533 -1.050535 -0.187407 0.071988 -0.971290 -0.226745 0.925636 0.473581
  19 -17.640533 -0.980535 -0.187561 0.648070 -0.752189 -0.119231 0.919765 0.424658
female.bmp
  19 -17.640533 -0.980535 -0.187561 0.648070 -0.752189 -0.119231 0.919765 0.424658
  19 -17.310533 -1.050535 -0.187407 0.071988 -0.971290 -0.226745 0.925636 0.473581
  19 -17.650533 -0.949989 0.062373 0.598996 -0.748425 0.284717 0.947162 0.426614
female.bmp
  19 -17.310533 -1.050535 -0.187407 0.071988 -0.971290 -0.226745 0.925636 0.473581
  19 -17.310534 -1.049879 0.112592 0.044656 -0.961009 0.272886 0.954990 0.473581
  19 -17.650533 -0.949989 0.062373 0.598996 -0.748425 0.284717 0.947162 0.426614
female.bmp
  8 25.069904 -0.355123 0.247140 0.787139 -0.576510 0.219201 0.571429 0.277886
  8 25.030185 -0.353827 0.320083 0.330107 -0.553569 0.764585 0.571429 0.295499
  8 24.958742 -0.409325 0.232814 0.179524 -0.952195 0.247175 0.583170 0.317025
female.bmp
  8 24.958742 -0.409325 0.232814 0.179524 -0.952195 0.247175 0.583170 0.317025
  8 25.030185 -0.353827 0.320083 0.330107 -0.553569 0.764585 0.571429 0.295499
  8 24.590276 -0.345002 0.321670 -0.022355 -0.553869 0.832304 0.565558 0.363992
female.bmp
  8 25.030185 -0.353827 0.320083 0.330107 -0.553569 0.764585 0.571429 0.295499
  8 25.081906 -0.273609 0.348192 -0.011038 -0.082417 0.996537 0.557730 0.289628
  8 24.590276 -0.345002 0.321670 -0.022355 -0.553869 0.832304 0.565558 0.363992
female.bmp
  8 24.590276 -0.345002 0.321670 -0.022355 -0.553869 0.832304 0.565558 0.363992
  8 25.081906 -0.273609 0.348192 -0.011038 -0.082417 0.996537 0.557730 0.289628
  8 24.564202 -0.152017 0.338315 -0.076191 -0.159511 0.984252 0.542074 0.367906
female.bmp
  8 25.081906 -0.273609 0.348192 -0.011038 -0.082417 0.996537 0.557730 0.289628
  8 25.113723 -0.182237 0.341958 0.001470 0.261018 0.965333 0.544031 0.283757
  8 24.564202 -0.152017 0.338315 -0.076191 -0.159511 0.984252 0.542074 0.367906
female.bmp
  8 24.564202 -0.152017 0.338315 -0.076191 -0.159511 0.984252 0.542074 0.367906
  8 25.113723 -0.182237 0.341958 0.001470 0.261018 0.965333 0.544031 0.283757
  8 24.564202 -0.152017 0.338315 -0.592500 0.406051 0.695749 0.542074 0.367906
female.bmp
  8 25.113723 -0.182237 0.341958 0.001470 0.261018 0.965333 0.544031 0.283757
  8 25.085006 -0.110504 0.300369 0.024195 0.613686 0.789179 0.530333 0.289628
  8 24.564202 -0.152017 0.338315 -0.592500 0.406051 0.695749 0.542074 0.367906
female.bmp
  8 24.564202 -0.152017 0.338315 -0.592500 0.406051 0.695749 0.542074 0.367906
  8 25.085006 -0.110504 0.300369 0.024195 0.613686 0.789179 0.530333 0.289628
  8 24.564202 -0.152017 0.338315 -0.302379 0.634745 0.711102 0.542074 0.367906
female.bmp
  8 25.085006 -0.110504 0.300369 0.024195 0.613686 0.789179 0.530333 0.289628
  8 24.616471 -0.019192 0.225953 0.039345 0.885721 0.462547 0.516634 0.363992
  8 24.564202 -0.152017 0.338315 -0.302379 0.634745 0.711102 0.542074 0.367906
female.bmp
  8 24.564202 -0.152017 0.338315 -0.302379 0.634745 0.711102 0.542074 0.367906
  8 24.616471 -0.019192 0.225953 0.039345 0.885721 0.462547 0.516634 0.363992
  7 24.163796 -0.157833 0.342798 0.008073 0.256301 0.966563 0.542074 0.420744
female.bmp
  8 24.616471 -0.019192 0.225953 0.039345 0.885721 0.462547 0.516634 0.363992
  7 24.169558 -0.007674 0.215443 0.029936 0.866281 0.498659 0.518591 0.422701
  7 24.163796 -0.157833 0.342798 0.008073 0.256301 0.966563 0.542074 0.420744
female.bmp
  7 24.163796 -0.157833 0.342798 0.008073 0.256301 0.966563 0.542074 0.420744
  7 24.169558 -0.007674 0.215443 0.029936 0.866281 0.498659 0.518591 0.422701
  7 23.024023 -0.098195 0.330141 0.091065 0.309716 0.946458 0.540117 0.551859
female.bmp
  7 24.169558 -0.007674 0.215443 0.029936 0.866281 0.498659 0.518591 0.422701
  7 23.019299 0.045275 0.214841 0.114427 0.869971 0.479643 0.518591 0.551859
  7 23.024023 -0.098195 0.330141 0.091065 0.309716 0.946458 0.540117 0.551859
female.bmp
  7 23.024023 -0.098195 0.330141 0.091065 0.309716 0.946458 0.540117 0.551859
  7 23.019299 0.045275 0.214841 0.114427 0.869971 0.479643 0.518591 0.551859
  6 22.877815 -0.107138 0.360400 0.188156 0.275256 0.942779 0.540117 0.567515
female.bmp
  7 23.019299 0.045275 0.214841 0.114427 0.869971 0.479643 0.518591 0.551859
  6 22.881950 0.058264 0.249382 0.191774 0.833176 0.518691 0.516634 0.569472
  6 22.877815 -0.107138 0.360400 0.188156 0.275256 0.942779 0.540117 0.567515
female.bmp
  2 17.847225 0.767348 -0.383367 -0.221738 0.965417 -0.137119 0.714286 0.909980
  2 17.867226 0.657349 0.096633 -0.117050 0.890742 0.439179 0.749511 0.909980
  2 18.227225 0.747347 -0.413368 -0.660638 0.746395 -0.080317 0.720157 0.857143
female.bmp
  2 18.227225 0.747347 -0.413368 -0.660638 0.746395 -0.080317 0.720157 0.857143
  2 17.867226 0.657349 0.096633 -0.117050 0.890742 0.439179 0.749511 0.909980
  2 18.257226 0.587349 0.106632 -0.600761 0.669448 0.436949 0.765166 0.859100
female.bmp
  2 17.867226 0.657349 0.096633 -0.117050 0.890742 0.439179 0.749511 0.909980
  2 17.887227 0.267350 0.566634 -0.027535 0.514428 0.857092 0.798434 0.908023
  2 18.257226 0.587349 0.106632 -0.600761 0.669448 0.436949 0.765166 0.859100
female.bmp
  2 18.257226 0.587349 0.106632 -0.600761 0.669448 0.436949 0.765166 0.859100
  2 17.887227 0.267350 0.566634 -0.027535 0.514428 0.857092 0.798434 0.908023
  2 18.277226 0.217350 0.446633 -0.541052 0.399169 0.740220 0.806262 0.859100
female.bmp
  2 17.887227 0.267350 0.566634 -0.027535 0.514428 0.857092 0.798434 0.908023
  2 17.897227 -0.282650 0.706635 -0.053634 0.024428 0.998262 0.864971 0.908023
  2 18.277226 0.217350 0.446633 -0.541052 0.399169 0.740220 0.806262 0.859100
female.bmp
  2 18.277226 0.217350 0.446633 -0.541052 0.399169 0.740220 0.806262 0.859100
  2 17.897227 -0.282650 0.706635 -0.053634 0.024428 0.998262 0.864971 0.908023
  2 18.277227 -0.292650 0.606634 -0.584424 0.046725 0.810102 0.864971 0.861057
female.bmp
  2 17.897227 -0.282650 0.706635 -0.053634 0.024428 0.998262 0.864971 0.908023
  2 17.907226 -0.952650 0.566637 -0.027726 -0.593098 0.804652 0.945205 0.908023
  2 18.277227 -0.292650 0.606634 -0.584424 0.046725 0.810102 0.864971 0.861057
female.bmp
  2 18.277227 -0.292650 0.606634 -0.584424 0.046725 0.810102 0.864971 0.861057
  2 17.907226 -0.952650 0.566637 -0.027726 -0.593098 0.804652 0.945205 0.908023
  2 18.267226 -0.892650 0.456636 -0.603509 -0.469113 0.644756 0.941292 0.863014
female.bmp
  2 17.907226 -0.952650 0.566637 -0.027726 -0.593098 0.804652 0.945205 0.908023
  2 18.247226 -1.102651 0.106636 -0.602976 -0.747649 0.278282 0.976517 0.863014
  2 18.267226 -0.892650 0.456636 -0.603509 -0.469113 0.644756 0.941292 0.863014
female.bmp
  2 18.267226 -0.892650 0.456636 -0.603509 -0.469113 0.644756 0.941292 0.863014
  2 18.247226 -1.102651 0.106636 -0.602976 -0.747649 0.278282 0.976517 0.863014
  2 18.277226 -0.912650 0.516636 -0.529831 -0.487918 0.693697 0.941292 0.859100
female.bmp
  2 18.247226 -1.102651 0.106636 -0.602976 -0.747649 0.278282 0.976517 0.863014
  2 18.257226 -1.162651 0.106637 -0.602976 -0.747649 0.278282 0.984344 0.859100
  2 18.277226 -0.912650 0.516636 -0.529831 -0.487918 0.693697 0.941292 0.859100
female.bmp
  2 18.277226 -0.912650 0.516636 -0.529831 -0.487918 0.693697 0.941292 0.859100
  2 18.257226 -1.162651 0.106637 -0.602976 -0.747649 0.278282 0.984344 0.859100
  2 18.567226 -0.882650 0.506635 0.645192 -0.437712 0.626208 0.937378 0.821918
female.bmp
  2 18.257226 -1.162651 0.106637 -0.602976 -0.747649 0.278282 0.984344 0.859100
  2 18.547225 -1.162651 0.056636 0.664808 -0.723051 0.187692 0.984344 0.821918
  2 18.567226 -0.882650 0.506635 0.645192 -0.437712 0.626208 0.937378 0.821918
female.bmp
  2 18.567226 -0.882650 0.506635 0.645192 -0.437712 0.626208 0.937378 0.821918
  2 18.547225 -1.162651 0.056636 0.664808 -0.723051 0.187692 0.984344 0.821918
  2 18.567226 -0.852651 0.436635 0.732850 -0.387519 0.559250 0.937378 0.816047
female.bmp
  2 18.547225 -1.162651 0.056636 0.664808 -0.723051 0.187692 0.984344 0.821918
  2 18.557225 -1.072652 0.046636 0.603841 -0.758225 0.245908 0.982387 0.816047
  2 18.567226 -0.852651 0.436635 0.732850 -0.387519 0.559250 0.937378 0.816047
female.bmp
  23 -22.290201 0.209693 0.198556 -0.191775 0.833175 0.518693 0.516634 0.569472
  24 -22.421168 0.201023 0.168059 -0.114428 0.869970 0.479644 0.518591 0.551859
  23 -22.275981 0.047615 0.319504 -0.188158 0.275253 0.942779 0.540117 0.567515
female.bmp
  23 -22.275981 0.047615 0.319504 -0.188158 0.275253 0.942779 0.540117 0.567515
  24 -22.421168 0.201023 0.168059 -0.114428 0.869970 0.479644 0.518591 0.551859
  24 -22.425892 0.057578 0.283390 -0.091066 0.309714 0.946459 0.540117 0.551859
female.bmp
  24 -22.421168 0.201023 0.168059 -0.114428 0.869970 0.479644 0.518591 0.551859
  24 -23.571117 0.150897 0.178266 -0.029936 0.866280 0.498661 0.518591 0.422701
  24 -22.425892 0.057578 0.283390 -0.091066 0.309714 0.946459 0.540117 0.551859
female.bmp
  24 -22.425892 0.057578 0.283390 -0.091066 0.309714 0.946459 0.540117 0.551859
  24 -23.571117 0.150897 0.178266 -0.029936 0.866280 0.498661 0.518591 0.422701
  24 -23.565665 -0.002054 0.296064 -0.008073 0.256298 0.966564 0.542074 0.420744
female.bmp
  24 -23.571117 0.150897 0.178266 -0.029936 0.866280 0.498661 0.518591 0.422701
  25 -24.019076 0.130659 0.186736 -0.039345 0.885720 0.462549 0.516634 0.363992
  24 -23.565665 -0.002054 0.296064 -0.008073 0.256298 0.966564 0.542074 0.420744
female.bmp
  24 -23.565665 -0.002054 0.296064 -0.008073 0.256298 0.966564 0.542074 0.420744
  25 -24.019076 0.130659 0.186736 -0.039345 0.885720 0.462549 0.516634 0.363992
  25 -23.968055 -0.005410 0.289605 0.032350 0.828283 0.559375 0.542074 0.367906
female.bmp
  25 -24.019076 0.130659 0.186736 -0.039345 0.885720 0.462549 0.516634 0.363992
  25 -24.488606 0.052700 0.257193 -0.024196 0.613685 0.789180 0.530333 0.289628
  25 -23.968055 -0.005410 0.289605 0.032350 0.828283 0.559375 0.542074 0.367906
female.bmp
  25 -23.968055 -0.005410 0.289605 0.032350 0.828283 0.559375 0.542074 0.367906
  25 -24.488606 0.052700 0.257193 -0.024196 0.613685 0.789180 0.530333 0.289628
  25 -23.968055 -0.005410 0.289605 0.829928 -0.023646 0.557369 0.542074 0.367906
female.bmp
  25 -24.488606 0.052700 0.257193 -0.024196 0.613685 0.789180 0.530333 0.289628
  25 -24.517999 -0.018807 0.298699 -0.001470 0.261016 0.965333 0.544031 0.283757
  25 -23.968055 -0.005410 0.289605 0.829928 -0.023646 0.557369 0.542074 0.367906
female.bmp
  25 -23.968055 -0.005410 0.289605 0.829928 -0.023646 0.557369 0.542074 0.367906
  25 -24.517999 -0.018807 0.298699 -0.001470 0.261016 0.965333 0.544031 0.283757
  25 -23.968055 -0.005410 0.289605 0.016940 -0.510156 0.859915 0.542074 0.367906
female.bmp
  25 -24.517999 -0.018807 0.298699 -0.001470 0.261016 0.965333 0.544031 0.283757
  25 -24.486742 -0.122840 0.298210 0.011037 -0.082419 0.996537 0.557730 0.289628
  25 -23.968055 -0.005410 0.289605 0.016940 -0.510156 0.859915 0.542074 0.367906
female.bmp
  25 -23.968055 -0.005410 0.289605 0.016940 -0.510156 0.859915 0.542074 0.367906
  25 -24.486742 -0.122840 0.298210 0.011037 -0.082419 0.996537 0.557730 0.289628
  25 -23.995738 -0.188581 0.270051 0.022355 -0.553872 0.832302 0.565558 0.363992
female.bmp
  25 -24.486742 -0.122840 0.298210 0.011037 -0.082419 0.996537 0.557730 0.289628
  25 -24.435790 -0.191059 0.276996 -0.330106 -0.553571 0.764585 0.571429 0.295499
  25 -23.995738 -0.188581 0.270051 0.022355 -0.553872 0.832302 0.565558 0.363992
female.bmp
  25 -23.995738 -0.188581 0.270051 0.022355 -0.553872 0.832302 0.565558 0.363992
  25 -24.435790 -0.191059 0.276996 -0.330106 -0.553571 0.764585 0.571429 0.295499
  25 -24.364493 -0.249927 0.180294 -0.179524 -0.952196 0.247173 0.583170 0.317025
female.bmp
  25 -24.435790 -0.191059 0.276996 -0.330106 -0.553571 0.764585 0.571429 0.295499
  25 -24.475243 -0.201621 0.206769 -0.787139 -0.576509 0.219200 0.571429 0.277886
  25 -24.364493 -0.249927 0.180294 -0.179524 -0.952196 0.247173 0.583170 0.317025
female.bmp
  19 -17.960533 -0.920120 0.002307 -0.607422 -0.757442 0.239416 0.982387 0.816047
  19 -17.960533 -1.010120 0.002504 -0.667714 -0.722191 0.180550 0.984344 0.821918
  19 -17.980534 -0.689268 0.391803 -0.739308 -0.386566 0.551353 0.937378 0.816047
female.bmp
  19 -17.980534 -0.689268 0.391803 -0.739308 -0.386566 0.551353 0.937378 0.816047
  19 -17.960533 -1.010120 0.002504 -0.667714 -0.722191 0.180550 0.984344 0.821918
  19 -17.980534 -0.729115 0.461890 -0.652435 -0.436873 0.619250 0.937378 0.821918
female.bmp
  19 -17.960533 -1.010120 0.002504 -0.667714 -0.722191 0.180550 0.984344 0.821918
  19 -17.660533 -1.009988 0.062504 0.598996 -0.748425 0.284717 0.984344 0.859100
  19 -17.980534 -0.729115 0.461890 -0.652435 -0.436873 0.619250 0.937378 0.821918
female.bmp
  19 -17.980534 -0.729115 0.461890 -0.652435 -0.436873 0.619250 0.937378 0.821918
  19 -17.660533 -1.009988 0.062504 0.598996 -0.748425 0.284717 0.984344 0.859100
  19 -17.690534 -0.759093 0.471956 0.521742 -0.488597 0.699327 0.941292 0.859100
female.bmp
  19 -17.660533 -1.009988 0.062504 0.598996 -0.748425 0.284717 0.984344 0.859100
  19 -17.650533 -0.949989 0.062373 0.598996 -0.748425 0.284717 0.976517 0.863014
  19 -17.690534 -0.759093 0.471956 0.521742 -0.488597 0.699327 0.941292 0.859100
female.bmp
  19 -17.690534 -0.759093 0.471956 0.521742 -0.488597 0.699327 0.941292 0.859100
  19 -17.650533 -0.949989 0.062373 0.598996 -0.748425 0.284717 0.976517 0.863014
  19 -17.670534 -0.739202 0.421913 0.595966 -0.469885 0.651178 0.941292 0.863014
female.bmp
  19 -17.650533 -0.949989 0.062373 0.598996 -0.748425 0.284717 0.976517 0.863014
  19 -17.320534 -0.798961 0.532044 0.018336 -0.593131 0.804897 0.945205 0.908023
  19 -17.670534 -0.739202 0.421913 0.595966 -0.469885 0.651178 0.941292 0.863014
female.bmp
  19 -17.670534 -0.739202 0.421913 0.595966 -0.469885 0.651178 0.941292 0.863014
  19 -17.320534 -0.798961 0.532044 0.018336 -0.593131 0.804897 0.945205 0.908023
  19 -17.690535 -0.138897 0.560600 0.575741 0.045971 0.816339 0.864971 0.861057
female.bmp
  19 -17.320534 -0.798961 0.532044 0.018336 -0.593131 0.804897 0.945205 0.908023
  19 -17.300535 -0.128678 0.660579 0.042963 0.024362 0.998780 0.864971 0.908023
  19 -17.690535 -0.138897 0.560600 0.575741 0.045971 0.816339 0.864971 0.861057
female.bmp
  19 -17.690535 -0.138897 0.560600 0.575741 0.045971 0.816339 0.864971 0.861057
  19 -17.300535 -0.128678 0.660579 0.042963 0.024362 0.998780 0.864971 0.908023
  19 -17.690535 0.370752 0.399486 0.533599 0.398475 0.745983 0.806262 0.859100
female.bmp
  19 -17.300535 -0.128678 0.660579 0.042963 0.024362 0.998780 0.864971 0.908023
  19 -17.300535 0.421036 0.529377 0.019014 0.514395 0.857343 0.798434 0.908023
  19 -17.690535 0.370752 0.399486 0.533599 0.398475 0.745983 0.806262 0.859100
female.bmp
  19 -17.690535 0.370752 0.399486 0.533599 0.398475 0.745983 0.806262 0.859100
  19 -17.300535 0.421036 0.529377 0.019014 0.514395 0.857343 0.798434 0.908023
  19 -17.660535 0.740007 0.058678 0.596923 0.668665 0.443362 0.765166 0.859100
female.bmp
  19 -17.300535 0.421036 0.529377 0.019014 0.514395 0.857343 0.798434 0.908023
  19 -17.270535 0.810007 0.058525 0.113488 0.890592 0.440416 0.749511 0.909980
  19 -17.660535 0.740007 0.058678 0.596923 0.668665 0.443362 0.765166 0.859100
female.bmp
  19 -17.660535 0.740007 0.058678 0.596923 0.668665 0.443362 0.765166 0.859100
  19 -17.270535 0.810007 0.058525 0.113488 0.890592 0.440416 0.749511 0.909980
  19 -17.630534 0.908870 -0.461693 0.662427 0.745540 -0.073224 0.720157 0.857143
female.bmp
  19 -17.270535 0.810007 0.058525 0.113488 0.890592 0.440416 0.749511 0.909980
  19 -17.240534 0.918958 -0.421714 0.224441 0.965130 -0.134725 0.714286 0.909980
  19 -17.630534 0.908870 -0.461693 0.662427 0.745540 -0.073224 0.720157 0.857143
female.bmp
  15 19.654719 -1.926012 -0.833872 -0.457343 -0.251769 -0.852907 0.890411 0.798434
  15 19.412577 -1.371059 -0.809497 -0.497159 -0.075782 -0.864344 0.896282 0.755382
  15 20.304743 -1.691854 -0.839987 0.324976 0.043282 -0.944731 0.833659 0.798434
female.bmp
  15 20.304743 -1.691854 -0.839987 0.324976 0.043282 -0.944731 0.833659 0.798434
  15 19.412577 -1.371059 -0.809497 -0.497159 -0.075782 -0.864344 0.896282 0.755382
  2 20.497784 -0.897836 -0.505536 0.427622 0.050146 -0.902565 0.819961 0.727984
female.bmp
  15 19.412577 -1.371059 -0.809497 -0.497159 -0.075782 -0.864344 0.896282 0.755382
  15 19.279874 -0.773630 -0.689628 -0.356856 -0.128526 -0.925275 0.900196 0.694716
  2 20.497784 -0.897836 -0.505536 0.427622 0.050146 -0.902565 0.819961 0.727984
female.bmp
  2 20.497784 -0.897836 -0.505536 0.427622 0.050146 -0.902565 0.819961 0.727984
  15 19.279874 -0.773630 -0.689628 -0.356856 -0.128526 -0.925275 0.900196 0.694716
  2 20.171459 -0.080391 -0.538635 0.300604 -0.235277 -0.924274 0.833659 0.649706
female.bmp
  15 19.279874 -0.773630 -0.689628 -0.356856 -0.128526 -0.925275 0.900196 0.694716
  2 19.442707 -0.116950 -0.827919 0.190778 -0.178491 -0.965269 0.896282 0.639922
  2 20.171459 -0.080391 -0.538635 0.300604 -0.235277 -0.924274 0.833659 0.649706
female.bmp
  2 20.171459 -0.080391 -0.538635 0.300604 -0.235277 -0.924274 0.833659 0.649706
  2 19.442707 -0.116950 -0.827919 0.190778 -0.178491 -0.965269 0.896282 0.639922
  2 19.979303 0.249856 -0.838823 0.246061 -0.355789 -0.901592 0.843444 0.618395
female.bmp
  2 19.442707 -0.116950 -0.827919 0.190778 -0.178491 -0.965269 0.896282 0.639922
  2 19.410766 0.540345 -0.969138 -0.052870 0.160760 -0.985576 0.884540 0.573386
  2 19.979303 0.249856 -0.838823 0.246061 -0.355789 -0.901592 0.843444 0.618395
female.bmp
  2 19.979303 0.249856 -0.838823 0.246061 -0.355789 -0.901592 0.843444 0.618395
  2 19.410766 0.540345 -0.969138 -0.052870 0.160760 -0.985576 0.884540 0.573386
  2 19.692123 0.601334 -0.964885 0.026270 0.119769 -0.992454 0.857143 0.573386
female.bmp
  2 19.410766 0.540345 -0.969138 -0.052870 0.160760 -0.985576 0.884540 0.573386
  2 19.494268 0.942289 -0.735967 -0.223235 0.668295 -0.709611 0.868885 0.532290
  2 19.692123 0.601334 -0.964885 0.026270 0.119769 -0.992454 0.857143 0.573386
female.bmp
  2 19.692123 0.601334 -0.964885 0.026270 0.119769 -0.992454 0.857143 0.573386
  2 19.494268 0.942289 -0.735967 -0.223235 0.668295 -0.709611 0.868885 0.532290
  2 20.565477 1.069669 -0.797502 0.020189 0.181446 -0.983194 0.774951 0.549902
female.bmp
  2 19.494268 0.942289 -0.735967 -0.223235 0.668295 -0.709611 0.868885 0.532290
  2 20.567890 1.471302 -0.603376 -0.201976 0.838303 -0.506413 0.769080 0.508806
  2 20.565477 1.069669 -0.797502 0.020189 0.181446 -0.983194 0.774951 0.549902
female.bmp
  2 20.565477 1.069669 -0.797502 0.020189 0.181446 -0.983194 0.774951 0.549902
  2 20.567890 1.471302 -0.603376 -0.201976 0.838303 -0.506413 0.769080 0.508806
  12 20.969366 1.312596 -0.776232 -0.031865 0.316437 -0.948078 0.737769 0.536204
female.bmp
  2 20.567890 1.471302 -0.603376 -0.201976 0.838303 -0.506413 0.769080 0.508806
  12 20.942230 1.571410 -0.484207 -0.217179 0.926616 -0.306948 0.733855 0.495108
  12 20.969366 1.312596 -0.776232 -0.031865 0.316437 -0.948078 0.737769 0.536204
female.bmp
  12 20.969366 1.312596 -0.776232 -0.031865 0.316437 -0.948078 0.737769 0.536204
  12 20.942230 1.571410 -0.484207 -0.217179 0.926616 -0.306948 0.733855 0.495108
  12 21.808500 1.806404 -0.523631 0.209267 0.867760 -0.450777 0.657534 0.487280
female.bmp
  31 -22.897545 2.320547 -0.448950 -0.934550 -0.251779 0.251442 0.571429 0.277886
  31 -22.836132 2.442434 -0.401285 -0.705624 0.490898 0.510993 0.544031 0.273973
  31 -22.896686 2.445886 -0.497832 -0.911401 0.410349 -0.031000 0.544031 0.266145
female.bmp
  31 -22.896686 2.445886 -0.497832 -0.911401 0.410349 -0.031000 0.544031 0.266145
  31 -22.836132 2.442434 -0.401285 -0.705624 0.490898 0.510993 0.544031 0.273973
  31 -22.824570 2.515751 -0.528135 -0.476829 0.849692 -0.225073 0.522505 0.272016
female.bmp
  31 -22.836132 2.442434 -0.401285 -0.705624 0.490898 0.510993 0.544031 0.273973
  31 -22.754357 2.520621 -0.465314 0.071725 0.938959 0.336470 0.518591 0.295499
  31 -22.824570 2.515751 -0.528135 -0.476829 0.849692 -0.225073 0.522505 0.272016
female.bmp
  31 -22.824570 2.515751 -0.528135 -0.476829 0.849692 -0.225073 0.522505 0.272016
  31 -22.754357 2.520621 -0.465314 0.071725 0.938959 0.336470 0.518591 0.295499
  31 -22.721503 2.517252 -0.536793 0.144571 0.935938 -0.321121 0.504892 0.313112
female.bmp
  31 -22.754357 2.520621 -0.465314 0.071725 0.938959 0.336470 0.518591 0.295499
  31 -22.450422 2.412607 -0.446434 0.290218 0.868331 0.402214 0.516634 0.363992
  31 -22.721503 2.517252 -0.536793 0.144571 0.935938 -0.321121 0.504892 0.313112
female.bmp
  31 -22.721503 2.517252 -0.536793 0.144571 0.935938 -0.321121 0.504892 0.313112
  31 -22.450422 2.412607 -0.446434 0.290218 0.868331 0.402214 0.516634 0.363992
  30 -22.084394 2.286556 -0.516680 0.347812 0.895158 -0.278781 0.504892 0.432485
female.bmp
  31 -22.450422 2.412607 -0.446434 0.290218 0.868331 0.402214 0.516634 0.363992
  30 -22.143158 2.284939 -0.389620 0.281678 0.815417 0.505720 0.518591 0.422701
  30 -22.084394 2.286556 -0.516680 0.347812 0.895158 -0.278781 0.504892 0.432485
female.bmp
  30 -22.084394 2.286556 -0.516680 0.347812 0.895158 -0.278781 0.504892 0.432485
  30 -22.143158 2.284939 -0.389620 0.281678 0.815417 0.505720 0.518591 0.422701
  29 -21.370412 1.992910 -0.377909 0.290776 0.851320 0.436696 0.518591 0.551859
female.bmp
  30 -22.143158 2.284939 -0.389620 0.281678 0.815417 0.505720 0.518591 0.422701
  29 -21.458113 1.856274 -0.284962 0.118390 0.281674 0.952178 0.540117 0.551859
  29 -21.370412 1.992910 -0.377909 0.290776 0.851320 0.436696 0.518591 0.551859
female.bmp
  29 -21.370412 1.992910 -0.377909 0.290776 0.851320 0.436696 0.518591 0.551859
  29 -21.458113 1.856274 -0.284962 0.118390 0.281674 0.952178 0.540117 0.551859
  29 -21.378422 1.813370 -0.287901 0.118390 0.281674 0.952178 0.540117 0.567515
female.bmp
  29 -21.458113 1.856274 -0.284962 0.118390 0.281674 0.952178 0.540117 0.551859
  29 -21.495573 1.717847 -0.266664 -0.220064 -0.197855 0.955210 0.565558 0.551859
  29 -21.378422 1.813370 -0.287901 0.118390 0.281674 0.952178 0.540117 0.567515
female.bmp
  29 -21.378422 1.813370 -0.287901 0.118390 0.281674 0.952178 0.540117 0.567515
  29 -21.495573 1.717847 -0.266664 -0.220064 -0.197855 0.955210 0.565558 0.551859
  29 -21.432714 1.689076 -0.251801 -0.321461 -0.138999 0.936665 0.567515 0.565558
female.bmp
  29 -21.495573 1.717847 -0.266664 -0.220064 -0.197855 0.955210 0.565558 0.551859
  29 -21.522004 1.555848 -0.387733 -0.482901 -0.819515 0.308549 0.590998 0.559687
  29 -21.432714 1.689076 -0.251801 -0.321461 -0.138999 0.936665 0.567515 0.565558
female.bmp
  29 -21.432714 1.689076 -0.251801 -0.321461 -0.138999 0.936665 0.567515 0.565558
  29 -21.522004 1.555848 -0.387733 -0.482901 -0.819515 0.308549 0.590998 0.559687
  29 -21.464153 1.515932 -0.379990 -0.536936 -0.800873 0.265145 0.590998 0.571429
female.bmp
  33 -20.030543 -2.835275 -0.719874 -0.541455 -0.053482 -0.839027 0.712329 0.980431
  34 -20.123037 -2.997082 -0.643067 -0.857109 0.060432 -0.511578 0.700587 0.951076
  33 -20.146267 -2.824756 -0.527267 -0.985067 0.041881 -0.166999 0.694716 0.984344
female.bmp
  33 -20.146267 -2.824756 -0.527267 -0.985067 0.041881 -0.166999 0.694716 0.984344
  34 -20.123037 -2.997082 -0.643067 -0.857109 0.060432 -0.511578 0.700587 0.951076
  34 -20.135924 -3.034817 -0.396065 -0.968091 0.008463 0.250454 0.681018 0.964775
female.bmp
  34 -20.123037 -2.997082 -0.643067 -0.857109 0.060432 -0.511578 0.700587 0.951076
  34 -20.172182 -3.499627 -0.402166 -0.981198 0.002361 0.192990 0.659491 0.908023
  34 -20.135924 -3.034817 -0.396065 -0.968091 0.008463 0.250454 0.681018 0.964775
female.bmp
  34 -20.135924 -3.034817 -0.396065 -0.968091 0.008463 0.250454 0.681018 0.964775
  34 -20.172182 -3.499627 -0.402166 -0.981198 0.002361 0.192990 0.659491 0.908023
  34 -20.091281 -3.423643 -0.246662 -0.572745 -0.037076 0.818895 0.647750 0.921722
female.bmp
  34 -20.172182 -3.499627 -0.402166 -0.981198 0.002361 0.192990 0.659491 0.908023
  34 -20.124374 -3.973907 -0.317475 -0.804178 -0.413008 0.427460 0.636008 0.878669
  34 -20.091281 -3.423643 -0.246662 -0.572745 -0.037076 0.818895 0.647750 0.921722
female.bmp
  34 -20.091281 -3.423643 -0.246662 -0.572745 -0.037076 0.818895 0.647750 0.921722
  34 -20.124374 -3.973907 -0.317475 -0.804178 -0.413008 0.427460 0.636008 0.878669
  34 -20.014255 -3.998240 -0.249051 -0.078388 -0.504232 0.860003 0.618395 0.878669
female.bmp
  34 -20.124374 -3.973907 -0.317475 -0.804178 -0.413008 0.427460 0.636008 0.878669
  34 -19.904802 -4.102517 -0.396517 0.008929 -0.995480 0.094555 0.602740 0.864971
  34 -20.014255 -3.998240 -0.249051 -0.078388 -0.504232 0.860003 0.618395 0.878669
female.bmp
  34 -20.014255 -3.998240 -0.249051 -0.078388 -0.504232 0.860003 0.618395 0.878669
  34 -19.904802 -4.102517 -0.396517 0.008929 -0.995480 0.094555 0.602740 0.864971
  34 -19.867769 -4.087771 -0.363183 0.529808 -0.713387 0.458674 0.602740 0.870841
female.bmp
  34 -19.904802 -4.102517 -0.396517 0.008929 -0.995480 0.094555 0.602740 0.864971
  34 -19.802596 -4.020941 -0.564146 0.745221 -0.591090 -0.308640 0.581213 0.880626
  34 -19.867769 -4.087771 -0.363183 0.529808 -0.713387 0.458674 0.602740 0.870841
female.bmp
  34 -19.867769 -4.087771 -0.363183 0.529808 -0.713387 0.458674 0.602740 0.870841
  34 -19.802596 -4.020941 -0.564146 0.745221 -0.591090 -0.308640 0.581213 0.880626
  34 -19.751396 -3.530409 -0.361029 0.749334 -0.381767 0.541065 0.600783 0.921722
female.bmp
  34 -19.802596 -4.020941 -0.564146 0.745221 -0.591090 -0.308640 0.581213 0.880626
  34 -19.685389 -3.494772 -0.567119 0.942186 -0.291518 -0.165234 0.581213 0.925636
  34 -19.751396 -3.530409 -0.361029 0.749334 -0.381767 0.541065 0.600783 0.921722
female.bmp
  34 -19.751396 -3.530409 -0.361029 0.749334 -0.381767 0.541065 0.600783 0.921722
  34 -19.685389 -3.494772 -0.567119 0.942186 -0.291518 -0.165234 0.581213 0.925636
  34 -19.714799 -3.479594 -0.352166 0.730252 -0.473355 0.492612 0.600783 0.929550
female.bmp
  34 -19.685389 -3.494772 -0.567119 0.942186 -0.291518 -0.165234 0.581213 0.925636
  34 -19.513661 -3.036339 -0.519702 0.939573 -0.313529 -0.137486 0.577299 0.980431
  34 -19.714799 -3.479594 -0.352166 0.730252 -0.473355 0.492612 0.600783 0.929550
female.bmp
  34 -19.714799 -3.479594 -0.352166 0.730252 -0.473355 0.492612 0.600783 0.929550
  34 -19.513661 -3.036339 -0.519702 0.939573 -0.313529 -0.137486 0.577299 0.980431
  34 -19.565247 -3.026434 -0.295781 0.839456 -0.315329 0.442585 0.602740 0.982387
female.bmp
  26 -21.839626 -1.184771 -0.056651 0.058624 -0.798495 -0.599141 0.645793 0.013699
  26 -20.847299 -1.130054 0.203336 -0.064698 -0.962082 0.264977 0.727984 0.052838
  26 -21.860888 -1.215433 0.219044 0.084470 -0.956931 0.277756 0.636008 0.031311
female.bmp
  26 -21.860888 -1.215433 0.219044 0.084470 -0.956931 0.277756 0.636008 0.031311
  26 -20.847299 -1.130054 0.203336 -0.064698 -0.962082 0.264977 0.727984 0.052838
  26 -20.718822 -0.892819 0.558461 -0.078501 -0.550185 0.831345 0.735812 0.076321
female.bmp
  26 -20.847299 -1.130054 0.203336 -0.064698 -0.962082 0.264977 0.727984 0.052838
  26 -20.496443 -1.194253 0.256989 -0.282058 -0.881568 0.378526 0.765166 0.052838
  26 -20.718822 -0.892819 0.558461 -0.078501 -0.550185 0.831345 0.735812 0.076321
female.bmp
  26 -20.718822 -0.892819 0.558461 -0.078501 -0.550185 0.831345 0.735812 0.076321
  26 -20.496443 -1.194253 0.256989 -0.282058 -0.881568 0.378526 0.765166 0.052838
  19 -20.115583 -0.978226 0.573116 -0.056464 -0.400306 0.914640 0.786693 0.080235
female.bmp
  26 -20.496443 -1.194253 0.256989 -0.282058 -0.881568 0.378526 0.765166 0.052838
  32 -20.082637 -1.287172 0.103763 -0.680030 -0.371097 0.632334 0.814090 0.039139
  19 -20.115583 -0.978226 0.573116 -0.056464 -0.400306 0.914640 0.786693 0.080235
female.bmp
  19 -20.115583 -0.978226 0.573116 -0.056464 -0.400306 0.914640 0.786693 0.080235
  32 -20.082637 -1.287172 0.103763 -0.680030 -0.371097 0.632334 0.814090 0.039139
  19 -19.532999 -0.649855 0.640709 0.041514 -0.146685 0.988312 0.833659 0.113503
female.bmp
  32 -20.082637 -1.287172 0.103763 -0.680030 -0.371097 0.632334 0.814090 0.039139
  32 -19.754611 -1.333384 0.341803 -0.359194 -0.218181 0.907401 0.847358 0.046967
  19 -19.532999 -0.649855 0.640709 0.041514 -0.146685 0.988312 0.833659 0.113503
female.bmp
  19 -19.532999 -0.649855 0.640709 0.041514 -0.146685 0.988312 0.833659 0.113503
  32 -19.754611 -1.333384 0.341803 -0.359194 -0.218181 0.907401 0.847358 0.046967
  19 -18.568878 -0.649154 0.504436 0.214696 -0.332786 0.918237 0.915851 0.119374
female.bmp
  32 -19.754611 -1.333384 0.341803 -0.359194 -0.218181 0.907401 0.847358 0.046967
  32 -19.093427 -1.142723 0.465838 0.097310 -0.391222 0.915137 0.902153 0.062622
  19 -18.568878 -0.649154 0.504436 0.214696 -0.332786 0.918237 0.915851 0.119374
female.bmp
  19 -18.568878 -0.649154 0.504436 0.214696 -0.332786 0.918237 0.915851 0.119374
  32 -19.093427 -1.142723 0.465838 0.097310 -0.391222 0.915137 0.902153 0.062622
  19 -18.378145 -1.081815 0.022954 0.501197 -0.734811 0.457005 0.943249 0.080235
female.bmp
  32 -19.093427 -1.142723 0.465838 0.097310 -0.391222 0.915137 0.902153 0.062622
  32 -18.871050 -1.636615 0.110564 0.536012 -0.558929 0.632684 0.921722 0.031311
  19 -18.378145 -1.081815 0.022954 0.501197 -0.734811 0.457005 0.943249 0.080235
female.bmp
  19 -18.378145 -1.081815 0.022954 0.501197 -0.734811 0.457005 0.943249 0.080235
  32 -18.871050 -1.636615 0.110564 0.536012 -0.558929 0.632684 0.921722 0.031311
  19 -18.379338 -1.154618 -0.258113 0.694912 -0.716593 -0.059932 0.954990 0.070450
female.bmp
  32 -18.871050 -1.636615 0.110564 0.536012 -0.558929 0.632684 0.921722 0.031311
  32 -18.647152 -1.641491 -0.282940 0.850491 -0.521652 -0.067406 0.943249 0.021526
  19 -18.379338 -1.154618 -0.258113 0.694912 -0.716593 -0.059932 0.954990 0.070450
female.bmp
  19 -18.379338 -1.154618 -0.258113 0.694912 -0.716593 -0.059932 0.954990 0.070450
  32 -18.647152 -1.641491 -0.282940 0.850491 -0.521652 -0.067406 0.943249 0.021526
  19 -18.393905 -1.031254 -0.545461 0.554468 -0.480268 -0.679638 0.964775 0.060665
female.bmp
  19 -17.300535 -0.128678 0.660579 0.042963 0.024362 0.998780 0.166341 0.870841
  19 -17.320534 -0.798961 0.532044 0.018336 -0.593131 0.804897 0.150685 0.927593
  19 -17.270535 -0.118700 0.650557 0.842208 0.006444 0.539114 0.162427 0.868885
female.bmp
  19 -17.270535 -0.118700 0.650557 0.842208 0.006444 0.539114 0.162427 0.868885
  19 -17.320534 -0.798961 0.532044 0.018336 -0.593131 0.804897 0.150685 0.927593
  19 -17.280534 -0.788983 0.522022 0.788192 -0.320698 0.525268 0.146771 0.923679
female.bmp
  19 -17.320534 -0.798961 0.532044 0.018336 -0.593131 0.804897 0.150685 0.927593
  19 -17.310534 -1.049879 0.112592 0.044656 -0.961009 0.272886 0.113503 0.945205
  19 -17.280534 -0.788983 0.522022 0.788192 -0.320698 0.525268 0.146771 0.923679
female.bmp
  19 -17.280534 -0.788983 0.522022 0.788192 -0.320698 0.525268 0.146771 0.923679
  19 -17.310534 -1.049879 0.112592 0.044656 -0.961009 0.272886 0.113503 0.945205
  19 -17.270534 -1.029879 0.112548 0.827280 -0.537137 0.164597 0.111546 0.941292
female.bmp
  19 -17.310534 -1.049879 0.112592 0.044656 -0.961009 0.272886 0.113503 0.945205
  19 -17.310533 -1.050535 -0.187407 0.071988 -0.971290 -0.226745 0.088063 0.943249
  19 -17.270534 -1.029879 0.112548 0.827280 -0.537137 0.164597 0.111546 0.941292
female.bmp
  19 -17.270534 -1.029879 0.112548 0.827280 -0.537137 0.164597 0.111546 0.941292
  19 -17.310533 -1.050535 -0.187407 0.071988 -0.971290 -0.226745 0.088063 0.943249
  19 -17.270533 -1.040535 -0.187429 0.827157 -0.537358 -0.164493 0.088063 0.939335
female.bmp
  19 -17.310533 -1.050535 -0.187407 0.071988 -0.971290 -0.226745 0.088063 0.943249
  19 -17.290533 -0.871191 -0.487800 0.857798 -0.439275 -0.266872 0.064579 0.923679
  19 -17.270533 -1.040535 -0.187429 0.827157 -0.537358 -0.164493 0.088063 0.939335
female.bmp
  19 -17.270533 -1.040535 -0.187429 0.827157 -0.537358 -0.164493 0.088063 0.939335
  19 -17.290533 -0.871191 -0.487800 0.857798 -0.439275 -0.266872 0.064579 0.923679
  19 -17.280533 -0.990513 -0.177539 0.913063 0.401059 0.073945 0.088063 0.935421
female.bmp
  19 -17.290533 -0.871191 -0.487800 0.857798 -0.439275 -0.266872 0.064579 0.923679
  19 -17.290533 -0.831147 -0.467888 0.910781 0.318677 0.262533 0.064579 0.919765
  19 -17.280533 -0.990513 -0.177539 0.913063 0.401059 0.073945 0.088063 0.935421
female.bmp
  19 -17.280533 -0.990513 -0.177539 0.913063 0.401059 0.073945 0.088063 0.935421
  19 -17.290533 -0.831147 -0.467888 0.910781 0.318677 0.262533 0.064579 0.919765
  19 -17.450533 -0.680973 -0.388216 0.701592 0.552285 0.450278 0.072407 0.909980
female.bmp
  19 -17.290533 -0.831147 -0.467888 0.910781 0.318677 0.262533 0.064579 0.919765
  19 -17.280532 -0.611563 -0.658368 0.867899 0.252415 0.427829 0.050881 0.902153
  19 -17.450533 -0.680973 -0.388216 0.701592 0.552285 0.450278 0.072407 0.909980
female.bmp
  19 -17.450533 -0.680973 -0.388216 0.701592 0.552285 0.450278 0.072407 0.909980
  19 -17.280532 -0.611563 -0.658368 0.867899 0.252415 0.427829 0.050881 0.902153
  19 -17.490533 -0.461345 -0.558697 0.580433 0.450494 0.678346 0.058708 0.892368
female.bmp
  19 -17.280532 -0.611563 -0.658368 0.867899 0.252415 0.427829 0.050881 0.902153
  19 -17.270532 -0.341826 -0.778958 0.728706 0.657831 0.190386 0.043053 0.878669
  19 -17.490533 -0.461345 -0.558697 0.580433 0.450494 0.678346 0.058708 0.892368
female.bmp
  19 -17.490533 -0.461345 -0.558697 0.580433 0.450494 0.678346 0.058708 0.892368
  19 -17.270532 -0.341826 -0.778958 0.728706 0.657831 0.190386 0.043053 0.878669
  19 -17.540533 -0.201586 -0.669265 0.785661 0.080771 0.613361 0.050881 0.868885
female.bmp
  18 -5.604404 -2.123921 0.636096 -0.130777 -0.890895 0.434975 0.009785 0.726027
  18 -5.584405 -2.203921 -0.153904 -0.137158 -0.968446 -0.208087 0.054795 0.722114
  18 -1.794405 -2.533922 0.626094 -0.130777 -0.890895 0.434975 0.013699 0.853229
female.bmp
  18 -1.794405 -2.533922 0.626094 -0.130777 -0.890895 0.434975 0.013699 0.853229
  18 -5.584405 -2.203921 -0.153904 -0.137158 -0.968446 -0.208087 0.054795 0.722114
  18 -1.774405 -2.613922 -0.093906 -0.137158 -0.968446 -0.208087 0.060665 0.847358
female.bmp
  18 -5.584405 -2.203921 -0.153904 -0.137158 -0.968446 -0.208087 0.054795 0.722114
  18 -5.514406 -1.683921 -1.073904 -0.078703 -0.585718 -0.806684 0.099804 0.722114
  18 -1.774405 -2.613922 -0.093906 -0.137158 -0.968446 -0.208087 0.060665 0.847358
female.bmp
  18 -1.774405 -2.613922 -0.093906 -0.137158 -0.968446 -0.208087 0.060665 0.847358
  18 -5.514406 -1.683921 -1.073904 -0.078703 -0.585718 -0.806684 0.099804 0.722114
  18 -1.714405 -2.203922 -0.883906 -0.044599 -0.613311 -0.788581 0.103718 0.849315
female.bmp
  18 -5.514406 -1.683921 -1.073904 -0.078703 -0.585718 -0.806684 0.099804 0.722114
  18 -5.394405 -0.693921 -1.293904 0.032870 0.201005 -0.979039 0.176125 0.720157
  18 -1.714405 -2.203922 -0.883906 -0.044599 -0.613311 -0.788581 0.103718 0.849315
female.bmp
  18 -1.714405 -2.203922 -0.883906 -0.044599 -0.613311 -0.788581 0.103718 0.849315
  18 -5.394405 -0.693921 -1.293904 0.032870 0.201005 -0.979039 0.176125 0.720157
  18 -1.594405 -1.253922 -1.093906 0.074507 0.178509 -0.981113 0.168297 0.847358
female.bmp
  18 -5.394405 -0.693921 -1.293904 0.032870 0.201005 -0.979039 0.176125 0.720157
  18 -5.304405 0.206079 -0.633904 0.125602 0.813342 -0.568066 0.232877 0.726027
  18 -1.594405 -1.253922 -1.093906 0.074507 0.178509 -0.981113 0.168297 0.847358
female.bmp
  18 -1.594405 -1.253922 -1.093906 0.074507 0.178509 -0.981113 0.168297 0.847358
  18 -5.304405 0.206079 -0.633904 0.125602 0.813342 -0.568066 0.232877 0.726027
  18 -1.514405 -0.473922 -0.553906 0.154345 0.797078 -0.583818 0.236791 0.851272
female.bmp
  18 -5.304405 0.206079 -0.633904 0.125602 0.813342 -0.568066 0.232877 0.726027
  18 -5.284405 0.466079 0.336096 0.152718 0.985183 0.078047 0.289628 0.727984
  18 -1.514405 -0.473922 -0.553906 0.154345 0.797078 -0.583818 0.236791 0.851272
female.bmp
  18 -1.514405 -0.473922 -0.553906 0.154345 0.797078 -0.583818 0.236791 0.851272
  18 -5.284405 0.466079 0.336096 0.152718 0.985183 0.078047 0.289628 0.727984
  18 -1.494404 -0.223922 0.336094 0.152718 0.985183 0.078047 0.289628 0.853229
female.bmp
  18 -5.284405 0.466079 0.336096 0.152718 0.985183 0.078047 0.289628 0.727984
  18 -5.334404 0.136079 1.096096 0.097854 0.677092 0.729363 0.342466 0.727984
  18 -1.494404 -0.223922 0.336094 0.152718 0.985183 0.078047 0.289628 0.853229
female.bmp
  18 -1.494404 -0.223922 0.336094 0.152718 0.985183 0.078047 0.289628 0.853229
  18 -5.334404 0.136079 1.096096 0.097854 0.677092 0.729363 0.342466 0.727984
  18 -1.544404 -0.533922 1.056094 0.129634 0.649673 0.749079 0.338552 0.853229
female.bmp
  18 -5.334404 0.136079 1.096096 0.097854 0.677092 0.729363 0.342466 0.727984
  18 -5.424404 -0.693921 1.396096 0.011750 0.111699 0.993673 0.381605 0.727984
  18 -1.544404 -0.533922 1.056094 0.129634 0.649673 0.749079 0.338552 0.853229
female.bmp
  18 -1.544404 -0.533922 1.056094 0.129634 0.649673 0.749079 0.338552 0.853229
  18 -5.424404 -0.693921 1.396096 0.011750 0.111699 0.993673 0.381605 0.727984
  18 -1.634404 -1.243922 1.276094 0.044008 0.077518 0.996019 0.381605 0.855186
female.bmp
  16 20.749895 -2.981097 -0.531800 0.984796 0.046059 -0.167495 0.694716 0.984344
  17 20.733960 -3.188986 -0.398213 0.968242 0.010446 0.249795 0.681018 0.964775
  17 20.728969 -3.153913 -0.645690 0.856521 0.065952 -0.511880 0.700587 0.951076
female.bmp
  17 20.728969 -3.153913 -0.645690 0.856521 0.065952 -0.511880 0.700587 0.951076
  17 20.733960 -3.188986 -0.398213 0.968242 0.010446 0.249795 0.681018 0.964775
  17 20.766617 -3.654922 -0.404294 0.981327 0.004686 0.192288 0.659491 0.908023
female.bmp
  17 20.733960 -3.188986 -0.398213 0.968242 0.010446 0.249795 0.681018 0.964775
  17 20.688460 -3.585988 -0.251521 0.573474 -0.039350 0.818278 0.647750 0.921722
  17 20.766617 -3.654922 -0.404294 0.981327 0.004686 0.192288 0.659491 0.908023
female.bmp
  17 20.766617 -3.654922 -0.404294 0.981327 0.004686 0.192288 0.659491 0.908023
  17 20.688460 -3.585988 -0.251521 0.573474 -0.039350 0.818278 0.647750 0.921722
  17 20.737645 -4.131380 -0.329807 0.805886 -0.412480 0.424745 0.636008 0.878669
female.bmp
  17 20.688460 -3.585988 -0.251521 0.573474 -0.039350 0.818278 0.647750 0.921722
  17 20.618645 -4.158652 -0.260558 0.080727 -0.508381 0.857340 0.618395 0.878669
  17 20.737645 -4.131380 -0.329807 0.805886 -0.412480 0.424745 0.636008 0.878669
female.bmp
  17 20.737645 -4.131380 -0.329807 0.805886 -0.412480 0.424745 0.636008 0.878669
  17 20.618645 -4.158652 -0.260558 0.080727 -0.508381 0.857340 0.618395 0.878669
  17 20.516407 -4.255167 -0.403499 -0.005495 -0.995977 0.089436 0.602740 0.864971
female.bmp
  17 20.618645 -4.158652 -0.260558 0.080727 -0.508381 0.857340 0.618395 0.878669
  17 20.472836 -4.252623 -0.371954 -0.527056 -0.717525 0.455379 0.602740 0.870841
  17 20.516407 -4.255167 -0.403499 -0.005495 -0.995977 0.089436 0.602740 0.864971
female.bmp
  17 20.516407 -4.255167 -0.403499 -0.005495 -0.995977 0.089436 0.602740 0.864971
  17 20.472836 -4.252623 -0.371954 -0.527056 -0.717525 0.455379 0.602740 0.870841
  17 20.402832 -4.181725 -0.572635 -0.743448 -0.592011 -0.311139 0.581213 0.880626
female.bmp
  17 20.472836 -4.252623 -0.371954 -0.527056 -0.717525 0.455379 0.602740 0.870841
  17 20.358827 -3.695306 -0.371486 -0.747638 -0.387080 0.539636 0.600783 0.921722
  17 20.402832 -4.181725 -0.572635 -0.743448 -0.592011 -0.311139 0.581213 0.880626
female.bmp
  17 20.402832 -4.181725 -0.572635 -0.743448 -0.592011 -0.311139 0.581213 0.880626
  17 20.358827 -3.695306 -0.371486 -0.747638 -0.387080 0.539636 0.600783 0.921722
  17 20.288379 -3.655716 -0.576595 -0.941318 -0.293848 -0.166055 0.581213 0.925636
female.bmp
  17 20.358827 -3.695306 -0.371486 -0.747638 -0.387080 0.539636 0.600783 0.921722
  17 20.318772 -3.636768 -0.352280 -0.728284 -0.478351 0.490696 0.600783 0.929550
  17 20.288379 -3.655716 -0.576595 -0.941318 -0.293848 -0.166055 0.581213 0.925636
female.bmp
  17 20.288379 -3.655716 -0.576595 -0.941318 -0.293848 -0.166055 0.581213 0.925636
  17 20.318772 -3.636768 -0.352280 -0.728284 -0.478351 0.490696 0.600783 0.929550
  17 20.120739 -3.198417 -0.518507 -0.938609 -0.315993 -0.138422 0.577299 0.980431
female.bmp
  17 20.318772 -3.636768 -0.352280 -0.728284 -0.478351 0.490696 0.600783 0.929550
  17 20.166517 -3.193896 -0.306649 -0.838058 -0.320437 0.441564 0.602740 0.982387
  17 20.120739 -3.198417 -0.518507 -0.938609 -0.315993 -0.138422 0.577299 0.980431
female.bmp
  14 23.490183 2.287291 -0.454925 0.911401 0.410349 -0.031002 0.544031 0.266145
  14 23.418068 2.357155 -0.485228 0.476825 0.849693 -0.225076 0.522505 0.272016
  14 23.429629 2.283838 -0.358378 0.705626 0.490898 0.510991 0.544031 0.273973
female.bmp
  14 23.429629 2.283838 -0.358378 0.705626 0.490898 0.510991 0.544031 0.273973
  14 23.418068 2.357155 -0.485228 0.476825 0.849693 -0.225076 0.522505 0.272016
  14 23.347855 2.362025 -0.422407 -0.071725 0.938960 0.336466 0.518591 0.295499
female.bmp
  14 23.418068 2.357155 -0.485228 0.476825 0.849693 -0.225076 0.522505 0.272016
  14 23.323712 2.359987 -0.504948 -0.144570 0.935938 -0.321122 0.504892 0.313112
  14 23.347855 2.362025 -0.422407 -0.071725 0.938960 0.336466 0.518591 0.295499
female.bmp
  14 23.347855 2.362025 -0.422407 -0.071725 0.938960 0.336466 0.518591 0.295499
  14 23.323712 2.359987 -0.504948 -0.144570 0.935938 -0.321122 0.504892 0.313112
  14 23.043920 2.254011 -0.403530 -0.290217 0.868331 0.402213 0.516634 0.363992
female.bmp
  14 23.323712 2.359987 -0.504948 -0.144570 0.935938 -0.321122 0.504892 0.313112
  13 22.674282 2.133900 -0.466360 -0.347811 0.895158 -0.278783 0.504892 0.432485
  14 23.043920 2.254011 -0.403530 -0.290217 0.868331 0.402213 0.516634 0.363992
female.bmp
  14 23.043920 2.254011 -0.403530 -0.290217 0.868331 0.402213 0.516634 0.363992
  13 22.674282 2.133900 -0.466360 -0.347811 0.895158 -0.278783 0.504892 0.432485
  13 22.733379 2.129616 -0.348932 -0.281678 0.815418 0.505718 0.518591 0.422701
female.bmp
  13 22.674282 2.133900 -0.466360 -0.347811 0.895158 -0.278783 0.504892 0.432485
  12 21.968999 1.832681 -0.325516 -0.290776 0.851321 0.436694 0.518591 0.551859
  13 22.733379 2.129616 -0.348932 -0.281678 0.815418 0.505718 0.518591 0.422701
female.bmp
  13 22.733379 2.129616 -0.348932 -0.281678 0.815418 0.505718 0.518591 0.422701
  12 21.968999 1.832681 -0.325516 -0.290776 0.851321 0.436694 0.518591 0.551859
  12 22.052680 1.702017 -0.244741 -0.118390 0.281676 0.952178 0.540117 0.551859
female.bmp
  12 21.968999 1.832681 -0.325516 -0.290776 0.851321 0.436694 0.518591 0.551859
  12 21.977010 1.653142 -0.235508 -0.118390 0.281676 0.952178 0.540117 0.567515
  12 22.052680 1.702017 -0.244741 -0.118390 0.281676 0.952178 0.540117 0.551859
female.bmp
  12 22.052680 1.702017 -0.244741 -0.118390 0.281676 0.952178 0.540117 0.551859
  12 21.977010 1.653142 -0.235508 -0.118390 0.281676 0.952178 0.540117 0.567515
  12 22.099049 1.568070 -0.227189 0.220065 -0.197849 0.955210 0.565558 0.551859
female.bmp
  12 21.977010 1.653142 -0.235508 -0.118390 0.281676 0.952178 0.540117 0.567515
  12 22.027281 1.534819 -0.211579 0.321465 -0.138993 0.936665 0.567515 0.565558
  12 22.099049 1.568070 -0.227189 0.220065 -0.197849 0.955210 0.565558 0.551859
female.bmp
  12 22.099049 1.568070 -0.227189 0.220065 -0.197849 0.955210 0.565558 0.551859
  12 22.027281 1.534819 -0.211579 0.321465 -0.138993 0.936665 0.567515 0.565558
  12 22.116571 1.401590 -0.347511 0.482899 -0.819515 0.308549 0.590998 0.559687
female.bmp
  12 22.027281 1.534819 -0.211579 0.321465 -0.138993 0.936665 0.567515 0.565558
  12 22.058226 1.364261 -0.330122 0.536935 -0.800875 0.265142 0.590998 0.571429
  12 22.116571 1.401590 -0.347511 0.482899 -0.819515 0.308549 0.590998 0.559687
female.bmp
  11 24.242802 -1.631861 0.261435 0.043360 -0.965527 0.256665 0.500978 0.624266
  11 24.227818 -1.636670 0.040183 0.258222 -0.875770 -0.407859 0.514677 0.626223
  11 24.362660 -1.595600 0.257049 0.633970 -0.767143 0.097848 0.514677 0.608611
female.bmp
  11 24.362660 -1.595600 0.257049 0.633970 -0.767143 0.097848 0.514677 0.608611
  11 24.227818 -1.636670 0.040183 0.258222 -0.875770 -0.407859 0.514677 0.626223
  11 24.439979 -1.472190 0.221108 0.985721 -0.164187 -0.037367 0.532290 0.600783
female.bmp
  11 24.227818 -1.636670 0.040183 0.258222 -0.875770 -0.407859 0.514677 0.626223
  11 24.317003 -1.508115 -0.016560 0.683079 -0.285592 -0.672191 0.534247 0.618395
  11 24.439979 -1.472190 0.221108 0.985721 -0.164187 -0.037367 0.532290 0.600783
female.bmp
  11 24.439979 -1.472190 0.221108 0.985721 -0.164187 -0.037367 0.532290 0.600783
  11 24.317003 -1.508115 -0.016560 0.683079 -0.285592 -0.672191 0.534247 0.618395
  11 24.268689 -1.398256 -0.040986 0.490045 0.386395 -0.781380 0.547945 0.626223
female.bmp
  11 24.317003 -1.508115 -0.016560 0.683079 -0.285592 -0.672191 0.534247 0.618395
  11 24.025160 -1.501757 -0.118967 0.035554 -0.338907 -0.940148 0.530333 0.643836
  11 24.268689 -1.398256 -0.040986 0.490045 0.386395 -0.781380 0.547945 0.626223
female.bmp
  11 24.268689 -1.398256 -0.040986 0.490045 0.386395 -0.781380 0.547945 0.626223
  11 24.025160 -1.501757 -0.118967 0.035554 -0.338907 -0.940148 0.530333 0.643836
  11 23.634209 -1.262290 -0.090463 0.113864 0.351906 -0.929084 0.547945 0.726027
female.bmp
  11 24.025160 -1.501757 -0.118967 0.035554 -0.338907 -0.940148 0.530333 0.643836
  11 23.573776 -1.497984 -0.019779 -0.098607 -0.752926 -0.650676 0.516634 0.731898
  11 23.634209 -1.262290 -0.090463 0.113864 0.351906 -0.929084 0.547945 0.726027
female.bmp
  11 23.634209 -1.262290 -0.090463 0.113864 0.351906 -0.929084 0.547945 0.726027
  11 23.573776 -1.497984 -0.019779 -0.098607 -0.752926 -0.650676 0.516634 0.731898
  10 23.466463 -1.243231 -0.114722 0.125829 0.248047 -0.960541 0.547945 0.747554
female.bmp
  11 23.573776 -1.497984 -0.019779 -0.098607 -0.752926 -0.650676 0.516634 0.731898
  10 23.406193 -1.477675 -0.034079 -0.068868 -0.746901 -0.661359 0.514677 0.753425
  10 23.466463 -1.243231 -0.114722 0.125829 0.248047 -0.960541 0.547945 0.747554
female.bmp
  10 23.466463 -1.243231 -0.114722 0.125829 0.248047 -0.960541 0.547945 0.747554
  10 23.406193 -1.477675 -0.034079 -0.068868 -0.746901 -0.661359 0.514677 0.753425
  10 22.639775 -1.092835 -0.122970 0.039868 0.216817 -0.975398 0.547945 0.831703
female.bmp
  10 23.406193 -1.477675 -0.034079 -0.068868 -0.746901 -0.661359 0.514677 0.753425
  10 22.575474 -1.345430 -0.029904 -0.125959 -0.751546 -0.647543 0.518591 0.831703
  10 22.639775 -1.092835 -0.122970 0.039868 0.216817 -0.975398 0.547945 0.831703
female.bmp
  10 22.639775 -1.092835 -0.122970 0.039868 0.216817 -0.975398 0.547945 0.831703
  10 22.575474 -1.345430 -0.029904 -0.125959 -0.751546 -0.647543 0.518591 0.831703
  9 22.502029 -1.056778 -0.118206 0.071242 0.237515 -0.968768 0.547945 0.841487
female.bmp
  10 22.575474 -1.345430 -0.029904 -0.125959 -0.751546 -0.647543 0.518591 0.831703
  9 22.442424 -1.339439 -0.011202 -0.058629 -0.798495 -0.599140 0.514677 0.843444
  9 22.502029 -1.056778 -0.118206 0.071242 0.237515 -0.968768 0.547945 0.841487
female.bmp
  5 24.548766 0.931859 0.056328 0.364737 -0.872389 0.325429 0.500978 0.624266
  5 24.557185 0.942011 -0.134003 0.594198 -0.691672 -0.410510 0.514677 0.626223
  5 24.644156 1.007493 0.078242 0.839182 -0.478792 0.257937 0.514677 0.608611
female.bmp
  5 24.644156 1.007493 0.078242 0.839182 -0.478792 0.257937 0.514677 0.608611
  5 24.557185 0.942011 -0.134003 0.594198 -0.691672 -0.410510 0.514677 0.626223
  5 24.679319 1.142621 0.029210 0.981989 0.186358 0.031128 0.532290 0.600783
female.bmp
  5 24.557185 0.942011 -0.134003 0.594198 -0.691672 -0.410510 0.514677 0.626223
  5 24.591880 1.082744 -0.163842 0.784641 -0.021494 -0.619578 0.534247 0.618395
  5 24.679319 1.142621 0.029210 0.981989 0.186358 0.031128 0.532290 0.600783
female.bmp
  5 24.679319 1.142621 0.029210 0.981989 0.186358 0.031128 0.532290 0.600783
  5 24.591880 1.082744 -0.163842 0.784641 -0.021494 -0.619578 0.534247 0.618395
  5 24.530719 1.153449 -0.196401 0.389620 0.491265 -0.779009 0.547945 0.626223
female.bmp
  5 24.591880 1.082744 -0.163842 0.784641 -0.021494 -0.619578 0.534247 0.618395
  5 24.290682 0.979408 -0.307721 0.175661 -0.203814 -0.963122 0.530333 0.643836
  5 24.530719 1.153449 -0.196401 0.389620 0.491265 -0.779009 0.547945 0.626223
female.bmp
  5 24.530719 1.153449 -0.196401 0.389620 0.491265 -0.779009 0.547945 0.626223
  5 24.290682 0.979408 -0.307721 0.175661 -0.203814 -0.963122 0.530333 0.643836
  5 23.774905 1.022809 -0.270424 -0.032070 0.342087 -0.939121 0.547945 0.726027
female.bmp
  5 24.290682 0.979408 -0.307721 0.175661 -0.203814 -0.963122 0.530333 0.643836
  5 23.808938 0.783555 -0.199718 0.127741 -0.778697 -0.614258 0.516634 0.731898
  5 23.774905 1.022809 -0.270424 -0.032070 0.342087 -0.939121 0.547945 0.726027
female.bmp
  5 23.774905 1.022809 -0.270424 -0.032070 0.342087 -0.939121 0.547945 0.726027
  5 23.808938 0.783555 -0.199718 0.127741 -0.778697 -0.614258 0.516634 0.731898
  4 23.631772 0.988179 -0.287732 -0.015853 0.242532 -0.970014 0.547945 0.747554
female.bmp
  5 23.808938 0.783555 -0.199718 0.127741 -0.778697 -0.614258 0.516634 0.731898
  4 23.665377 0.754559 -0.197775 0.132271 -0.755920 -0.641162 0.514677 0.753425
  4 23.631772 0.988179 -0.287732 -0.015853 0.242532 -0.970014 0.547945 0.747554
female.bmp
  4 23.631772 0.988179 -0.287732 -0.015853 0.242532 -0.970014 0.547945 0.747554
  4 23.665377 0.754559 -0.197775 0.132271 -0.755920 -0.641162 0.514677 0.753425
  3 22.573390 0.814974 -0.264408 -0.124130 0.217939 -0.968036 0.547945 0.831703
female.bmp
  4 23.665377 0.754559 -0.197775 0.132271 -0.755920 -0.641162 0.514677 0.753425
  3 22.636885 0.543456 -0.184117 0.138102 -0.713644 -0.686761 0.518591 0.831703
  3 22.573390 0.814974 -0.264408 -0.124130 0.217939 -0.968036 0.547945 0.831703
female.bmp
  3 22.573390 0.814974 -0.264408 -0.124130 0.217939 -0.968036 0.547945 0.831703
  3 22.636885 0.543456 -0.184117 0.138102 -0.713644 -0.686761 0.518591 0.831703
  3 22.561477 0.515804 -0.171911 0.710286 -0.378894 -0.593239 0.514677 0.843444
female.bmp
  3 22.636885 0.543456 -0.184117 0.138102 -0.713644 -0.686761 0.518591 0.831703
  3 22.626313 0.465811 0.107189 0.855226 -0.508202 0.101584 0.497065 0.841487
  3 22.561477 0.515804 -0.171911 0.710286 -0.378894 -0.593239 0.514677 0.843444
female.bmp
  9 22.458257 -1.187609 0.473459 0.082731 -0.472698 0.877332 0.567515 0.565558
  10 22.597982 -1.227917 0.438908 0.010383 -0.492629 0.870177 0.565558 0.551859
  9 22.503009 -1.019517 0.491967 0.235395 0.301463 0.923964 0.540117 0.567515
female.bmp
  9 22.503009 -1.019517 0.491967 0.235395 0.301463 0.923964 0.540117 0.567515
  10 22.597982 -1.227917 0.438908 0.010383 -0.492629 0.870177 0.565558 0.551859
  10 22.646245 -1.038994 0.464958 0.172309 0.308557 0.935469 0.540117 0.551859
female.bmp
  10 22.597982 -1.227917 0.438908 0.010383 -0.492629 0.870177 0.565558 0.551859
  10 23.594124 -1.250993 0.430569 0.127164 0.288645 0.948954 0.542074 0.420744
  10 22.646245 -1.038994 0.464958 0.172309 0.308557 0.935469 0.540117 0.551859
female.bmp
  10 22.646245 -1.038994 0.464958 0.172309 0.308557 0.935469 0.540117 0.551859
  10 23.594124 -1.250993 0.430569 0.127164 0.288645 0.948954 0.542074 0.420744
  10 22.666628 -0.906599 0.326914 0.233679 0.836129 0.496268 0.518591 0.551859
female.bmp
  10 23.594124 -1.250993 0.430569 0.127164 0.288645 0.948954 0.542074 0.420744
  10 23.612497 -1.127036 0.303695 0.233679 0.836129 0.496268 0.518591 0.422701
  10 22.666628 -0.906599 0.326914 0.233679 0.836129 0.496268 0.518591 0.551859
female.bmp
  10 22.666628 -0.906599 0.326914 0.233679 0.836129 0.496268 0.518591 0.551859
  10 23.612497 -1.127036 0.303695 0.233679 0.836129 0.496268 0.518591 0.422701
  10 23.636246 -1.081463 0.136485 0.248400 0.945234 -0.211733 0.504892 0.432485
female.bmp
  10 23.612497 -1.127036 0.303695 0.233679 0.836129 0.496268 0.518591 0.422701
  11 24.009828 -1.223433 0.258393 0.258682 0.855754 0.448072 0.516634 0.363992
  10 23.636246 -1.081463 0.136485 0.248400 0.945234 -0.211733 0.504892 0.432485
female.bmp
  10 23.636246 -1.081463 0.136485 0.248400 0.945234 -0.211733 0.504892 0.432485
  11 24.009828 -1.223433 0.258393 0.258682 0.855754 0.448072 0.516634 0.363992
  11 24.333269 -1.302320 0.168599 0.457828 0.859388 -0.227697 0.504892 0.313112
female.bmp
  11 24.009828 -1.223433 0.258393 0.258682 0.855754 0.448072 0.516634 0.363992
  11 24.375968 -1.331200 0.253114 0.533918 0.740245 0.408618 0.518591 0.295499
  11 24.333269 -1.302320 0.168599 0.457828 0.859388 -0.227697 0.504892 0.313112
female.bmp
  11 24.333269 -1.302320 0.168599 0.457828 0.859388 -0.227697 0.504892 0.313112
  11 24.375968 -1.331200 0.253114 0.533918 0.740245 0.408618 0.518591 0.295499
  11 24.421071 -1.369619 0.187618 0.901791 0.386175 -0.194014 0.522505 0.272016
female.bmp
  11 24.375968 -1.331200 0.253114 0.533918 0.740245 0.408618 0.518591 0.295499
  11 24.396507 -1.470774 0.321648 0.900428 -0.193051 0.389822 0.544031 0.273973
  11 24.421071 -1.369619 0.187618 0.901791 0.386175 -0.194014 0.522505 0.272016
female.bmp
  11 24.421071 -1.369619 0.187618 0.901791 0.386175 -0.194014 0.522505 0.272016
  11 24.396507 -1.470774 0.321648 0.900428 -0.193051 0.389822 0.544031 0.273973
  11 24.439979 -1.472190 0.221108 0.985721 -0.164187 -0.037367 0.544031 0.266145
female.bmp
  11 24.396507 -1.470774 0.321648 0.900428 -0.193051 0.389822 0.544031 0.273973
  11 24.362660 -1.595600 0.257049 0.633970 -0.767143 0.097848 0.571429 0.277886
  11 24.439979 -1.472190 0.221108 0.985721 -0.164187 -0.037367 0.544031 0.266145
female.bmp
  15 20.623240 -1.530401 -0.588804 0.636743 -0.210109 -0.741898 0.816047 0.792564
  2 20.497784 -0.897836 -0.505536 0.427622 0.050146 -0.902565 0.819961 0.727984
  9 21.125603 -1.339609 -0.062013 0.361786 -0.765234 -0.532474 0.774951 0.782779
female.bmp
  9 21.125603 -1.339609 -0.062013 0.361786 -0.765234 -0.532474 0.774951 0.782779
  2 20.497784 -0.897836 -0.505536 0.427622 0.050146 -0.902565 0.819961 0.727984
  2 21.189903 -0.612350 -0.257405 0.190778 -0.178491 -0.965269 0.755382 0.716243
female.bmp
  2 20.497784 -0.897836 -0.505536 0.427622 0.050146 -0.902565 0.819961 0.727984
  2 20.171459 -0.080391 -0.538635 0.300604 -0.235277 -0.924274 0.833659 0.649706
  2 21.189903 -0.612350 -0.257405 0.190778 -0.178491 -0.965269 0.755382 0.716243
female.bmp
  2 21.189903 -0.612350 -0.257405 0.190778 -0.178491 -0.965269 0.755382 0.716243
  2 20.171459 -0.080391 -0.538635 0.300604 -0.235277 -0.924274 0.833659 0.649706
  2 21.207532 0.031622 -0.406703 0.209563 -0.236601 -0.948738 0.741683 0.659491
female.bmp
  2 20.171459 -0.080391 -0.538635 0.300604 -0.235277 -0.924274 0.833659 0.649706
  2 20.950697 0.637933 -0.692574 0.255980 -0.240886 -0.936188 0.753425 0.602740
  2 21.207532 0.031622 -0.406703 0.209563 -0.236601 -0.948738 0.741683 0.659491
female.bmp
  2 21.207532 0.031622 -0.406703 0.209563 -0.236601 -0.948738 0.741683 0.659491
  2 20.950697 0.637933 -0.692574 0.255980 -0.240886 -0.936188 0.753425 0.602740
  3 21.571485 0.727782 -0.474368 0.321885 0.327822 -0.888213 0.696673 0.604697
female.bmp
  2 20.950697 0.637933 -0.692574 0.255980 -0.240886 -0.936188 0.753425 0.602740
  12 21.338187 0.884697 -0.549353 0.827616 0.122227 -0.547824 0.714286 0.587084
  3 21.571485 0.727782 -0.474368 0.321885 0.327822 -0.888213 0.696673 0.604697
female.bmp
  3 21.571485 0.727782 -0.474368 0.321885 0.327822 -0.888213 0.696673 0.604697
  12 21.338187 0.884697 -0.549353 0.827616 0.122227 -0.547824 0.714286 0.587084
  2 21.265032 0.963218 -0.005927 0.746331 0.532551 0.399224 0.698630 0.579256
female.bmp
  12 21.338187 0.884697 -0.549353 0.827616 0.122227 -0.547824 0.714286 0.587084
  2 21.338857 1.099404 -0.705858 0.405238 -0.452174 -0.794557 0.710372 0.569472
  2 21.265032 0.963218 -0.005927 0.746331 0.532551 0.399224 0.698630 0.579256
female.bmp
  2 21.265032 0.963218 -0.005927 0.746331 0.532551 0.399224 0.698630 0.579256
  2 21.338857 1.099404 -0.705858 0.405238 -0.452174 -0.794557 0.710372 0.569472
  12 22.067374 1.325548 -0.319275 0.852072 -0.508535 0.123956 0.630137 0.567515
female.bmp
  2 21.338857 1.099404 -0.705858 0.405238 -0.452174 -0.794557 0.710372 0.569472
  12 21.958465 1.347662 -0.683211 0.623184 -0.408455 -0.666938 0.643836 0.544031
  12 22.067374 1.325548 -0.319275 0.852072 -0.508535 0.123956 0.630137 0.567515
female.bmp
  12 22.067374 1.325548 -0.319275 0.852072 -0.508535 0.123956 0.630137 0.567515
  12 21.958465 1.347662 -0.683211 0.623184 -0.408455 -0.666938 0.643836 0.544031
  12 21.986628 1.389658 -0.630835 0.902501 0.060091 -0.426474 0.637965 0.542074
female.bmp
  12 21.958465 1.347662 -0.683211 0.623184 -0.408455 -0.666938 0.643836 0.544031
  12 21.873394 1.584603 -0.678527 0.819812 0.389203 -0.420035 0.647750 0.518591
  12 21.986628 1.389658 -0.630835 0.902501 0.060091 -0.426474 0.637965 0.542074
female.bmp
  12 21.888202 1.816546 -0.314957 0.595995 0.789824 0.144804 0.645793 0.338552
  12 21.855360 1.841020 -0.292101 0.156349 0.914331 0.373568 0.653620 0.336595
  12 21.977010 1.653142 -0.235508 0.860169 0.484643 0.158841 0.641879 0.322896
female.bmp
  12 21.977010 1.653142 -0.235508 0.860169 0.484643 0.158841 0.641879 0.322896
  12 21.855360 1.841020 -0.292101 0.156349 0.914331 0.373568 0.653620 0.336595
  12 21.951597 1.689855 -0.184456 0.511118 0.533995 0.673504 0.645793 0.320939
female.bmp
  12 21.855360 1.841020 -0.292101 0.156349 0.914331 0.373568 0.653620 0.336595
  12 21.057103 1.365383 -0.081023 -0.043089 0.591719 0.804992 0.726027 0.295499
  12 21.951597 1.689855 -0.184456 0.511118 0.533995 0.673504 0.645793 0.320939
female.bmp
  12 21.951597 1.689855 -0.184456 0.511118 0.533995 0.673504 0.645793 0.320939
  12 21.057103 1.365383 -0.081023 -0.043089 0.591719 0.804992 0.726027 0.295499
  12 22.034456 1.506452 -0.162144 0.716956 0.053972 0.695026 0.641879 0.299413
female.bmp
  12 21.057103 1.365383 -0.081023 -0.043089 0.591719 0.804992 0.726027 0.295499
  12 21.164654 1.158283 0.094027 0.245444 0.448438 0.859454 0.722114 0.270059
  12 22.034456 1.506452 -0.162144 0.716956 0.053972 0.695026 0.641879 0.299413
female.bmp
  12 22.034456 1.506452 -0.162144 0.716956 0.053972 0.695026 0.641879 0.299413
  12 21.164654 1.158283 0.094027 0.245444 0.448438 0.859454 0.722114 0.270059
  2 21.265032 0.963218 -0.005927 0.746331 0.532551 0.399224 0.714286 0.258317
female.bmp
  12 21.164654 1.158283 0.094027 0.245444 0.448438 0.859454 0.722114 0.270059
  12 21.275405 0.892473 0.222786 0.176428 0.696613 0.695416 0.714286 0.246575
  2 21.265032 0.963218 -0.005927 0.746331 0.532551 0.399224 0.714286 0.258317
female.bmp
  2 21.265032 0.963218 -0.005927 0.746331 0.532551 0.399224 0.714286 0.258317
  12 21.275405 0.892473 0.222786 0.176428 0.696613 0.695416 0.714286 0.246575
  3 22.503616 1.029111 0.191088 0.331297 0.839111 0.431434 0.612524 0.254403
female.bmp
  12 21.275405 0.892473 0.222786 0.176428 0.696613 0.695416 0.714286 0.246575
  3 21.428167 0.676440 0.350874 0.078628 0.215622 0.973306 0.704501 0.225049
  3 22.503616 1.029111 0.191088 0.331297 0.839111 0.431434 0.612524 0.254403
female.bmp
  3 22.503616 1.029111 0.191088 0.331297 0.839111 0.431434 0.612524 0.254403
  3 21.428167 0.676440 0.350874 0.078628 0.215622 0.973306 0.704501 0.225049
  3 22.541694 0.850434 0.316486 0.482993 0.382685 0.787572 0.610568 0.240705
female.bmp
  3 21.428167 0.676440 0.350874 0.078628 0.215622 0.973306 0.704501 0.225049
  3 22.580132 0.633191 0.348543 0.501733 -0.187046 0.844558 0.608611 0.221135
  3 22.541694 0.850434 0.316486 0.482993 0.382685 0.787572 0.610568 0.240705
female.bmp
  3 22.541694 0.850434 0.316486 0.482993 0.382685 0.787572 0.610568 0.240705
  3 22.580132 0.633191 0.348543 0.501733 -0.187046 0.844558 0.608611 0.221135
  3 22.563984 0.845030 0.278093 0.890425 0.286220 0.353865 0.606654 0.240705
female.bmp
  3 22.580132 0.633191 0.348543 0.501733 -0.187046 0.844558 0.608611 0.221135
  3 22.594855 0.655602 0.301843 0.873056 -0.028358 0.486794 0.604697 0.223092
  3 22.563984 0.845030 0.278093 0.890425 0.286220 0.353865 0.606654 0.240705
female.bmp
  9 22.568079 -0.823160 0.123579 0.259303 0.922618 -0.285548 0.634051 0.759295
  9 21.680727 -0.931374 -0.151914 0.241313 0.180565 -0.953501 0.718200 0.751468
  9 21.462284 -0.477746 0.378939 0.640595 -0.061768 0.765391 0.700587 0.727984
female.bmp
  9 21.462284 -0.477746 0.378939 0.640595 -0.061768 0.765391 0.700587 0.727984
  9 21.680727 -0.931374 -0.151914 0.241313 0.180565 -0.953501 0.718200 0.751468
  9 21.612180 -0.670225 -0.153492 0.778234 -0.224901 -0.586320 0.718200 0.727984
female.bmp
  9 21.680727 -0.931374 -0.151914 0.241313 0.180565 -0.953501 0.718200 0.751468
  2 21.189903 -0.612350 -0.257405 0.190778 -0.178491 -0.965269 0.755382 0.716243
  9 21.612180 -0.670225 -0.153492 0.778234 -0.224901 -0.586320 0.718200 0.727984
female.bmp
  9 21.612180 -0.670225 -0.153492 0.778234 -0.224901 -0.586320 0.718200 0.727984
  2 21.189903 -0.612350 -0.257405 0.190778 -0.178491 -0.965269 0.755382 0.716243
  6 21.811346 -0.458225 -0.195192 0.247730 -0.728195 -0.639031 0.698630 0.714286
female.bmp
  2 21.189903 -0.612350 -0.257405 0.190778 -0.178491 -0.965269 0.755382 0.716243
  2 21.207532 0.031622 -0.406703 0.209563 -0.236601 -0.948738 0.741683 0.659491
  6 21.811346 -0.458225 -0.195192 0.247730 -0.728195 -0.639031 0.698630 0.714286
female.bmp
  6 21.811346 -0.458225 -0.195192 0.247730 -0.728195 -0.639031 0.698630 0.714286
  2 21.207532 0.031622 -0.406703 0.209563 -0.236601 -0.948738 0.741683 0.659491
  6 21.798574 -0.086570 -0.314815 0.245594 0.225013 -0.942896 0.690802 0.681018
female.bmp
  2 21.207532 0.031622 -0.406703 0.209563 -0.236601 -0.948738 0.741683 0.659491
  6 21.671203 0.147748 -0.270409 0.850970 0.048610 -0.522959 0.698630 0.657534
  6 21.798574 -0.086570 -0.314815 0.245594 0.225013 -0.942896 0.690802 0.681018
female.bmp
  6 21.798574 -0.086570 -0.314815 0.245594 0.225013 -0.942896 0.690802 0.681018
  6 21.671203 0.147748 -0.270409 0.850970 0.048610 -0.522959 0.698630 0.657534
  3 21.496093 0.276132 0.248700 0.667933 0.322066 0.670924 0.682975 0.653620
female.bmp
  6 21.671203 0.147748 -0.270409 0.850970 0.048610 -0.522959 0.698630 0.657534
  3 21.832475 0.453406 -0.294642 0.353349 -0.640205 -0.682116 0.686888 0.628180
  3 21.496093 0.276132 0.248700 0.667933 0.322066 0.670924 0.682975 0.653620
female.bmp
  3 21.496093 0.276132 0.248700 0.667933 0.322066 0.670924 0.682975 0.653620
  3 21.832475 0.453406 -0.294642 0.353349 -0.640205 -0.682116 0.686888 0.628180
  3 22.621402 0.407585 0.133372 0.664507 -0.713798 0.221185 0.616438 0.657534
female.bmp
  3 21.832475 0.453406 -0.294642 0.353349 -0.640205 -0.682116 0.686888 0.628180
  3 22.537466 0.452195 -0.218573 0.528975 -0.616360 -0.583340 0.618395 0.634051
  3 22.621402 0.407585 0.133372 0.664507 -0.713798 0.221185 0.616438 0.657534
female.bmp
  3 22.621402 0.407585 0.133372 0.664507 -0.713798 0.221185 0.616438 0.657534
  3 22.537466 0.452195 -0.218573 0.528975 -0.616360 -0.583340 0.618395 0.634051
  3 22.561477 0.515804 -0.171911 0.710286 -0.378894 -0.593239 0.614481 0.630137
female.bmp
  3 22.537466 0.452195 -0.218573 0.528975 -0.616360 -0.583340 0.618395 0.634051
  3 22.483290 0.803235 -0.257763 0.993289 0.053350 -0.102618 0.612524 0.600783
  3 22.561477 0.515804 -0.171911 0.710286 -0.378894 -0.593239 0.614481 0.630137
female.bmp
  15 19.244014 -1.813601 -0.285433 -0.848774 -0.524172 -0.069474 0.943249 0.021526
  15 19.471941 -1.809183 0.105885 -0.533652 -0.563985 0.630188 0.921722 0.031311
  2 18.977191 -1.309085 -0.220457 -0.694914 -0.716591 -0.059932 0.954990 0.070450
female.bmp
  2 18.977191 -1.309085 -0.220457 -0.694914 -0.716591 -0.059932 0.954990 0.070450
  15 19.471941 -1.809183 0.105885 -0.533652 -0.563985 0.630188 0.921722 0.031311
  2 18.976304 -1.233446 0.070194 -0.501200 -0.734809 0.457006 0.943249 0.080235
female.bmp
  15 19.471941 -1.809183 0.105885 -0.533652 -0.563985 0.630188 0.921722 0.031311
  15 19.690401 -1.314601 0.468051 -0.095310 -0.396250 0.913182 0.902153 0.062622
  2 18.976304 -1.233446 0.070194 -0.501200 -0.734809 0.457006 0.943249 0.080235
female.bmp
  2 18.976304 -1.233446 0.070194 -0.501200 -0.734809 0.457006 0.943249 0.080235
  15 19.690401 -1.314601 0.468051 -0.095310 -0.396250 0.913182 0.902153 0.062622
  2 19.167038 -0.800783 0.551675 -0.214697 -0.332783 0.918238 0.915851 0.119374
female.bmp
  15 19.690401 -1.314601 0.468051 -0.095310 -0.396250 0.913182 0.902153 0.062622
  15 20.354196 -1.503669 0.339098 0.360602 -0.221629 0.906006 0.847358 0.046967
  2 19.167038 -0.800783 0.551675 -0.214697 -0.332783 0.918238 0.915851 0.119374
female.bmp
  2 19.167038 -0.800783 0.551675 -0.214697 -0.332783 0.918238 0.915851 0.119374
  15 20.354196 -1.503669 0.339098 0.360602 -0.221629 0.906006 0.847358 0.046967
  2 20.131062 -0.811071 0.690786 -0.041515 -0.146682 0.988312 0.833659 0.113503
female.bmp
  15 20.354196 -1.503669 0.339098 0.360602 -0.221629 0.906006 0.847358 0.046967
  15 20.679737 -1.447777 0.109753 0.681749 -0.372041 0.629924 0.814090 0.039139
  2 20.131062 -0.811071 0.690786 -0.041515 -0.146682 0.988312 0.833659 0.113503
female.bmp
  2 20.131062 -0.811071 0.690786 -0.041515 -0.146682 0.988312 0.833659 0.113503
  15 20.679737 -1.447777 0.109753 0.681749 -0.372041 0.629924 0.814090 0.039139
  2 20.713743 -1.129854 0.620354 0.056465 -0.400303 0.914642 0.786693 0.080235
female.bmp
  15 20.679737 -1.447777 0.109753 0.681749 -0.372041 0.629924 0.814090 0.039139
  9 21.089299 -1.348144 0.292401 0.282061 -0.881566 0.378528 0.765166 0.052838
  2 20.713743 -1.129854 0.620354 0.056465 -0.400303 0.914642 0.786693 0.080235
female.bmp
  2 20.713743 -1.129854 0.620354 0.056465 -0.400303 0.914642 0.786693 0.080235
  9 21.089299 -1.348144 0.292401 0.282061 -0.881566 0.378528 0.765166 0.052838
  9 21.311824 -1.045462 0.603795 0.078501 -0.550183 0.831346 0.735812 0.076321
female.bmp
  9 21.089299 -1.348144 0.292401 0.282061 -0.881566 0.378528 0.765166 0.052838
  9 21.450096 -1.284722 0.248779 0.064698 -0.962081 0.264979 0.727984 0.052838
  9 21.311824 -1.045462 0.603795 0.078501 -0.550183 0.831346 0.735812 0.076321
female.bmp
  9 21.311824 -1.045462 0.603795 0.078501 -0.550183 0.831346 0.735812 0.076321
  9 21.450096 -1.284722 0.248779 0.064698 -0.962081 0.264979 0.727984 0.052838
  9 22.453893 -1.368077 0.264385 -0.084480 -0.956929 0.277758 0.636008 0.031311
female.bmp
  9 21.450096 -1.284722 0.248779 0.064698 -0.962081 0.264979 0.727984 0.052838
  9 22.442424 -1.339439 -0.011202 -0.058629 -0.798495 -0.599140 0.645793 0.013699
  9 22.453893 -1.368077 0.264385 -0.084480 -0.956929 0.277758 0.636008 0.031311
female.bmp
  2 17.857227 -0.272650 0.686635 -0.847922 0.007538 0.530068 0.162427 0.868885
  2 17.867226 -0.942650 0.556637 -0.794191 -0.319672 0.516788 0.146771 0.923679
  2 17.907226 -0.952650 0.566637 -0.027726 -0.593098 0.804652 0.150685 0.927593
female.bmp
  2 17.907226 -0.952650 0.566637 -0.027726 -0.593098 0.804652 0.150685 0.927593
  2 17.867226 -0.942650 0.556637 -0.794191 -0.319672 0.516788 0.146771 0.923679
  2 17.897226 -1.202651 0.146637 -0.048817 -0.960948 0.272389 0.113503 0.945205
female.bmp
  2 17.867226 -0.942650 0.556637 -0.794191 -0.319672 0.516788 0.146771 0.923679
  2 17.857226 -1.182651 0.146637 -0.829690 -0.536065 0.155723 0.111546 0.941292
  2 17.897226 -1.202651 0.146637 -0.048817 -0.960948 0.272389 0.113503 0.945205
female.bmp
  2 17.897226 -1.202651 0.146637 -0.048817 -0.960948 0.272389 0.113503 0.945205
  2 17.857226 -1.182651 0.146637 -0.829690 -0.536065 0.155723 0.111546 0.941292
  2 17.907225 -1.202652 -0.143363 -0.070810 -0.971199 -0.227507 0.088063 0.943249
female.bmp
  2 17.857226 -1.182651 0.146637 -0.829690 -0.536065 0.155723 0.111546 0.941292
  2 17.867225 -1.192652 -0.143363 -0.826040 -0.536292 -0.173347 0.088063 0.939335
  2 17.907225 -1.202652 -0.143363 -0.070810 -0.971199 -0.227507 0.088063 0.943249
female.bmp
  2 17.907225 -1.202652 -0.143363 -0.070810 -0.971199 -0.227507 0.088063 0.943249
  2 17.867225 -1.192652 -0.143363 -0.826040 -0.536292 -0.173347 0.088063 0.939335
  2 17.887225 -1.022653 -0.453363 -0.855454 -0.438171 -0.276053 0.064579 0.923679
female.bmp
  2 17.867225 -1.192652 -0.143363 -0.826040 -0.536292 -0.173347 0.088063 0.939335
  2 17.877225 -1.142652 -0.143363 -0.913284 0.402238 0.064161 0.088063 0.935421
  2 17.887225 -1.022653 -0.453363 -0.855454 -0.438171 -0.276053 0.064579 0.923679
female.bmp
  2 17.887225 -1.022653 -0.453363 -0.855454 -0.438171 -0.276053 0.064579 0.923679
  2 17.877225 -1.142652 -0.143363 -0.913284 0.402238 0.064161 0.088063 0.935421
  2 17.897225 -0.982653 -0.433363 -0.913130 0.319856 0.252756 0.064579 0.919765
female.bmp
  2 17.877225 -1.142652 -0.143363 -0.913284 0.402238 0.064161 0.088063 0.935421
  2 18.047225 -0.832652 -0.343364 -0.705661 0.553197 0.442737 0.072407 0.909980
  2 17.897225 -0.982653 -0.433363 -0.913130 0.319856 0.252756 0.064579 0.919765
female.bmp
  2 17.897225 -0.982653 -0.433363 -0.913130 0.319856 0.252756 0.064579 0.919765
  2 18.047225 -0.832652 -0.343364 -0.705661 0.553197 0.442737 0.072407 0.909980
  2 17.877224 -0.762653 -0.623364 -0.872110 0.253537 0.418501 0.050881 0.902153
female.bmp
  2 18.047225 -0.832652 -0.343364 -0.705661 0.553197 0.442737 0.072407 0.909980
  2 18.097224 -0.612653 -0.523365 -0.587089 0.451249 0.672087 0.058708 0.892368
  2 17.877224 -0.762653 -0.623364 -0.872110 0.253537 0.418501 0.050881 0.902153
female.bmp
  2 17.877224 -0.762653 -0.623364 -0.872110 0.253537 0.418501 0.050881 0.902153
  2 18.097224 -0.612653 -0.523365 -0.587089 0.451249 0.672087 0.058708 0.892368
  2 17.867224 -0.492653 -0.743364 -0.729847 0.658778 0.182576 0.043053 0.878669
female.bmp
  2 18.097224 -0.612653 -0.523365 -0.587089 0.451249 0.672087 0.058708 0.892368
  2 18.147224 -0.352653 -0.633365 -0.792083 0.081793 0.604909 0.050881 0.868885
  2 17.867224 -0.492653 -0.743364 -0.729847 0.658778 0.182576 0.043053 0.878669
female.bmp
  1 2.390785 -2.699913 0.627459 0.130767 -0.890894 0.434980 0.013699 0.853229
  1 2.380803 -2.779914 -0.092541 0.137163 -0.968446 -0.208082 0.060665 0.847358
  1 6.180804 -2.369914 -0.152450 0.137163 -0.968446 -0.208082 0.054795 0.722114
female.bmp
  1 6.180804 -2.369914 -0.152450 0.137163 -0.968446 -0.208082 0.054795 0.722114
  1 2.380803 -2.779914 -0.092541 0.137163 -0.968446 -0.208082 0.060665 0.847358
  1 6.110826 -1.849915 -1.072452 0.078721 -0.585720 -0.806682 0.099804 0.722114
female.bmp
  1 2.380803 -2.779914 -0.092541 0.137163 -0.968446 -0.208082 0.060665 0.847358
  1 2.310822 -2.369915 -0.882543 0.044617 -0.613313 -0.788579 0.103718 0.849315
  1 6.110826 -1.849915 -1.072452 0.078721 -0.585720 -0.806682 0.099804 0.722114
female.bmp
  1 6.110826 -1.849915 -1.072452 0.078721 -0.585720 -0.806682 0.099804 0.722114
  1 2.310822 -2.369915 -0.882543 0.044617 -0.613313 -0.788579 0.103718 0.849315
  1 5.990832 -0.859915 -1.292456 -0.032848 0.201003 -0.979040 0.176125 0.720157
female.bmp
  1 2.310822 -2.369915 -0.882543 0.044617 -0.613313 -0.788579 0.103718 0.849315
  1 2.200827 -1.419915 -1.092547 -0.074485 0.178507 -0.981115 0.168297 0.847358
  1 5.990832 -0.859915 -1.292456 -0.032848 0.201003 -0.979040 0.176125 0.720157
female.bmp
  1 5.990832 -0.859915 -1.292456 -0.032848 0.201003 -0.979040 0.176125 0.720157
  1 2.200827 -1.419915 -1.092547 -0.074485 0.178507 -0.981115 0.168297 0.847358
  1 5.900816 0.040085 -0.632460 -0.125589 0.813341 -0.568071 0.232877 0.726027
female.bmp
  1 2.200827 -1.419915 -1.092547 -0.074485 0.178507 -0.981115 0.168297 0.847358
  1 2.110814 -0.639915 -0.552550 -0.154332 0.797078 -0.583823 0.236791 0.851272
  1 5.900816 0.040085 -0.632460 -0.125589 0.813341 -0.568071 0.232877 0.726027
female.bmp
  1 5.900816 0.040085 -0.632460 -0.125589 0.813341 -0.568071 0.232877 0.726027
  1 2.110814 -0.639915 -0.552550 -0.154332 0.797078 -0.583823 0.236791 0.851272
  1 5.880792 0.300087 0.337540 -0.152720 0.985183 0.078042 0.289628 0.727984
female.bmp
  1 2.110814 -0.639915 -0.552550 -0.154332 0.797078 -0.583823 0.236791 0.851272
  1 2.090792 -0.389913 0.337449 -0.152720 0.985183 0.078042 0.289628 0.853229
  1 5.880792 0.300087 0.337540 -0.152720 0.985183 0.078042 0.289628 0.727984
female.bmp
  1 5.880792 0.300087 0.337540 -0.152720 0.985183 0.078042 0.289628 0.727984
  1 2.090792 -0.389913 0.337449 -0.152720 0.985183 0.078042 0.289628 0.853229
  1 5.930774 -0.029912 1.087541 -0.097870 0.677093 0.729360 0.342466 0.727984
female.bmp
  1 2.090792 -0.389913 0.337449 -0.152720 0.985183 0.078042 0.289628 0.853229
  1 2.140775 -0.699913 1.057450 -0.129651 0.649675 0.749075 0.338552 0.853229
  1 5.930774 -0.029912 1.087541 -0.097870 0.677093 0.729360 0.342466 0.727984
female.bmp
  1 5.930774 -0.029912 1.087541 -0.097870 0.677093 0.729360 0.342466 0.727984
  1 2.140775 -0.699913 1.057450 -0.129651 0.649675 0.749075 0.338552 0.853229
  1 6.030767 -0.859912 1.397545 -0.011774 0.111701 0.993672 0.381605 0.727984
female.bmp
  1 2.140775 -0.699913 1.057450 -0.129651 0.649675 0.749075 0.338552 0.853229
  1 2.230770 -1.409912 1.277454 -0.044031 0.077520 0.996018 0.381605 0.855186
  1 6.030767 -0.859912 1.397545 -0.011774 0.111701 0.993672 0.381605 0.727984
female.bmp
  28 -23.767580 -1.438179 0.212562 -0.633975 -0.767139 0.097843 0.571429 0.277886
  28 -23.799431 -1.324350 0.268496 -0.900433 -0.193052 0.389810 0.544031 0.273973
  28 -23.842878 -1.324482 0.177874 -0.985721 -0.164189 -0.037375 0.544031 0.266145
female.bmp
  28 -23.842878 -1.324482 0.177874 -0.985721 -0.164189 -0.037375 0.544031 0.266145
  28 -23.799431 -1.324350 0.268496 -0.900433 -0.193052 0.389810 0.544031 0.273973
  28 -23.814177 -1.219909 0.144099 -0.901792 0.386171 -0.194020 0.522505 0.272016
female.bmp
  28 -23.799431 -1.324350 0.268496 -0.900433 -0.193052 0.389810 0.544031 0.273973
  28 -23.780863 -1.172495 0.218544 -0.533922 0.740243 0.408616 0.518591 0.295499
  28 -23.814177 -1.219909 0.144099 -0.901792 0.386171 -0.194020 0.522505 0.272016
female.bmp
  28 -23.814177 -1.219909 0.144099 -0.901792 0.386171 -0.194020 0.522505 0.272016
  28 -23.780863 -1.172495 0.218544 -0.533922 0.740243 0.408616 0.518591 0.295499
  28 -23.728396 -1.142898 0.123827 -0.457826 0.859389 -0.227697 0.504892 0.313112
female.bmp
  28 -23.780863 -1.172495 0.218544 -0.533922 0.740243 0.408616 0.518591 0.295499
  28 -23.412701 -1.074442 0.225071 -0.258683 0.855754 0.448072 0.516634 0.363992
  28 -23.728396 -1.142898 0.123827 -0.457826 0.859389 -0.227697 0.504892 0.313112
female.bmp
  28 -23.728396 -1.142898 0.123827 -0.457826 0.859389 -0.227697 0.504892 0.313112
  28 -23.412701 -1.074442 0.225071 -0.258683 0.855754 0.448072 0.516634 0.363992
  27 -23.038851 -0.932581 0.094326 -0.248400 0.945234 -0.211732 0.504892 0.432485
female.bmp
  28 -23.412701 -1.074442 0.225071 -0.258683 0.855754 0.448072 0.516634 0.363992
  27 -23.017123 -0.968440 0.260283 -0.233977 0.842352 0.485487 0.518591 0.422701
  27 -23.038851 -0.932581 0.094326 -0.248400 0.945234 -0.211732 0.504892 0.432485
female.bmp
  27 -23.038851 -0.932581 0.094326 -0.248400 0.945234 -0.211732 0.504892 0.432485
  27 -23.017123 -0.968440 0.260283 -0.233977 0.842352 0.485487 0.518591 0.422701
  27 -22.069232 -0.757717 0.284751 -0.233977 0.842352 0.485487 0.518591 0.551859
female.bmp
  27 -23.017123 -0.968440 0.260283 -0.233977 0.842352 0.485487 0.518591 0.422701
  27 -22.998737 -1.093673 0.377239 -0.127165 0.288643 0.948954 0.542074 0.420744
  27 -22.069232 -0.757717 0.284751 -0.233977 0.842352 0.485487 0.518591 0.551859
female.bmp
  27 -22.069232 -0.757717 0.284751 -0.233977 0.842352 0.485487 0.518591 0.551859
  27 -22.998737 -1.093673 0.377239 -0.127165 0.288643 0.948954 0.542074 0.420744
  27 -22.048837 -0.891388 0.412877 -0.172306 0.308557 0.935469 0.540117 0.551859
female.bmp
  27 -22.998737 -1.093673 0.377239 -0.127165 0.288643 0.948954 0.542074 0.420744
  27 -22.002608 -1.069322 0.395493 -0.010386 -0.492631 0.870176 0.565558 0.551859
  27 -22.048837 -0.891388 0.412877 -0.172306 0.308557 0.935469 0.540117 0.551859
female.bmp
  27 -22.048837 -0.891388 0.412877 -0.172306 0.308557 0.935469 0.540117 0.551859
  27 -22.002608 -1.069322 0.395493 -0.010386 -0.492631 0.870176 0.565558 0.551859
  26 -21.900213 -0.864850 0.446518 -0.235393 0.301459 0.923966 0.540117 0.567515
female.bmp
  27 -22.002608 -1.069322 0.395493 -0.010386 -0.492631 0.870176 0.565558 0.551859
  26 -21.865253 -1.034965 0.428118 -0.082733 -0.472702 0.877330 0.567515 0.565558
  26 -21.900213 -0.864850 0.446518 -0.235393 0.301459 0.923966 0.540117 0.567515
female.bmp
  26 -21.839626 -1.184771 -0.056651 0.058624 -0.798495 -0.599141 0.514677 0.843444
  27 -21.980102 -1.186835 -0.073319 0.125953 -0.751545 -0.647546 0.518591 0.831703
  26 -21.909022 -0.904133 -0.163546 -0.071240 0.237516 -0.968768 0.547945 0.841487
female.bmp
  26 -21.909022 -0.904133 -0.163546 -0.071240 0.237516 -0.968768 0.547945 0.841487
  27 -21.980102 -1.186835 -0.073319 0.125953 -0.751545 -0.647546 0.518591 0.831703
  27 -22.044403 -0.934240 -0.166385 -0.039867 0.216823 -0.975397 0.547945 0.831703
female.bmp
  27 -21.980102 -1.186835 -0.073319 0.125953 -0.751545 -0.647546 0.518591 0.831703
  27 -22.808787 -1.330069 -0.086157 0.068868 -0.746900 -0.661361 0.514677 0.753425
  27 -22.044403 -0.934240 -0.166385 -0.039867 0.216823 -0.975397 0.547945 0.831703
female.bmp
  27 -22.044403 -0.934240 -0.166385 -0.039867 0.216823 -0.975397 0.547945 0.831703
  27 -22.808787 -1.330069 -0.086157 0.068868 -0.746900 -0.661361 0.514677 0.753425
  27 -22.859276 -1.092342 -0.157128 -0.125830 0.248050 -0.960541 0.547945 0.747554
female.bmp
  27 -22.808787 -1.330069 -0.086157 0.068868 -0.746900 -0.661361 0.514677 0.753425
  28 -22.976677 -1.350278 -0.063022 0.098608 -0.752925 -0.650677 0.516634 0.731898
  27 -22.859276 -1.092342 -0.157128 -0.125830 0.248050 -0.960541 0.547945 0.747554
female.bmp
  27 -22.859276 -1.092342 -0.157128 -0.125830 0.248050 -0.960541 0.547945 0.747554
  28 -22.976677 -1.350278 -0.063022 0.098608 -0.752925 -0.650677 0.516634 0.731898
  28 -23.039132 -1.104870 -0.134957 -0.113864 0.351908 -0.929083 0.547945 0.726027
female.bmp
  28 -22.976677 -1.350278 -0.063022 0.098608 -0.752925 -0.650677 0.516634 0.731898
  28 -23.428063 -1.354051 -0.162205 -0.035554 -0.338904 -0.940149 0.530333 0.643836
  28 -23.039132 -1.104870 -0.134957 -0.113864 0.351908 -0.929083 0.547945 0.726027
female.bmp
  28 -23.039132 -1.104870 -0.134957 -0.113864 0.351908 -0.929083 0.547945 0.726027
  28 -23.428063 -1.354051 -0.162205 -0.035554 -0.338904 -0.940149 0.530333 0.643836
  28 -23.671591 -1.250548 -0.084222 -0.490047 0.386395 -0.781378 0.547945 0.626223
female.bmp
  28 -23.428063 -1.354051 -0.162205 -0.035554 -0.338904 -0.940149 0.530333 0.643836
  28 -23.719905 -1.360408 -0.059796 -0.683080 -0.285593 -0.672190 0.534247 0.618395
  28 -23.671591 -1.250548 -0.084222 -0.490047 0.386395 -0.781378 0.547945 0.626223
female.bmp
  28 -23.671591 -1.250548 -0.084222 -0.490047 0.386395 -0.781378 0.547945 0.626223
  28 -23.719905 -1.360408 -0.059796 -0.683080 -0.285593 -0.672190 0.534247 0.618395
  28 -23.842878 -1.324482 0.177874 -0.985721 -0.164189 -0.037375 0.532290 0.600783
female.bmp
  28 -23.719905 -1.360408 -0.059796 -0.683080 -0.285593 -0.672190 0.534247 0.618395
  28 -23.622973 -1.478531 -0.014507 -0.258223 -0.875768 -0.407861 0.514677 0.626223
  28 -23.842878 -1.324482 0.177874 -0.985721 -0.164189 -0.037375 0.532290 0.600783
female.bmp
  28 -23.842878 -1.324482 0.177874 -0.985721 -0.164189 -0.037375 0.532290 0.600783
  28 -23.622973 -1.478531 -0.014507 -0.258223 -0.875768 -0.407861 0.514677 0.626223
  28 -23.767580 -1.438179 0.212562 -0.633975 -0.767139 0.097843 0.514677 0.608611
female.bmp
  28 -23.622973 -1.478531 -0.014507 -0.258223 -0.875768 -0.407861 0.514677 0.626223
  28 -23.647748 -1.475724 0.207029 -0.043361 -0.965528 0.256663 0.500978 0.624266
  28 -23.767580 -1.438179 0.212562 -0.633975 -0.767139 0.097843 0.514677 0.608611
female.bmp
  20 -22.029573 0.623836 0.071836 -0.855221 -0.508210 0.101582 0.497065 0.841487
  20 -22.043331 0.689538 -0.226315 -0.138104 -0.713642 -0.686762 0.518591 0.831703
  20 -21.965414 0.671113 -0.216866 -0.710281 -0.378897 -0.593243 0.514677 0.843444
female.bmp
  20 -21.965414 0.671113 -0.216866 -0.710281 -0.378897 -0.593243 0.514677 0.843444
  20 -22.043331 0.689538 -0.226315 -0.138104 -0.713642 -0.686762 0.518591 0.831703
  20 -21.977137 0.970286 -0.309377 0.124132 0.217942 -0.968035 0.547945 0.831703
female.bmp
  20 -22.043331 0.689538 -0.226315 -0.138104 -0.713642 -0.686762 0.518591 0.831703
  21 -23.064251 0.917397 -0.240574 -0.132272 -0.755920 -0.641163 0.514677 0.753425
  20 -21.977137 0.970286 -0.309377 0.124132 0.217942 -0.968035 0.547945 0.831703
female.bmp
  20 -21.977137 0.970286 -0.309377 0.124132 0.217942 -0.968035 0.547945 0.831703
  21 -23.064251 0.917397 -0.240574 -0.132272 -0.755920 -0.641163 0.514677 0.753425
  21 -23.033023 1.141723 -0.327766 0.015855 0.242534 -0.970013 0.547945 0.747554
female.bmp
  21 -23.064251 0.917397 -0.240574 -0.132272 -0.755920 -0.641163 0.514677 0.753425
  22 -23.220877 0.940849 -0.243581 -0.127741 -0.778696 -0.614260 0.516634 0.731898
  21 -23.033023 1.141723 -0.327766 0.015855 0.242534 -0.970013 0.547945 0.747554
female.bmp
  21 -23.033023 1.141723 -0.327766 0.015855 0.242534 -0.970013 0.547945 0.747554
  22 -23.220877 0.940849 -0.243581 -0.127741 -0.778696 -0.614260 0.516634 0.731898
  22 -23.177021 1.177589 -0.313800 0.032072 0.342090 -0.939120 0.547945 0.726027
female.bmp
  22 -23.220877 0.940849 -0.243581 -0.127741 -0.778696 -0.614260 0.516634 0.731898
  22 -23.692816 1.134487 -0.351180 -0.175660 -0.203811 -0.963122 0.530333 0.643836
  22 -23.177021 1.177589 -0.313800 0.032072 0.342090 -0.939120 0.547945 0.726027
female.bmp
  22 -23.177021 1.177589 -0.313800 0.032072 0.342090 -0.939120 0.547945 0.726027
  22 -23.692816 1.134487 -0.351180 -0.175660 -0.203811 -0.963122 0.530333 0.643836
  22 -23.942443 1.311164 -0.240401 -0.389614 0.491272 -0.779008 0.547945 0.626223
female.bmp
  22 -23.692816 1.134487 -0.351180 -0.175660 -0.203811 -0.963122 0.530333 0.643836
  22 -24.003651 1.240496 -0.207848 -0.784641 -0.021481 -0.619578 0.534247 0.618395
  22 -23.942443 1.311164 -0.240401 -0.389614 0.491272 -0.779008 0.547945 0.626223
female.bmp
  22 -23.942443 1.311164 -0.240401 -0.389614 0.491272 -0.779008 0.547945 0.626223
  22 -24.003651 1.240496 -0.207848 -0.784641 -0.021481 -0.619578 0.534247 0.618395
  22 -24.081414 1.297942 -0.014321 -0.981988 0.186360 0.031129 0.532290 0.600783
female.bmp
  22 -24.003651 1.240496 -0.207848 -0.784641 -0.021481 -0.619578 0.534247 0.618395
  22 -23.969042 1.099744 -0.177998 -0.594201 -0.691670 -0.410510 0.514677 0.626223
  22 -24.081414 1.297942 -0.014321 -0.981988 0.186360 0.031129 0.532290 0.600783
female.bmp
  22 -24.081414 1.297942 -0.014321 -0.981988 0.186360 0.031129 0.532290 0.600783
  22 -23.969042 1.099744 -0.177998 -0.594201 -0.691670 -0.410510 0.514677 0.626223
  22 -24.056245 1.162483 0.024634 -0.839183 -0.478790 0.257939 0.514677 0.608611
female.bmp
  22 -23.969042 1.099744 -0.177998 -0.594201 -0.691670 -0.410510 0.514677 0.626223
  22 -23.950989 1.087105 0.012828 -0.364736 -0.872390 0.325429 0.500978 0.624266
  22 -24.056245 1.162483 0.024634 -0.839183 -0.478790 0.257939 0.514677 0.608611
female.bmp
  32 -19.714745 -1.523773 -0.838986 -0.325805 0.037320 -0.944700 0.833659 0.798434
  19 -19.909620 -0.746385 -0.553041 -0.427623 0.050149 -0.902565 0.819961 0.727984
  32 -18.823494 -1.205301 -0.815615 0.496786 -0.078548 -0.864311 0.896282 0.755382
female.bmp
  32 -18.823494 -1.205301 -0.815615 0.496786 -0.078548 -0.864311 0.896282 0.755382
  19 -19.909620 -0.746385 -0.553041 -0.427623 0.050149 -0.902565 0.819961 0.727984
  32 -18.682988 -0.611928 -0.695754 0.356620 -0.132079 -0.924866 0.900196 0.694716
female.bmp
  19 -19.909620 -0.746385 -0.553041 -0.427623 0.050149 -0.902565 0.819961 0.727984
  19 -19.573607 0.074075 -0.576286 -0.300604 -0.235275 -0.924274 0.833659 0.649706
  32 -18.682988 -0.611928 -0.695754 0.356620 -0.132079 -0.924866 0.900196 0.694716
female.bmp
  32 -18.682988 -0.611928 -0.695754 0.356620 -0.132079 -0.924866 0.900196 0.694716
  19 -19.573607 0.074075 -0.576286 -0.300604 -0.235275 -0.924274 0.833659 0.649706
  19 -18.844953 0.047105 -0.868410 -0.190777 -0.178488 -0.965270 0.896282 0.639922
female.bmp
  19 -19.573607 0.074075 -0.576286 -0.300604 -0.235275 -0.924274 0.833659 0.649706
  19 -19.391446 0.404143 -0.876741 -0.246059 -0.355787 -0.901593 0.843444 0.618395
  19 -18.844953 0.047105 -0.868410 -0.190777 -0.178488 -0.965270 0.896282 0.639922
female.bmp
  19 -18.844953 0.047105 -0.868410 -0.190777 -0.178488 -0.965270 0.896282 0.639922
  19 -19.391446 0.404143 -0.876741 -0.246059 -0.355787 -0.901593 0.843444 0.618395
  19 -18.822603 0.691798 -1.016641 0.052870 0.160762 -0.985576 0.884540 0.573386
female.bmp
  19 -19.391446 0.404143 -0.876741 -0.246059 -0.355787 -0.901593 0.843444 0.618395
  19 -19.104267 0.755621 -1.002802 -0.026269 0.119771 -0.992454 0.857143 0.573386
  19 -18.822603 0.691798 -1.016641 0.052870 0.160762 -0.985576 0.884540 0.573386
female.bmp
  19 -18.822603 0.691798 -1.016641 0.052870 0.160762 -0.985576 0.884540 0.573386
  19 -19.104267 0.755621 -1.002802 -0.026269 0.119771 -0.992454 0.857143 0.573386
  19 -18.896110 1.093921 -0.783202 0.223235 0.668297 -0.709609 0.868885 0.532290
female.bmp
  19 -19.104267 0.755621 -1.002802 -0.026269 0.119771 -0.992454 0.857143 0.573386
  19 -19.977314 1.221120 -0.845003 -0.020188 0.181449 -0.983193 0.774951 0.549902
  19 -18.896110 1.093921 -0.783202 0.223235 0.668297 -0.709609 0.868885 0.532290
female.bmp
  19 -18.896110 1.093921 -0.783202 0.223235 0.668297 -0.709609 0.868885 0.532290
  19 -19.977314 1.221120 -0.845003 -0.020188 0.181449 -0.983193 0.774951 0.549902
  19 -19.969830 1.632521 -0.653448 0.201976 0.838304 -0.506411 0.769080 0.508806
female.bmp
  19 -19.977314 1.221120 -0.845003 -0.020188 0.181449 -0.983193 0.774951 0.549902
  29 -20.375295 1.464268 -0.826106 0.031866 0.316439 -0.948078 0.737769 0.536204
  19 -19.969830 1.632521 -0.653448 0.201976 0.838304 -0.506411 0.769080 0.508806
female.bmp
  19 -19.969830 1.632521 -0.653448 0.201976 0.838304 -0.506411 0.769080 0.508806
  29 -20.375295 1.464268 -0.826106 0.031866 0.316439 -0.948078 0.737769 0.536204
  29 -20.338755 1.721188 -0.523687 0.217180 0.926616 -0.306946 0.733855 0.495108
female.bmp
  29 -20.375295 1.464268 -0.826106 0.031866 0.316439 -0.948078 0.737769 0.536204
  29 -21.214428 1.958076 -0.573499 -0.209273 0.867759 -0.450775 0.657534 0.487280
  29 -20.338755 1.721188 -0.523687 0.217180 0.926616 -0.306946 0.733855 0.495108
female.bmp
  29 -21.274808 1.744833 -0.730921 -0.819817 0.389201 -0.420028 0.647750 0.518591
  29 -21.364394 1.499334 -0.733080 -0.623181 -0.408456 -0.666940 0.643836 0.544031
  29 -21.392556 1.541329 -0.680704 -0.902500 0.060078 -0.426478 0.637965 0.542074
female.bmp
  29 -21.392556 1.541329 -0.680704 -0.902500 0.060078 -0.426478 0.637965 0.542074
  29 -21.364394 1.499334 -0.733080 -0.623181 -0.408456 -0.666940 0.643836 0.544031
  29 -21.473301 1.477219 -0.369143 -0.852073 -0.508534 0.123955 0.630137 0.567515
female.bmp
  29 -21.364394 1.499334 -0.733080 -0.623181 -0.408456 -0.666940 0.643836 0.544031
  19 -20.740699 1.251035 -0.753092 -0.405238 -0.452172 -0.794558 0.710372 0.569472
  29 -21.473301 1.477219 -0.369143 -0.852073 -0.508534 0.123955 0.630137 0.567515
female.bmp
  29 -21.473301 1.477219 -0.369143 -0.852073 -0.508534 0.123955 0.630137 0.567515
  19 -20.740699 1.251035 -0.753092 -0.405238 -0.452172 -0.794558 0.710372 0.569472
  29 -20.668150 1.121589 -0.055841 -0.746328 0.532551 0.399229 0.698630 0.579256
female.bmp
  19 -20.740699 1.251035 -0.753092 -0.405238 -0.452172 -0.794558 0.710372 0.569472
  20 -20.737106 1.033688 -0.590093 -0.827613 0.122235 -0.547828 0.714286 0.587084
  29 -20.668150 1.121589 -0.055841 -0.746328 0.532551 0.399229 0.698630 0.579256
female.bmp
  29 -20.668150 1.121589 -0.055841 -0.746328 0.532551 0.399229 0.698630 0.579256
  20 -20.737106 1.033688 -0.590093 -0.827613 0.122235 -0.547828 0.714286 0.587084
  20 -20.975251 0.882499 -0.519179 -0.321882 0.327825 -0.888213 0.696673 0.604697
female.bmp
  20 -20.737106 1.033688 -0.590093 -0.827613 0.122235 -0.547828 0.714286 0.587084
  19 -20.352539 0.789564 -0.739809 -0.255980 -0.240884 -0.936189 0.753425 0.602740
  20 -20.975251 0.882499 -0.519179 -0.321882 0.327825 -0.888213 0.696673 0.604697
female.bmp
  20 -20.975251 0.882499 -0.519179 -0.321882 0.327825 -0.888213 0.696673 0.604697
  19 -20.352539 0.789564 -0.739809 -0.255980 -0.240884 -0.936189 0.753425 0.602740
  19 -20.609470 0.192840 -0.456778 -0.209562 -0.236599 -0.948738 0.741683 0.659491
female.bmp
  19 -20.352539 0.789564 -0.739809 -0.255980 -0.240884 -0.936189 0.753425 0.602740
  19 -19.573607 0.074075 -0.576286 -0.300604 -0.235275 -0.924274 0.833659 0.649706
  19 -20.609470 0.192840 -0.456778 -0.209562 -0.236599 -0.948738 0.741683 0.659491
female.bmp
  19 -20.609470 0.192840 -0.456778 -0.209562 -0.236599 -0.948738 0.741683 0.659491
  19 -19.573607 0.074075 -0.576286 -0.300604 -0.235275 -0.924274 0.833659 0.649706
  19 -20.591744 -0.460720 -0.304642 -0.190777 -0.178488 -0.965270 0.755382 0.716243
female.bmp
  19 -19.573607 0.074075 -0.576286 -0.300604 -0.235275 -0.924274 0.833659 0.649706
  19 -19.909620 -0.746385 -0.553041 -0.427623 0.050149 -0.902565 0.819961 0.727984
  19 -20.591744 -0.460720 -0.304642 -0.190777 -0.178488 -0.965270 0.755382 0.716243
female.bmp
  19 -20.591744 -0.460720 -0.304642 -0.190777 -0.178488 -0.965270 0.755382 0.716243
  19 -19.909620 -0.746385 -0.553041 -0.427623 0.050149 -0.902565 0.819961 0.727984
  26 -20.532596 -1.186964 -0.107346 -0.361782 -0.765233 -0.532477 0.774951 0.782779
female.bmp
  19 -19.909620 -0.746385 -0.553041 -0.427623 0.050149 -0.902565 0.819961 0.727984
  32 -20.025619 -1.367597 -0.585280 -0.636564 -0.216077 -0.740336 0.816047 0.792564
  26 -20.532596 -1.186964 -0.107346 -0.361782 -0.765233 -0.532477 0.774951 0.782779
female.bmp
  20 -21.887045 0.958494 -0.302717 -0.993290 0.053343 -0.102612 0.612524 0.600783
  20 -21.941432 0.607488 -0.263521 -0.528973 -0.616359 -0.583343 0.618395 0.634051
  20 -21.965414 0.671113 -0.216866 -0.710281 -0.378897 -0.593243 0.614481 0.630137
female.bmp
  20 -21.965414 0.671113 -0.216866 -0.710281 -0.378897 -0.593243 0.614481 0.630137
  20 -21.941432 0.607488 -0.263521 -0.528973 -0.616359 -0.583343 0.618395 0.634051
  20 -22.024700 0.565607 0.098021 -0.664500 -0.713805 0.221184 0.616438 0.657534
female.bmp
  20 -21.941432 0.607488 -0.263521 -0.528973 -0.616359 -0.583343 0.618395 0.634051
  20 -21.236429 0.608283 -0.339482 -0.353348 -0.640204 -0.682117 0.686888 0.628180
  20 -22.024700 0.565607 0.098021 -0.664500 -0.713805 0.221184 0.616438 0.657534
female.bmp
  20 -22.024700 0.565607 0.098021 -0.664500 -0.713805 0.221184 0.616438 0.657534
  20 -21.236429 0.608283 -0.339482 -0.353348 -0.640204 -0.682117 0.686888 0.628180
  20 -20.900234 0.430835 0.203919 -0.667931 0.322064 0.670926 0.682975 0.653620
female.bmp
  20 -21.236429 0.608283 -0.339482 -0.353348 -0.640204 -0.682117 0.686888 0.628180
  23 -21.079319 0.300270 -0.311896 -0.850967 0.048609 -0.522965 0.698630 0.657534
  20 -20.900234 0.430835 0.203919 -0.667931 0.322064 0.670926 0.682975 0.653620
female.bmp
  20 -20.900234 0.430835 0.203919 -0.667931 0.322064 0.670926 0.682975 0.653620
  23 -21.079319 0.300270 -0.311896 -0.850967 0.048609 -0.522965 0.698630 0.657534
  23 -21.206834 0.062992 -0.365178 -0.245593 0.225016 -0.942896 0.690802 0.681018
female.bmp
  23 -21.079319 0.300270 -0.311896 -0.850967 0.048609 -0.522965 0.698630 0.657534
  19 -20.609470 0.192840 -0.456778 -0.209562 -0.236599 -0.948738 0.741683 0.659491
  23 -21.206834 0.062992 -0.365178 -0.245593 0.225016 -0.942896 0.690802 0.681018
female.bmp
  23 -21.206834 0.062992 -0.365178 -0.245593 0.225016 -0.942896 0.690802 0.681018
  19 -20.609470 0.192840 -0.456778 -0.209562 -0.236599 -0.948738 0.741683 0.659491
  23 -21.209551 -0.305309 -0.234998 -0.247732 -0.728192 -0.639035 0.698630 0.714286
female.bmp
  19 -20.609470 0.192840 -0.456778 -0.209562 -0.236599 -0.948738 0.741683 0.659491
  19 -20.591744 -0.460720 -0.304642 -0.190777 -0.178488 -0.965270 0.755382 0.716243
  23 -21.209551 -0.305309 -0.234998 -0.247732 -0.728192 -0.639035 0.698630 0.714286
female.bmp
  23 -21.209551 -0.305309 -0.234998 -0.247732 -0.728192 -0.639035 0.698630 0.714286
  19 -20.591744 -0.460720 -0.304642 -0.190777 -0.178488 -0.965270 0.755382 0.716243
  26 -21.009380 -0.515556 -0.198935 -0.778234 -0.224896 -0.586323 0.718200 0.727984
female.bmp
  19 -20.591744 -0.460720 -0.304642 -0.190777 -0.178488 -0.965270 0.755382 0.716243
  26 -21.077927 -0.776705 -0.197357 -0.241312 0.180568 -0.953501 0.718200 0.751468
  26 -21.009380 -0.515556 -0.198935 -0.778234 -0.224896 -0.586323 0.718200 0.727984
female.bmp
  26 -21.009380 -0.515556 -0.198935 -0.778234 -0.224896 -0.586323 0.718200 0.727984
  26 -21.077927 -0.776705 -0.197357 -0.241312 0.180568 -0.953501 0.718200 0.751468
  26 -20.859488 -0.323078 0.333498 -0.640593 -0.061767 0.765392 0.700587 0.727984
female.bmp
  26 -21.077927 -0.776705 -0.197357 -0.241312 0.180568 -0.953501 0.718200 0.751468
  26 -21.965280 -0.668491 0.078131 -0.259294 0.922621 -0.285546 0.634051 0.759295
  26 -20.859488 -0.323078 0.333498 -0.640593 -0.061767 0.765392 0.700587 0.727984
female.bmp
  20 -22.001310 0.801680 0.259647 -0.873063 -0.028352 0.486782 0.604697 0.223092
  20 -21.984080 0.788531 0.303581 -0.501739 -0.187046 0.844554 0.608611 0.221135
  20 -21.967797 1.000359 0.233125 -0.890431 0.286218 0.353852 0.606654 0.240705
female.bmp
  20 -21.967797 1.000359 0.233125 -0.890431 0.286218 0.353852 0.606654 0.240705
  20 -21.984080 0.788531 0.303581 -0.501739 -0.187046 0.844554 0.608611 0.221135
  20 -21.945510 1.005751 0.271521 -0.482999 0.382684 0.787569 0.610568 0.240705
female.bmp
  20 -21.984080 0.788531 0.303581 -0.501739 -0.187046 0.844554 0.608611 0.221135
  20 -20.832090 0.831107 0.306087 -0.078628 0.215621 0.973306 0.704501 0.225049
  20 -21.945510 1.005751 0.271521 -0.482999 0.382684 0.787569 0.610568 0.240705
female.bmp
  20 -21.945510 1.005751 0.271521 -0.482999 0.382684 0.787569 0.610568 0.240705
  20 -20.832090 0.831107 0.306087 -0.078628 0.215621 0.973306 0.704501 0.225049
  20 -21.909836 1.175131 0.148891 -0.331312 0.839106 0.431433 0.612524 0.254403
female.bmp
  20 -20.832090 0.831107 0.306087 -0.078628 0.215621 0.973306 0.704501 0.225049
  29 -20.680836 1.046728 0.182559 -0.176429 0.696612 0.695417 0.714286 0.246575
  20 -21.909836 1.175131 0.148891 -0.331312 0.839106 0.431433 0.612524 0.254403
female.bmp
  20 -21.909836 1.175131 0.148891 -0.331312 0.839106 0.431433 0.612524 0.254403
  29 -20.680836 1.046728 0.182559 -0.176429 0.696612 0.695417 0.714286 0.246575
  29 -20.668150 1.121589 -0.055841 -0.746328 0.532551 0.399229 0.714286 0.258317
female.bmp
  29 -20.680836 1.046728 0.182559 -0.176429 0.696612 0.695417 0.714286 0.246575
  29 -20.570579 1.309952 0.044153 -0.245445 0.448437 0.859454 0.722114 0.270059
  29 -20.668150 1.121589 -0.055841 -0.746328 0.532551 0.399229 0.714286 0.258317
female.bmp
  29 -20.668150 1.121589 -0.055841 -0.746328 0.532551 0.399229 0.714286 0.258317
  29 -20.570579 1.309952 0.044153 -0.245445 0.448437 0.859454 0.722114 0.270059
  29 -21.439888 1.660709 -0.202365 -0.716961 0.053974 0.695021 0.641879 0.299413
female.bmp
  29 -20.570579 1.309952 0.044153 -0.245445 0.448437 0.859454 0.722114 0.270059
  29 -20.462535 1.519639 -0.121249 0.043089 0.591718 0.804993 0.726027 0.295499
  29 -21.439888 1.660709 -0.202365 -0.716961 0.053974 0.695021 0.641879 0.299413
female.bmp
  29 -21.439888 1.660709 -0.202365 -0.716961 0.053974 0.695021 0.641879 0.299413
  29 -20.462535 1.519639 -0.121249 0.043089 0.591718 0.804993 0.726027 0.295499
  29 -21.357523 1.841525 -0.234324 -0.511115 0.533994 0.673507 0.645793 0.320939
female.bmp
  29 -20.462535 1.519639 -0.121249 0.043089 0.591718 0.804993 0.726027 0.295499
  29 -21.251884 1.990798 -0.331577 -0.156344 0.914331 0.373571 0.653620 0.336595
  29 -21.357523 1.841525 -0.234324 -0.511115 0.533994 0.673507 0.645793 0.320939
female.bmp
  29 -21.357523 1.841525 -0.234324 -0.511115 0.533994 0.673507 0.645793 0.320939
  29 -21.251884 1.990798 -0.331577 -0.156344 0.914331 0.373571 0.653620 0.336595
  29 -21.378422 1.813370 -0.287901 -0.860166 0.484643 0.158856 0.641879 0.322896
female.bmp
  29 -21.251884 1.990798 -0.331577 -0.156344 0.914331 0.373571 0.653620 0.336595
  29 -21.294129 1.968217 -0.364825 -0.595988 0.789827 0.144817 0.645793 0.338552
  29 -21.378422 1.813370 -0.287901 -0.860166 0.484643 0.158856 0.641879 0.322896
female.bmp
  3 22.573398 1.003385 -0.066921 -0.125085 0.925585 -0.357275 0.499022 0.557730
  3 22.622547 1.011569 0.132371 -0.037556 0.906965 0.419528 0.518591 0.551859
  4 23.659480 1.163165 -0.088202 -0.123608 0.924386 -0.360875 0.504892 0.432485
female.bmp
  4 23.659480 1.163165 -0.088202 -0.123608 0.924386 -0.360875 0.504892 0.432485
  3 22.622547 1.011569 0.132371 -0.037556 0.906965 0.419528 0.518591 0.551859
  4 23.685079 1.181579 0.094570 -0.096559 0.929464 0.356053 0.518591 0.422701
female.bmp
  3 22.622547 1.011569 0.132371 -0.037556 0.906965 0.419528 0.518591 0.551859
  3 22.671606 0.868636 0.259112 0.052680 0.378894 0.923939 0.540117 0.551859
  4 23.685079 1.181579 0.094570 -0.096559 0.929464 0.356053 0.518591 0.422701
female.bmp
  4 23.685079 1.181579 0.094570 -0.096559 0.929464 0.356053 0.518591 0.422701
  3 22.671606 0.868636 0.259112 0.052680 0.378894 0.923939 0.540117 0.551859
  4 23.745172 1.056994 0.236582 0.034648 0.331761 0.942727 0.542074 0.420744
female.bmp
  3 22.671606 0.868636 0.259112 0.052680 0.378894 0.923939 0.540117 0.551859
  4 23.763467 0.857390 0.201605 0.139416 -0.487333 0.862015 0.565558 0.424658
  4 23.745172 1.056994 0.236582 0.034648 0.331761 0.942727 0.542074 0.420744
female.bmp
  4 23.745172 1.056994 0.236582 0.034648 0.331761 0.942727 0.542074 0.420744
  4 23.763467 0.857390 0.201605 0.139416 -0.487333 0.862015 0.565558 0.424658
  5 24.189723 0.943420 0.169262 0.161761 -0.317993 0.934192 0.565558 0.363992
female.bmp
  4 23.763467 0.857390 0.201605 0.139416 -0.487333 0.862015 0.565558 0.424658
  5 24.548766 0.931859 0.056328 0.364737 -0.872389 0.325429 0.583170 0.317025
  5 24.189723 0.943420 0.169262 0.161761 -0.317993 0.934192 0.565558 0.363992
female.bmp
  5 24.189723 0.943420 0.169262 0.161761 -0.317993 0.934192 0.565558 0.363992
  5 24.548766 0.931859 0.056328 0.364737 -0.872389 0.325429 0.583170 0.317025
  5 24.598782 1.035716 0.141839 0.360079 -0.347171 0.865919 0.571429 0.295499
female.bmp
  5 24.548766 0.931859 0.056328 0.364737 -0.872389 0.325429 0.583170 0.317025
  5 24.644156 1.007493 0.078242 0.839182 -0.478792 0.257937 0.571429 0.277886
  5 24.598782 1.035716 0.141839 0.360079 -0.347171 0.865919 0.571429 0.295499
female.bmp
  5 24.598782 1.035716 0.141839 0.360079 -0.347171 0.865919 0.571429 0.295499
  5 24.644156 1.007493 0.078242 0.839182 -0.478792 0.257937 0.571429 0.277886
  5 24.618940 1.155738 0.128116 0.840997 0.272046 0.467670 0.544031 0.273973
female.bmp
  5 24.644156 1.007493 0.078242 0.839182 -0.478792 0.257937 0.571429 0.277886
  5 24.679319 1.142621 0.029210 0.981989 0.186358 0.031128 0.544031 0.266145
  5 24.618940 1.155738 0.128116 0.840997 0.272046 0.467670 0.544031 0.273973
female.bmp
  5 24.618940 1.155738 0.128116 0.840997 0.272046 0.467670 0.544031 0.273973
  5 24.679319 1.142621 0.029210 0.981989 0.186358 0.031128 0.544031 0.266145
  5 24.607835 1.253216 -0.004830 0.686151 0.702342 -0.189510 0.522505 0.272016
female.bmp
  14 23.423881 2.092056 -0.404057 0.574646 -0.748601 0.330725 0.500978 0.624266
  14 23.420305 2.087912 -0.570099 0.705895 -0.580667 -0.405633 0.514677 0.626223
  14 23.491043 2.161952 -0.406043 0.934549 -0.251784 0.251441 0.514677 0.608611
female.bmp
  14 23.491043 2.161952 -0.406043 0.934549 -0.251784 0.251441 0.514677 0.608611
  14 23.420305 2.087912 -0.570099 0.705895 -0.580667 -0.405633 0.514677 0.626223
  14 23.490183 2.287291 -0.454925 0.911401 0.410349 -0.031002 0.532290 0.600783
female.bmp
  14 23.420305 2.087912 -0.570099 0.705895 -0.580667 -0.405633 0.514677 0.626223
  14 23.415040 2.200431 -0.614952 0.679308 0.109780 -0.725595 0.534247 0.618395
  14 23.490183 2.287291 -0.454925 0.911401 0.410349 -0.031002 0.532290 0.600783
female.bmp
  14 23.490183 2.287291 -0.454925 0.911401 0.410349 -0.031002 0.532290 0.600783
  14 23.415040 2.200431 -0.614952 0.679308 0.109780 -0.725595 0.534247 0.618395
  14 23.334112 2.244655 -0.637199 0.153554 0.494672 -0.855407 0.547945 0.626223
female.bmp
  14 23.415040 2.200431 -0.614952 0.679308 0.109780 -0.725595 0.534247 0.618395
  14 23.149208 2.025905 -0.691596 0.198916 -0.322768 -0.925339 0.530333 0.643836
  14 23.334112 2.244655 -0.637199 0.153554 0.494672 -0.855407 0.547945 0.626223
female.bmp
  14 23.334112 2.244655 -0.637199 0.153554 0.494672 -0.855407 0.547945 0.626223
  14 23.149208 2.025905 -0.691596 0.198916 -0.322768 -0.925339 0.530333 0.643836
  13 22.789602 1.996456 -0.663109 -0.118299 0.252556 -0.960323 0.547945 0.726027
female.bmp
  14 23.149208 2.025905 -0.691596 0.198916 -0.322768 -0.925339 0.530333 0.643836
  13 22.865573 1.815870 -0.579341 0.368670 -0.748257 -0.551538 0.516634 0.731898
  13 22.789602 1.996456 -0.663109 -0.118299 0.252556 -0.960323 0.547945 0.726027
female.bmp
  13 22.789602 1.996456 -0.663109 -0.118299 0.252556 -0.960323 0.547945 0.726027
  13 22.865573 1.815870 -0.579341 0.368670 -0.748257 -0.551538 0.516634 0.731898
  13 22.687668 1.950926 -0.674785 -0.044459 0.230641 -0.972023 0.547945 0.747554
female.bmp
  13 22.865573 1.815870 -0.579341 0.368670 -0.748257 -0.551538 0.516634 0.731898
  13 22.777070 1.766214 -0.589410 0.417090 -0.697526 -0.582661 0.514677 0.753425
  13 22.687668 1.950926 -0.674785 -0.044459 0.230641 -0.972023 0.547945 0.747554
female.bmp
  13 22.687668 1.950926 -0.674785 -0.044459 0.230641 -0.972023 0.547945 0.747554
  13 22.777070 1.766214 -0.589410 0.417090 -0.697526 -0.582661 0.514677 0.753425
  12 22.039097 1.421709 -0.616013 0.457916 -0.601970 -0.654175 0.518591 0.831703
female.bmp
  13 22.777070 1.766214 -0.589410 0.417090 -0.697526 -0.582661 0.514677 0.753425
  12 22.116571 1.401590 -0.347511 0.482899 -0.819515 0.308549 0.500978 0.827789
  12 22.039097 1.421709 -0.616013 0.457916 -0.601970 -0.654175 0.518591 0.831703
female.bmp
  12 22.039097 1.421709 -0.616013 0.457916 -0.601970 -0.654175 0.518591 0.831703
  12 22.116571 1.401590 -0.347511 0.482899 -0.819515 0.308549 0.500978 0.827789
  12 22.058226 1.364261 -0.330122 0.536935 -0.800875 0.265142 0.497065 0.841487
female.bmp
  2 17.867227 -0.272650 0.646635 -0.873860 -0.026781 -0.485439 0.019569 0.868885
  2 17.857227 0.237350 0.526634 -0.902100 -0.249940 -0.351775 0.027397 0.923679
  2 18.017226 -0.262650 0.516635 -0.661193 -0.049931 -0.748552 0.029354 0.870841
female.bmp
  2 18.017226 -0.262650 0.516635 -0.661193 -0.049931 -0.748552 0.029354 0.870841
  2 17.857227 0.237350 0.526634 -0.902100 -0.249940 -0.351775 0.027397 0.923679
  2 18.017226 0.147349 0.376634 -0.732626 -0.400424 -0.550381 0.041096 0.915851
female.bmp
  2 17.857227 0.237350 0.526634 -0.902100 -0.249940 -0.351775 0.027397 0.923679
  2 17.837226 0.587349 0.086633 -0.899545 -0.406021 -0.161141 0.068493 0.964775
  2 18.017226 0.147349 0.376634 -0.732626 -0.400424 -0.550381 0.041096 0.915851
female.bmp
  2 18.017226 0.147349 0.376634 -0.732626 -0.400424 -0.550381 0.041096 0.915851
  2 17.837226 0.587349 0.086633 -0.899545 -0.406021 -0.161141 0.068493 0.964775
  2 17.997226 0.447348 -0.003367 -0.711848 -0.649832 -0.266441 0.082192 0.951076
female.bmp
  2 17.837226 0.587349 0.086633 -0.899545 -0.406021 -0.161141 0.068493 0.964775
  2 17.817225 0.687348 -0.353367 -0.880060 -0.471739 0.054373 0.115460 0.978474
  2 17.997226 0.447348 -0.003367 -0.711848 -0.649832 -0.266441 0.082192 0.951076
female.bmp
  2 17.997226 0.447348 -0.003367 -0.711848 -0.649832 -0.266441 0.082192 0.951076
  2 17.817225 0.687348 -0.353367 -0.880060 -0.471739 0.054373 0.115460 0.978474
  2 17.987225 0.567348 -0.363367 -0.589660 -0.801961 0.095708 0.117417 0.966732
female.bmp
  2 17.817225 0.687348 -0.353367 -0.880060 -0.471739 0.054373 0.115460 0.978474
  2 17.817224 0.527347 -0.663367 -0.877169 -0.347894 0.330975 0.148728 0.964775
  2 17.987225 0.567348 -0.363367 -0.589660 -0.801961 0.095708 0.117417 0.966732
female.bmp
  2 17.987225 0.567348 -0.363367 -0.589660 -0.801961 0.095708 0.117417 0.966732
  2 17.817224 0.527347 -0.663367 -0.877169 -0.347894 0.330975 0.148728 0.964775
  2 17.987225 0.437347 -0.573367 -0.599953 -0.533789 0.595924 0.140900 0.954990
female.bmp
  2 17.817224 0.527347 -0.663367 -0.877169 -0.347894 0.330975 0.148728 0.964775
  2 17.847224 0.187346 -0.803366 -0.866362 -0.111757 0.486751 0.168297 0.927593
  2 17.987225 0.437347 -0.573367 -0.599953 -0.533789 0.595924 0.140900 0.954990
female.bmp
  2 17.987225 0.437347 -0.573367 -0.599953 -0.533789 0.595924 0.140900 0.954990
  2 17.847224 0.187346 -0.803366 -0.866362 -0.111757 0.486751 0.168297 0.927593
  2 17.987224 0.227347 -0.683366 -0.570213 -0.228359 0.789119 0.156556 0.929550
female.bmp
  2 17.847224 0.187346 -0.803366 -0.866362 -0.111757 0.486751 0.168297 0.927593
  2 17.867224 -0.312653 -0.783365 -0.700677 -0.495526 0.513328 0.181996 0.878669
  2 17.987224 0.227347 -0.683366 -0.570213 -0.228359 0.789119 0.156556 0.929550
female.bmp
  2 17.987224 0.227347 -0.683366 -0.570213 -0.228359 0.789119 0.156556 0.929550
  2 17.867224 -0.312653 -0.783365 -0.700677 -0.495526 0.513328 0.181996 0.878669
  2 18.147224 -0.352653 -0.633365 -0.792083 0.081793 0.604909 0.170254 0.874755
female.bmp
  2 18.337224 -0.402654 -0.883365 -0.846443 0.284829 0.449896 0.322896 0.882583
  2 18.337224 -0.412654 -0.903365 -0.857575 -0.275144 -0.434580 0.309198 0.882583
  2 18.337224 -0.482654 -0.823365 -0.864379 0.302856 0.401407 0.322896 0.911937
female.bmp
  2 18.337224 -0.482654 -0.823365 -0.864379 0.302856 0.401407 0.322896 0.911937
  2 18.337224 -0.412654 -0.903365 -0.857575 -0.275144 -0.434580 0.309198 0.882583
  2 18.337224 -0.502654 -0.853365 -0.839517 -0.328908 -0.432470 0.309198 0.911937
female.bmp
  2 18.337224 -0.412654 -0.903365 -0.857575 -0.275144 -0.434580 0.309198 0.882583
  2 18.367224 -0.422654 -0.923365 0.005740 -0.534915 -0.844887 0.293542 0.882583
  2 18.337224 -0.502654 -0.853365 -0.839517 -0.328908 -0.432470 0.309198 0.911937
female.bmp
  2 18.337224 -0.502654 -0.853365 -0.839517 -0.328908 -0.432470 0.309198 0.911937
  2 18.367224 -0.422654 -0.923365 0.005740 -0.534915 -0.844887 0.293542 0.882583
  2 18.367224 -0.512654 -0.863365 0.005693 -0.603740 -0.797161 0.293542 0.911937
female.bmp
  2 18.367224 -0.422654 -0.923365 0.005740 -0.534915 -0.844887 0.293542 0.882583
  2 18.407224 -0.412654 -0.903366 0.860462 -0.272558 -0.430485 0.277886 0.882583
  2 18.367224 -0.512654 -0.863365 0.005693 -0.603740 -0.797161 0.293542 0.911937
female.bmp
  2 18.367224 -0.512654 -0.863365 0.005693 -0.603740 -0.797161 0.293542 0.911937
  2 18.407224 -0.412654 -0.903366 0.860462 -0.272558 -0.430485 0.277886 0.882583
  2 18.407224 -0.502654 -0.853365 0.842576 -0.326227 -0.428533 0.277886 0.911937
female.bmp
  2 18.407224 -0.412654 -0.903366 0.860462 -0.272558 -0.430485 0.277886 0.882583
  2 18.407224 -0.402654 -0.883366 0.849490 0.282225 0.445775 0.264188 0.882583
  2 18.407224 -0.502654 -0.853365 0.842576 -0.326227 -0.428533 0.277886 0.911937
female.bmp
  2 18.407224 -0.502654 -0.853365 0.842576 -0.326227 -0.428533 0.277886 0.911937
  2 18.407224 -0.402654 -0.883366 0.849490 0.282225 0.445775 0.264188 0.882583
  2 18.407224 -0.482654 -0.823365 0.867263 0.300029 0.397287 0.264188 0.911937
female.bmp
  2 18.407224 -0.402654 -0.883366 0.849490 0.282225 0.445775 0.264188 0.882583
  2 18.367224 -0.392654 -0.863366 0.005633 0.534912 0.844889 0.248532 0.882583
  2 18.407224 -0.482654 -0.823365 0.867263 0.300029 0.397287 0.264188 0.911937
female.bmp
  2 18.407224 -0.482654 -0.823365 0.867263 0.300029 0.397287 0.264188 0.911937
  2 18.367224 -0.392654 -0.863366 0.005633 0.534912 0.844889 0.248532 0.882583
  2 18.367224 -0.472654 -0.813365 0.005652 0.604110 0.796881 0.248532 0.911937
female.bmp
  2 18.367224 -0.392654 -0.863366 0.005633 0.534912 0.844889 0.248532 0.882583
  2 18.337224 -0.402654 -0.883365 -0.846443 0.284829 0.449896 0.234834 0.882583
  2 18.367224 -0.472654 -0.813365 0.005652 0.604110 0.796881 0.248532 0.911937
female.bmp
  2 18.367224 -0.472654 -0.813365 0.005652 0.604110 0.796881 0.248532 0.911937
  2 18.337224 -0.402654 -0.883365 -0.846443 0.284829 0.449896 0.234834 0.882583
  2 18.337224 -0.482654 -0.823365 -0.864379 0.302856 0.401407 0.234834 0.911937
female.bmp
  2 18.337224 -0.482654 -0.823365 -0.864379 0.302856 0.401407 0.322896 0.911937
  2 18.337224 -0.502654 -0.853365 -0.839517 -0.328908 -0.432470 0.309198 0.911937
  2 18.337224 -0.562653 -0.753365 -0.876013 0.375863 0.302206 0.322896 0.941292
female.bmp
  2 18.337224 -0.562653 -0.753365 -0.876013 0.375863 0.302206 0.322896 0.941292
  2 18.337224 -0.502654 -0.853365 -0.839517 -0.328908 -0.432470 0.309198 0.911937
  2 18.337224 -0.582654 -0.773365 -0.821282 -0.462963 -0.333408 0.309198 0.941292
female.bmp
  2 18.337224 -0.502654 -0.853365 -0.839517 -0.328908 -0.432470 0.309198 0.911937
  2 18.367224 -0.512654 -0.863365 0.005693 -0.603740 -0.797161 0.293542 0.911937
  2 18.337224 -0.582654 -0.773365 -0.821282 -0.462963 -0.333408 0.309198 0.941292
female.bmp
  2 18.337224 -0.582654 -0.773365 -0.821282 -0.462963 -0.333408 0.309198 0.941292
  2 18.367224 -0.512654 -0.863365 0.005693 -0.603740 -0.797161 0.293542 0.911937
  2 18.367224 -0.602654 -0.783365 0.002173 -0.804856 -0.593466 0.293542 0.941292
female.bmp
  2 18.367224 -0.512654 -0.863365 0.005693 -0.603740 -0.797161 0.293542 0.911937
  2 18.407224 -0.502654 -0.853365 0.842576 -0.326227 -0.428533 0.277886 0.911937
  2 18.367224 -0.602654 -0.783365 0.002173 -0.804856 -0.593466 0.293542 0.941292
female.bmp
  2 18.367224 -0.602654 -0.783365 0.002173 -0.804856 -0.593466 0.293542 0.941292
  2 18.407224 -0.502654 -0.853365 0.842576 -0.326227 -0.428533 0.277886 0.911937
  2 18.407224 -0.582654 -0.773365 0.826582 -0.452509 -0.334661 0.277886 0.941292
female.bmp
  2 18.407224 -0.502654 -0.853365 0.842576 -0.326227 -0.428533 0.277886 0.911937
  2 18.407224 -0.482654 -0.823365 0.867263 0.300029 0.397287 0.264188 0.911937
  2 18.407224 -0.582654 -0.773365 0.826582 -0.452509 -0.334661 0.277886 0.941292
female.bmp
  2 18.407224 -0.582654 -0.773365 0.826582 -0.452509 -0.334661 0.277886 0.941292
  2 18.407224 -0.482654 -0.823365 0.867263 0.300029 0.397287 0.264188 0.911937
  2 18.407224 -0.562653 -0.753365 0.879228 0.372034 0.297572 0.264188 0.941292
female.bmp
  2 18.407224 -0.482654 -0.823365 0.867263 0.300029 0.397287 0.264188 0.911937
  2 18.367224 -0.472654 -0.813365 0.005652 0.604110 0.796881 0.248532 0.911937
  2 18.407224 -0.562653 -0.753365 0.879228 0.372034 0.297572 0.264188 0.941292
female.bmp
  2 18.407224 -0.562653 -0.753365 0.879228 0.372034 0.297572 0.264188 0.941292
  2 18.367224 -0.472654 -0.813365 0.005652 0.604110 0.796881 0.248532 0.911937
  2 18.367224 -0.542653 -0.743365 0.004634 0.778385 0.627770 0.248532 0.941292
female.bmp
  2 18.367224 -0.472654 -0.813365 0.005652 0.604110 0.796881 0.248532 0.911937
  2 18.337224 -0.482654 -0.823365 -0.864379 0.302856 0.401407 0.234834 0.911937
  2 18.367224 -0.542653 -0.743365 0.004634 0.778385 0.627770 0.248532 0.941292
female.bmp
  2 18.367224 -0.542653 -0.743365 0.004634 0.778385 0.627770 0.248532 0.941292
  2 18.337224 -0.482654 -0.823365 -0.864379 0.302856 0.401407 0.234834 0.911937
  2 18.337224 -0.562653 -0.753365 -0.876013 0.375863 0.302206 0.234834 0.941292
female.bmp
  2 18.337224 -0.562653 -0.753365 -0.876013 0.375863 0.302206 0.322896 0.941292
  2 18.337224 -0.582654 -0.773365 -0.821282 -0.462963 -0.333408 0.309198 0.941292
  2 18.337224 -0.612653 -0.653365 -0.914861 0.352284 0.197293 0.322896 0.970646
female.bmp
  2 18.337224 -0.612653 -0.653365 -0.914861 0.352284 0.197293 0.322896 0.970646
  2 18.337224 -0.582654 -0.773365 -0.821282 -0.462963 -0.333408 0.309198 0.941292
  2 18.337224 -0.642653 -0.653365 -0.781957 -0.564281 -0.264821 0.309198 0.970646
female.bmp
  2 18.337224 -0.582654 -0.773365 -0.821282 -0.462963 -0.333408 0.309198 0.941292
  2 18.367224 -0.602654 -0.783365 0.002173 -0.804856 -0.593466 0.293542 0.941292
  2 18.337224 -0.642653 -0.653365 -0.781957 -0.564281 -0.264821 0.309198 0.970646
female.bmp
  2 18.337224 -0.642653 -0.653365 -0.781957 -0.564281 -0.264821 0.309198 0.970646
  2 18.367224 -0.602654 -0.783365 0.002173 -0.804856 -0.593466 0.293542 0.941292
  2 18.367224 -0.662653 -0.643365 -0.000269 -0.908148 -0.418650 0.293542 0.970646
female.bmp
  2 18.367224 -0.602654 -0.783365 0.002173 -0.804856 -0.593466 0.293542 0.941292
  2 18.407224 -0.582654 -0.773365 0.826582 -0.452509 -0.334661 0.277886 0.941292
  2 18.367224 -0.662653 -0.643365 -0.000269 -0.908148 -0.418650 0.293542 0.970646
female.bmp
  2 18.367224 -0.662653 -0.643365 -0.000269 -0.908148 -0.418650 0.293542 0.970646
  2 18.407224 -0.582654 -0.773365 0.826582 -0.452509 -0.334661 0.277886 0.941292
  2 18.407224 -0.642653 -0.653365 0.795157 -0.554659 -0.245110 0.277886 0.970646
female.bmp
  2 18.407224 -0.582654 -0.773365 0.826582 -0.452509 -0.334661 0.277886 0.941292
  2 18.407224 -0.562653 -0.753365 0.879228 0.372034 0.297572 0.264188 0.941292
  2 18.407224 -0.642653 -0.653365 0.795157 -0.554659 -0.245110 0.277886 0.970646
female.bmp
  2 18.407224 -0.642653 -0.653365 0.795157 -0.554659 -0.245110 0.277886 0.970646
  2 18.407224 -0.562653 -0.753365 0.879228 0.372034 0.297572 0.264188 0.941292
  2 18.407224 -0.612653 -0.653365 0.917327 0.346164 0.196675 0.264188 0.970646
female.bmp
  2 18.407224 -0.562653 -0.753365 0.879228 0.372034 0.297572 0.264188 0.941292
  2 18.367224 -0.542653 -0.743365 0.004634 0.778385 0.627770 0.248532 0.941292
  2 18.407224 -0.612653 -0.653365 0.917327 0.346164 0.196675 0.264188 0.970646
female.bmp
  2 18.407224 -0.612653 -0.653365 0.917327 0.346164 0.196675 0.264188 0.970646
  2 18.367224 -0.542653 -0.743365 0.004634 0.778385 0.627770 0.248532 0.941292
  2 18.367224 -0.602653 -0.653365 0.003353 0.870186 0.492712 0.248532 0.970646
female.bmp
  2 18.367224 -0.542653 -0.743365 0.004634 0.778385 0.627770 0.248532 0.941292
  2 18.337224 -0.562653 -0.753365 -0.876013 0.375863 0.302206 0.234834 0.941292
  2 18.367224 -0.602653 -0.653365 0.003353 0.870186 0.492712 0.248532 0.970646
female.bmp
  2 18.367224 -0.602653 -0.653365 0.003353 0.870186 0.492712 0.248532 0.970646
  2 18.337224 -0.562653 -0.753365 -0.876013 0.375863 0.302206 0.234834 0.941292
  2 18.337224 -0.612653 -0.653365 -0.914861 0.352284 0.197293 0.234834 0.970646
female.bmp
  8 24.958742 -0.409325 0.232814 0.179524 -0.952195 0.247175 0.500978 0.624266
  8 24.988283 -0.396191 0.030688 0.467816 -0.806180 -0.362246 0.514677 0.626223
  8 25.069904 -0.355123 0.247140 0.787139 -0.576510 0.219201 0.514677 0.608611
female.bmp
  8 25.069904 -0.355123 0.247140 0.787139 -0.576510 0.219201 0.514677 0.608611
  8 24.988283 -0.396191 0.030688 0.467816 -0.806180 -0.362246 0.514677 0.626223
  8 25.040278 -0.291655 -0.000436 0.789413 -0.197800 -0.581122 0.534247 0.618395
female.bmp
  8 24.988283 -0.396191 0.030688 0.467816 -0.806180 -0.362246 0.514677 0.626223
  8 24.718888 -0.326256 -0.174825 0.202195 -0.282552 -0.937700 0.530333 0.643836
  8 25.040278 -0.291655 -0.000436 0.789413 -0.197800 -0.581122 0.534247 0.618395
female.bmp
  8 25.040278 -0.291655 -0.000436 0.789413 -0.197800 -0.581122 0.534247 0.618395
  8 24.718888 -0.326256 -0.174825 0.202195 -0.282552 -0.937700 0.530333 0.643836
  8 24.982387 -0.178130 -0.043573 0.486515 0.420831 -0.765640 0.547945 0.626223
female.bmp
  8 24.718888 -0.326256 -0.174825 0.202195 -0.282552 -0.937700 0.530333 0.643836
  8 24.231998 -0.168047 -0.164460 0.023288 0.318071 -0.947781 0.547945 0.726027
  8 24.982387 -0.178130 -0.043573 0.486515 0.420831 -0.765640 0.547945 0.626223
female.bmp
  8 24.982387 -0.178130 -0.043573 0.486515 0.420831 -0.765640 0.547945 0.626223
  8 24.231998 -0.168047 -0.164460 0.023288 0.318071 -0.947781 0.547945 0.726027
  7 24.175977 0.023999 0.039501 0.059439 0.951111 -0.303076 0.571429 0.737769
female.bmp
  8 24.231998 -0.168047 -0.164460 0.023288 0.318071 -0.947781 0.547945 0.726027
  7 24.041575 -0.182355 -0.175334 0.005284 0.208308 -0.978049 0.547945 0.747554
  7 24.175977 0.023999 0.039501 0.059439 0.951111 -0.303076 0.571429 0.737769
female.bmp
  7 24.175977 0.023999 0.039501 0.059439 0.951111 -0.303076 0.571429 0.737769
  7 24.041575 -0.182355 -0.175334 0.005284 0.208308 -0.978049 0.547945 0.747554
  7 23.006351 0.071488 0.019021 0.030487 0.926628 -0.374742 0.573386 0.827789
female.bmp
  7 24.041575 -0.182355 -0.175334 0.005284 0.208308 -0.978049 0.547945 0.747554
  7 23.010564 -0.146828 -0.156535 0.005284 0.208308 -0.978049 0.547945 0.831703
  7 23.006351 0.071488 0.019021 0.030487 0.926628 -0.374742 0.573386 0.827789
female.bmp
  7 23.006351 0.071488 0.019021 0.030487 0.926628 -0.374742 0.573386 0.827789
  7 23.010564 -0.146828 -0.156535 0.005284 0.208308 -0.978049 0.547945 0.831703
  6 22.905529 0.081241 0.044892 0.082831 0.932502 -0.351539 0.573386 0.837573
female.bmp
  7 23.010564 -0.146828 -0.156535 0.005284 0.208308 -0.978049 0.547945 0.831703
  6 22.845715 -0.135014 -0.163329 0.097655 0.219533 -0.970705 0.547945 0.841487
  6 22.905529 0.081241 0.044892 0.082831 0.932502 -0.351539 0.573386 0.837573
female.bmp
  15 20.623240 -1.530401 -0.588804 0.636743 -0.210109 -0.741898 0.457926 0.031311
  15 20.777038 -1.481343 -0.300985 0.790170 -0.612799 -0.010482 0.475538 0.021526
  16 20.656193 -1.935583 -0.536499 0.856337 0.022854 -0.515911 0.463796 0.050881
female.bmp
  16 20.656193 -1.935583 -0.536499 0.856337 0.022854 -0.515911 0.463796 0.050881
  15 20.777038 -1.481343 -0.300985 0.790170 -0.612799 -0.010482 0.475538 0.021526
  16 20.744654 -1.973666 -0.260955 0.983208 -0.054005 0.174313 0.487280 0.045010
female.bmp
  15 20.777038 -1.481343 -0.300985 0.790170 -0.612799 -0.010482 0.475538 0.021526
  16 20.465022 -2.085573 0.122558 0.520282 -0.229708 0.822521 0.522505 0.052838
  16 20.744654 -1.973666 -0.260955 0.983208 -0.054005 0.174313 0.487280 0.045010
female.bmp
  16 20.744654 -1.973666 -0.260955 0.983208 -0.054005 0.174313 0.487280 0.045010
  16 20.465022 -2.085573 0.122558 0.520282 -0.229708 0.822521 0.522505 0.052838
  16 20.714411 -2.531007 -0.297791 0.960390 0.033532 0.276635 0.495108 0.088063
female.bmp
  16 20.465022 -2.085573 0.122558 0.520282 -0.229708 0.822521 0.522505 0.052838
  16 20.556747 -2.590715 0.010230 0.486373 -0.139516 0.862541 0.516634 0.091977
  16 20.714411 -2.531007 -0.297791 0.960390 0.033532 0.276635 0.495108 0.088063
female.bmp
  16 20.714411 -2.531007 -0.297791 0.960390 0.033532 0.276635 0.495108 0.088063
  16 20.556747 -2.590715 0.010230 0.486373 -0.139516 0.862541 0.516634 0.091977
  17 20.586531 -3.077998 -0.106758 0.480680 -0.709286 0.515615 0.516634 0.129159
female.bmp
  16 20.556747 -2.590715 0.010230 0.486373 -0.139516 0.862541 0.516634 0.091977
  16 20.241534 -2.683693 -0.048043 -0.237771 -0.305321 0.922087 0.544031 0.093933
  17 20.586531 -3.077998 -0.106758 0.480680 -0.709286 0.515615 0.516634 0.129159
female.bmp
  17 20.586531 -3.077998 -0.106758 0.480680 -0.709286 0.515615 0.516634 0.129159
  16 20.241534 -2.683693 -0.048043 -0.237771 -0.305321 0.922087 0.544031 0.093933
  17 20.303952 -3.145482 -0.120724 -0.292077 -0.298717 0.908548 0.536204 0.129159
female.bmp
  16 20.241534 -2.683693 -0.048043 -0.237771 -0.305321 0.922087 0.544031 0.093933
  17 20.145830 -3.200340 -0.236431 -0.409461 -0.826928 0.385399 0.549902 0.133072
  17 20.303952 -3.145482 -0.120724 -0.292077 -0.298717 0.908548 0.536204 0.129159
female.bmp
  17 20.303952 -3.145482 -0.120724 -0.292077 -0.298717 0.908548 0.536204 0.129159
  17 20.145830 -3.200340 -0.236431 -0.409461 -0.826928 0.385399 0.549902 0.133072
  17 20.166517 -3.193896 -0.306649 0.343174 -0.938492 -0.038279 0.547945 0.138943
female.bmp
  17 20.145830 -3.200340 -0.236431 -0.409461 -0.826928 0.385399 0.549902 0.133072
  17 20.120739 -3.198417 -0.518507 -0.864602 -0.498111 -0.065948 0.561644 0.138943
  17 20.166517 -3.193896 -0.306649 0.343174 -0.938492 -0.038279 0.547945 0.138943
female.bmp
  2 18.067226 0.447348 -0.023367 0.100844 0.878257 0.467435 0.285714 0.031311
  1 16.478391 0.288520 0.452586 0.127592 0.635140 0.761786 0.326810 0.131115
  2 18.047226 0.157349 0.356634 0.110259 0.601282 0.791393 0.330724 0.033268
female.bmp
  2 18.047226 0.157349 0.356634 0.110259 0.601282 0.791393 0.330724 0.033268
  1 16.478391 0.288520 0.452586 0.127592 0.635140 0.761786 0.326810 0.131115
  1 16.471063 -0.221460 0.692727 0.128354 0.099366 0.986738 0.369863 0.131115
female.bmp
  1 16.478391 0.288520 0.452586 0.127592 0.635140 0.761786 0.326810 0.131115
  1 14.408308 0.480323 0.718046 0.127592 0.635140 0.761786 0.332681 0.244618
  1 16.471063 -0.221460 0.692727 0.128354 0.099366 0.986738 0.369863 0.131115
female.bmp
  1 16.471063 -0.221460 0.692727 0.128354 0.099366 0.986738 0.369863 0.131115
  1 14.408308 0.480323 0.718046 0.127592 0.635140 0.761786 0.332681 0.244618
  1 14.411712 -0.199611 0.978198 0.128354 0.099366 0.986738 0.377691 0.244618
female.bmp
  1 14.408308 0.480323 0.718046 0.127592 0.635140 0.761786 0.332681 0.244618
  1 13.012207 -0.225159 1.131925 0.078894 0.073451 0.994173 0.385519 0.358121
  1 14.411712 -0.199611 0.978198 0.128354 0.099366 0.986738 0.377691 0.244618
female.bmp
  1 14.411712 -0.199611 0.978198 0.128354 0.099366 0.986738 0.377691 0.244618
  1 13.012207 -0.225159 1.131925 0.078894 0.073451 0.994173 0.385519 0.358121
  1 13.074533 -0.874938 1.031912 0.071095 -0.478668 0.875113 0.438356 0.354207
female.bmp
  1 13.012207 -0.225159 1.131925 0.078894 0.073451 0.994173 0.385519 0.358121
  1 9.981975 -0.097220 1.249952 0.016705 0.084122 0.996315 0.381605 0.536204
  1 13.074533 -0.874938 1.031912 0.071095 -0.478668 0.875113 0.438356 0.354207
female.bmp
  1 13.074533 -0.874938 1.031912 0.071095 -0.478668 0.875113 0.438356 0.354207
  1 9.981975 -0.097220 1.249952 0.016705 0.084122 0.996315 0.381605 0.536204
  1 9.994502 -0.797198 1.150084 0.013874 -0.439458 0.898156 0.430528 0.538160
female.bmp
  1 9.981975 -0.097220 1.249952 0.016705 0.084122 0.996315 0.381605 0.536204
  1 10.130772 -0.969912 1.157644 0.062773 -0.415834 0.907271 0.432485 0.567515
  1 9.994502 -0.797198 1.150084 0.013874 -0.439458 0.898156 0.430528 0.538160
female.bmp
  1 9.994502 -0.797198 1.150084 0.013874 -0.439458 0.898156 0.430528 0.538160
  1 10.130772 -0.969912 1.157644 0.062773 -0.415834 0.907271 0.432485 0.567515
  1 10.120786 -1.529913 0.607645 0.130767 -0.890894 0.434980 0.471624 0.567515
female.bmp
  1 10.130772 -0.969912 1.157644 0.062773 -0.415834 0.907271 0.432485 0.567515
  1 9.580786 -1.669913 0.617632 0.199109 -0.882137 0.426836 0.471624 0.590998
  1 10.120786 -1.529913 0.607645 0.130767 -0.890894 0.434980 0.471624 0.567515
female.bmp
  29 -21.274808 1.744833 -0.730921 0.099986 0.283642 -0.953703 0.547945 0.841487
  29 -21.341194 1.770219 -0.723966 0.099986 0.283642 -0.953703 0.547945 0.831703
  29 -21.276777 1.905636 -0.545885 0.407176 0.756548 -0.511705 0.573386 0.837573
female.bmp
  29 -21.276777 1.905636 -0.545885 0.407176 0.756548 -0.511705 0.573386 0.837573
  29 -21.341194 1.770219 -0.723966 0.099986 0.283642 -0.953703 0.547945 0.831703
  29 -21.338156 1.942167 -0.531807 0.386357 0.808396 -0.444099 0.573386 0.827789
female.bmp
  29 -21.341194 1.770219 -0.723966 0.099986 0.283642 -0.953703 0.547945 0.831703
  30 -22.088529 2.101816 -0.714553 0.044461 0.230647 -0.972021 0.547945 0.747554
  29 -21.338156 1.942167 -0.531807 0.386357 0.808396 -0.444099 0.573386 0.827789
female.bmp
  29 -21.338156 1.942167 -0.531807 0.386357 0.808396 -0.444099 0.573386 0.827789
  30 -22.088529 2.101816 -0.714553 0.044461 0.230647 -0.972021 0.547945 0.747554
  30 -22.084394 2.286556 -0.516680 0.347812 0.895158 -0.278781 0.571429 0.737769
female.bmp
  30 -22.088529 2.101816 -0.714553 0.044461 0.230647 -0.972021 0.547945 0.747554
  30 -22.199380 2.151778 -0.703798 0.118299 0.252559 -0.960323 0.547945 0.726027
  30 -22.084394 2.286556 -0.516680 0.347812 0.895158 -0.278781 0.571429 0.737769
female.bmp
  30 -22.084394 2.286556 -0.516680 0.347812 0.895158 -0.278781 0.571429 0.737769
  30 -22.199380 2.151778 -0.703798 0.118299 0.252559 -0.960323 0.547945 0.726027
  31 -22.740613 2.403250 -0.680105 -0.153555 0.494674 -0.855406 0.547945 0.626223
female.bmp
  30 -22.199380 2.151778 -0.703798 0.118299 0.252559 -0.960323 0.547945 0.726027
  31 -22.551302 2.171680 -0.730472 -0.198915 -0.322764 -0.925341 0.530333 0.643836
  31 -22.740613 2.403250 -0.680105 -0.153555 0.494674 -0.855406 0.547945 0.626223
female.bmp
  31 -22.740613 2.403250 -0.680105 -0.153555 0.494674 -0.855406 0.547945 0.626223
  31 -22.551302 2.171680 -0.730472 -0.198915 -0.322764 -0.925341 0.530333 0.643836
  31 -22.826055 2.350468 -0.655333 -0.679312 0.109783 -0.725592 0.534247 0.618395
female.bmp
  31 -22.551302 2.171680 -0.730472 -0.198915 -0.322764 -0.925341 0.530333 0.643836
  31 -22.817886 2.242245 -0.611502 -0.705896 -0.580666 -0.405633 0.514677 0.626223
  31 -22.826055 2.350468 -0.655333 -0.679312 0.109783 -0.725592 0.534247 0.618395
female.bmp
  31 -22.826055 2.350468 -0.655333 -0.679312 0.109783 -0.725592 0.534247 0.618395
  31 -22.817886 2.242245 -0.611502 -0.705896 -0.580666 -0.405633 0.514677 0.626223
  31 -22.896686 2.445886 -0.497832 -0.911401 0.410349 -0.031000 0.532290 0.600783
female.bmp
  31 -22.817886 2.242245 -0.611502 -0.705896 -0.580666 -0.405633 0.514677 0.626223
  31 -22.897545 2.320547 -0.448950 -0.934550 -0.251779 0.251442 0.514677 0.608611
  31 -22.896686 2.445886 -0.497832 -0.911401 0.410349 -0.031000 0.532290 0.600783
female.bmp
  23 -22.243876 0.018142 -0.204138 -0.097654 0.219535 -0.970705 0.547945 0.841487
  24 -22.412434 0.008839 -0.203275 -0.005283 0.208311 -0.978048 0.547945 0.831703
  23 -22.313773 0.232051 -0.006003 -0.082829 0.932503 -0.351537 0.573386 0.837573
female.bmp
  23 -22.313773 0.232051 -0.006003 -0.082829 0.932503 -0.351537 0.573386 0.837573
  24 -22.412434 0.008839 -0.203275 -0.005283 0.208311 -0.978048 0.547945 0.831703
  24 -22.407910 0.230013 -0.018177 -0.030485 0.926629 -0.374740 0.573386 0.827789
female.bmp
  24 -22.412434 0.008839 -0.203275 -0.005283 0.208311 -0.978048 0.547945 0.831703
  24 -23.443136 -0.023869 -0.212474 -0.005283 0.208311 -0.978048 0.547945 0.747554
  24 -22.407910 0.230013 -0.018177 -0.030485 0.926629 -0.374740 0.573386 0.827789
female.bmp
  24 -22.407910 0.230013 -0.018177 -0.030485 0.926629 -0.374740 0.573386 0.827789
  24 -23.443136 -0.023869 -0.212474 -0.005283 0.208311 -0.978048 0.547945 0.747554
  24 -23.577846 0.179713 -0.007272 -0.059439 0.951111 -0.303075 0.571429 0.737769
female.bmp
  24 -23.443136 -0.023869 -0.212474 -0.005283 0.208311 -0.978048 0.547945 0.747554
  25 -23.634875 -0.014433 -0.215181 -0.023289 0.318072 -0.947781 0.547945 0.726027
  24 -23.577846 0.179713 -0.007272 -0.059439 0.951111 -0.303075 0.571429 0.737769
female.bmp
  24 -23.577846 0.179713 -0.007272 -0.059439 0.951111 -0.303075 0.571429 0.737769
  25 -23.634875 -0.014433 -0.215181 -0.023289 0.318072 -0.947781 0.547945 0.726027
  25 -24.385605 -0.025291 -0.083701 -0.486518 0.420831 -0.765638 0.547945 0.626223
female.bmp
  25 -23.634875 -0.014433 -0.215181 -0.023289 0.318072 -0.947781 0.547945 0.726027
  25 -24.122995 -0.168723 -0.226750 -0.202195 -0.282550 -0.937701 0.530333 0.643836
  25 -24.385605 -0.025291 -0.083701 -0.486518 0.420831 -0.765638 0.547945 0.626223
female.bmp
  25 -24.385605 -0.025291 -0.083701 -0.486518 0.420831 -0.765638 0.547945 0.626223
  25 -24.122995 -0.168723 -0.226750 -0.202195 -0.282550 -0.937701 0.530333 0.643836
  25 -24.444510 -0.138354 -0.040724 -0.789412 -0.197798 -0.581123 0.534247 0.618395
female.bmp
  25 -24.122995 -0.168723 -0.226750 -0.202195 -0.282550 -0.937701 0.530333 0.643836
  25 -24.393432 -0.243309 -0.009492 -0.467816 -0.806179 -0.362249 0.514677 0.626223
  25 -24.444510 -0.138354 -0.040724 -0.789412 -0.197798 -0.581123 0.534247 0.618395
female.bmp
  25 -24.444510 -0.138354 -0.040724 -0.789412 -0.197798 -0.581123 0.534247 0.618395
  25 -24.393432 -0.243309 -0.009492 -0.467816 -0.806179 -0.362249 0.514677 0.626223
  25 -24.475243 -0.201621 0.206769 -0.787139 -0.576509 0.219200 0.514677 0.608611
female.bmp
  25 -24.393432 -0.243309 -0.009492 -0.467816 -0.806179 -0.362249 0.514677 0.626223
  25 -24.364493 -0.249927 0.180294 -0.179524 -0.952196 0.247173 0.500978 0.624266
  25 -24.475243 -0.201621 0.206769 -0.787139 -0.576509 0.219200 0.514677 0.608611
female.bmp
  22 -24.081414 1.297942 -0.014321 -0.981988 0.186360 0.031129 0.544031 0.266145
  22 -24.056245 1.162483 0.024634 -0.839183 -0.478790 0.257939 0.571429 0.277886
  22 -24.021278 1.308226 0.074998 -0.840996 0.272045 0.467673 0.544031 0.273973
female.bmp
  22 -24.021278 1.308226 0.074998 -0.840996 0.272045 0.467673 0.544031 0.273973
  22 -24.056245 1.162483 0.024634 -0.839183 -0.478790 0.257939 0.571429 0.277886
  22 -24.003720 1.178922 0.091499 -0.360078 -0.347171 0.865919 0.571429 0.295499
female.bmp
  22 -24.056245 1.162483 0.024634 -0.839183 -0.478790 0.257939 0.571429 0.277886
  22 -23.950989 1.087105 0.012828 -0.364736 -0.872390 0.325429 0.583170 0.317025
  22 -24.003720 1.178922 0.091499 -0.360078 -0.347171 0.865919 0.571429 0.295499
female.bmp
  22 -24.003720 1.178922 0.091499 -0.360078 -0.347171 0.865919 0.571429 0.295499
  22 -23.950989 1.087105 0.012828 -0.364736 -0.872390 0.325429 0.583170 0.317025
  22 -23.592191 1.095658 0.116224 -0.161762 -0.317992 0.934192 0.565558 0.363992
female.bmp
  22 -23.950989 1.087105 0.012828 -0.364736 -0.872390 0.325429 0.583170 0.317025
  21 -23.174759 1.010709 0.151448 -0.139418 -0.487335 0.862013 0.565558 0.424658
  22 -23.592191 1.095658 0.116224 -0.161762 -0.317992 0.934192 0.565558 0.363992
female.bmp
  22 -23.592191 1.095658 0.116224 -0.161762 -0.317992 0.934192 0.565558 0.363992
  21 -23.174759 1.010709 0.151448 -0.139418 -0.487335 0.862013 0.565558 0.424658
  21 -23.146681 1.207819 0.186931 -0.034649 0.331758 0.942728 0.542074 0.420744
female.bmp
  21 -23.174759 1.010709 0.151448 -0.139418 -0.487335 0.862013 0.565558 0.424658
  20 -22.065756 1.021391 0.214107 -0.052678 0.378890 0.923941 0.540117 0.551859
  21 -23.146681 1.207819 0.186931 -0.034649 0.331758 0.942728 0.542074 0.420744
female.bmp
  21 -23.146681 1.207819 0.186931 -0.034649 0.331758 0.942728 0.542074 0.420744
  20 -22.065756 1.021391 0.214107 -0.052678 0.378890 0.923941 0.540117 0.551859
  21 -23.086278 1.335171 0.054519 0.096560 0.929463 0.356055 0.518591 0.422701
female.bmp
  20 -22.065756 1.021391 0.214107 -0.052678 0.378890 0.923941 0.540117 0.551859
  20 -22.026240 1.166926 0.087387 0.037556 0.906964 0.419530 0.518591 0.551859
  21 -23.086278 1.335171 0.054519 0.096560 0.929463 0.356055 0.518591 0.422701
female.bmp
  21 -23.086278 1.335171 0.054519 0.096560 0.929463 0.356055 0.518591 0.422701
  20 -22.026240 1.166926 0.087387 0.037556 0.906964 0.419530 0.518591 0.551859
  21 -23.070120 1.322027 -0.119165 0.123612 0.924387 -0.360873 0.504892 0.432485
female.bmp
  20 -22.026240 1.166926 0.087387 0.037556 0.906964 0.419530 0.518591 0.551859
  20 -21.976317 1.161371 -0.102289 0.125087 0.925586 -0.357273 0.499022 0.557730
  21 -23.070120 1.322027 -0.119165 0.123612 0.924387 -0.360873 0.504892 0.432485
female.bmp
  34 -19.513661 -3.036339 -0.519702 0.866231 -0.495525 -0.064026 0.561644 0.138943
  34 -19.544001 -3.032537 -0.235686 0.412533 -0.823546 0.389344 0.549902 0.133072
  34 -19.565247 -3.026434 -0.295781 -0.340020 -0.939832 -0.033196 0.547945 0.138943
female.bmp
  34 -19.565247 -3.026434 -0.295781 -0.340020 -0.939832 -0.033196 0.547945 0.138943
  34 -19.544001 -3.032537 -0.235686 0.412533 -0.823546 0.389344 0.549902 0.133072
  34 -19.702263 -2.982365 -0.118060 0.293743 -0.293050 0.909855 0.536204 0.129159
female.bmp
  34 -19.544001 -3.032537 -0.235686 0.412533 -0.823546 0.389344 0.549902 0.133072
  33 -19.649960 -2.512356 -0.046242 0.239468 -0.299769 0.923468 0.544031 0.093933
  34 -19.702263 -2.982365 -0.118060 0.293743 -0.293050 0.909855 0.536204 0.129159
female.bmp
  34 -19.702263 -2.982365 -0.118060 0.293743 -0.293050 0.909855 0.536204 0.129159
  33 -19.649960 -2.512356 -0.046242 0.239468 -0.299769 0.923468 0.544031 0.093933
  34 -19.985633 -2.918958 -0.101295 -0.477910 -0.708242 0.519611 0.516634 0.129159
female.bmp
  33 -19.649960 -2.512356 -0.046242 0.239468 -0.299769 0.923468 0.544031 0.093933
  33 -19.957196 -2.426042 0.004315 -0.485273 -0.136718 0.863608 0.516634 0.091977
  34 -19.985633 -2.918958 -0.101295 -0.477910 -0.708242 0.519611 0.516634 0.129159
female.bmp
  34 -19.985633 -2.918958 -0.101295 -0.477910 -0.708242 0.519611 0.516634 0.129159
  33 -19.957196 -2.426042 0.004315 -0.485273 -0.136718 0.863608 0.516634 0.091977
  33 -20.117964 -2.377087 -0.292766 -0.960298 0.031711 0.277168 0.495108 0.088063
female.bmp
  33 -19.957196 -2.426042 0.004315 -0.485273 -0.136718 0.863608 0.516634 0.091977
  33 -19.868063 -1.924877 0.125511 -0.518908 -0.227227 0.824076 0.522505 0.052838
  33 -20.117964 -2.377087 -0.292766 -0.960298 0.031711 0.277168 0.495108 0.088063
female.bmp
  33 -20.117964 -2.377087 -0.292766 -0.960298 0.031711 0.277168 0.495108 0.088063
  33 -19.868063 -1.924877 0.125511 -0.518908 -0.227227 0.824076 0.522505 0.052838
  33 -20.138201 -1.805921 -0.263430 -0.982894 -0.056427 0.175316 0.487280 0.045010
female.bmp
  33 -19.868063 -1.924877 0.125511 -0.518908 -0.227227 0.824076 0.522505 0.052838
  32 -20.180113 -1.324731 -0.296846 -0.788097 -0.615515 -0.006743 0.475538 0.021526
  33 -20.138201 -1.805921 -0.263430 -0.982894 -0.056427 0.175316 0.487280 0.045010
female.bmp
  33 -20.138201 -1.805921 -0.263430 -0.982894 -0.056427 0.175316 0.487280 0.045010
  32 -20.180113 -1.324731 -0.296846 -0.788097 -0.615515 -0.006743 0.475538 0.021526
  33 -20.056363 -1.776997 -0.531508 -0.856782 0.017303 -0.515388 0.463796 0.050881
female.bmp
  32 -20.180113 -1.324731 -0.296846 -0.788097 -0.615515 -0.006743 0.475538 0.021526
  32 -20.025619 -1.367597 -0.585280 -0.636564 -0.216077 -0.740336 0.457926 0.031311
  33 -20.056363 -1.776997 -0.531508 -0.856782 0.017303 -0.515388 0.463796 0.050881
female.bmp
  19 -17.430535 -0.109094 0.470535 0.669113 -0.050788 -0.741423 0.029354 0.870841
  19 -17.430535 0.300621 0.339639 0.737962 -0.401373 -0.542505 0.041096 0.915851
  19 -17.270535 0.390949 0.489442 0.905497 -0.251104 -0.342084 0.027397 0.923679
female.bmp
  19 -17.270535 0.390949 0.489442 0.905497 -0.251104 -0.342084 0.027397 0.923679
  19 -17.430535 0.300621 0.339639 0.737962 -0.401373 -0.542505 0.041096 0.915851
  19 -17.240535 0.739986 0.048678 0.900695 -0.407181 -0.151498 0.068493 0.964775
female.bmp
  19 -17.430535 0.300621 0.339639 0.737962 -0.401373 -0.542505 0.041096 0.915851
  19 -17.400535 0.599767 -0.051016 0.713822 -0.650752 -0.258805 0.082192 0.951076
  19 -17.240535 0.739986 0.048678 0.900695 -0.407181 -0.151498 0.068493 0.964775
female.bmp
  19 -17.240535 0.739986 0.048678 0.900695 -0.407181 -0.151498 0.068493 0.964775
  19 -17.400535 0.599767 -0.051016 0.713822 -0.650752 -0.258805 0.082192 0.951076
  19 -17.210534 0.839024 -0.391539 0.878815 -0.472879 0.063796 0.115460 0.978474
female.bmp
  19 -17.400535 0.599767 -0.051016 0.713822 -0.650752 -0.258805 0.082192 0.951076
  19 -17.380534 0.729002 -0.401299 0.587563 -0.802722 0.102014 0.117417 0.966732
  19 -17.210534 0.839024 -0.391539 0.878815 -0.472879 0.063796 0.115460 0.978474
female.bmp
  19 -17.210534 0.839024 -0.391539 0.878815 -0.472879 0.063796 0.115460 0.978474
  19 -17.380534 0.729002 -0.401299 0.587563 -0.802722 0.102014 0.117417 0.966732
  19 -17.220533 0.678346 -0.701189 0.873128 -0.349018 0.340343 0.148728 0.964775
female.bmp
  19 -17.380534 0.729002 -0.401299 0.587563 -0.802722 0.102014 0.117417 0.966732
  19 -17.380533 0.598543 -0.611014 0.592840 -0.534564 0.602315 0.140900 0.954990
  19 -17.220533 0.678346 -0.701189 0.873128 -0.349018 0.340343 0.148728 0.964775
female.bmp
  19 -17.220533 0.678346 -0.701189 0.873128 -0.349018 0.340343 0.148728 0.964775
  19 -17.380533 0.598543 -0.611014 0.592840 -0.534564 0.602315 0.140900 0.954990
  19 -17.240533 0.338041 -0.840445 0.860958 -0.112876 0.495995 0.168297 0.927593
female.bmp
  19 -17.380533 0.598543 -0.611014 0.592840 -0.534564 0.602315 0.140900 0.954990
  19 -17.390533 0.378303 -0.720533 0.561429 -0.229093 0.795181 0.156556 0.929550
  19 -17.240533 0.338041 -0.840445 0.860958 -0.112876 0.495995 0.168297 0.927593
female.bmp
  19 -17.240533 0.338041 -0.840445 0.860958 -0.112876 0.495995 0.168297 0.927593
  19 -17.390533 0.378303 -0.720533 0.561429 -0.229093 0.795181 0.156556 0.929550
  19 -17.260532 -0.161936 -0.829352 0.694503 -0.496429 0.520792 0.181996 0.878669
female.bmp
  19 -17.390533 0.378303 -0.720533 0.561429 -0.229093 0.795181 0.156556 0.929550
  19 -17.540533 -0.201586 -0.669265 0.785661 0.080771 0.613361 0.170254 0.874755
  19 -17.260532 -0.161936 -0.829352 0.694503 -0.496429 0.520792 0.181996 0.878669
female.bmp
  19 -17.730532 -0.322024 -0.869003 0.860430 0.301725 0.410636 0.322896 0.911937
  19 -17.730532 -0.342089 -0.898959 0.843667 -0.330008 -0.423463 0.309198 0.911937
  19 -17.730532 -0.262199 -0.949134 0.861824 -0.276255 -0.425373 0.309198 0.882583
female.bmp
  19 -17.730532 -0.262199 -0.949134 0.861824 -0.276255 -0.425373 0.309198 0.882583
  19 -17.730532 -0.342089 -0.898959 0.843667 -0.330008 -0.423463 0.309198 0.911937
  19 -17.760532 -0.272221 -0.959112 0.002601 -0.534913 -0.844903 0.293542 0.882583
female.bmp
  19 -17.730532 -0.342089 -0.898959 0.843667 -0.330008 -0.423463 0.309198 0.911937
  19 -17.770532 -0.352111 -0.908937 0.002073 -0.603733 -0.797184 0.293542 0.911937
  19 -17.760532 -0.272221 -0.959112 0.002601 -0.534913 -0.844903 0.293542 0.882583
female.bmp
  19 -17.760532 -0.272221 -0.959112 0.002601 -0.534913 -0.844903 0.293542 0.882583
  19 -17.770532 -0.352111 -0.908937 0.002073 -0.603733 -0.797184 0.293542 0.911937
  19 -17.800532 -0.262199 -0.949134 -0.856150 -0.271444 -0.439687 0.277886 0.882583
female.bmp
  19 -17.770532 -0.352111 -0.908937 0.002073 -0.603733 -0.797184 0.293542 0.911937
  19 -17.800532 -0.342089 -0.898959 -0.838365 -0.325134 -0.437530 0.277886 0.911937
  19 -17.800532 -0.262199 -0.949134 -0.856150 -0.271444 -0.439687 0.277886 0.882583
female.bmp
  19 -17.800532 -0.262199 -0.949134 -0.856150 -0.271444 -0.439687 0.277886 0.882583
  19 -17.800532 -0.342089 -0.898959 -0.838365 -0.325134 -0.437530 0.277886 0.911937
  19 -17.800532 -0.242133 -0.919178 -0.853855 0.283322 0.436646 0.264188 0.882583
female.bmp
  19 -17.800532 -0.342089 -0.898959 -0.838365 -0.325134 -0.437530 0.277886 0.911937
  19 -17.800532 -0.322024 -0.869003 -0.871073 0.301158 0.387990 0.264188 0.911937
  19 -17.800532 -0.242133 -0.919178 -0.853855 0.283322 0.436646 0.264188 0.882583
female.bmp
  19 -17.800532 -0.242133 -0.919178 -0.853855 0.283322 0.436646 0.264188 0.882583
  19 -17.800532 -0.322024 -0.869003 -0.871073 0.301158 0.387990 0.264188 0.911937
  19 -17.770532 -0.232111 -0.909199 -0.014003 0.534922 0.844785 0.248532 0.882583
female.bmp
  19 -17.800532 -0.322024 -0.869003 -0.871073 0.301158 0.387990 0.264188 0.911937
  19 -17.770532 -0.322002 -0.859003 -0.013413 0.604121 0.796780 0.248532 0.911937
  19 -17.770532 -0.232111 -0.909199 -0.014003 0.534922 0.844785 0.248532 0.882583
female.bmp
  19 -17.770532 -0.232111 -0.909199 -0.014003 0.534922 0.844785 0.248532 0.882583
  19 -17.770532 -0.322002 -0.859003 -0.013413 0.604121 0.796780 0.248532 0.911937
  19 -17.730532 -0.242133 -0.919177 0.841934 0.283749 0.458948 0.234834 0.882583
female.bmp
  19 -17.770532 -0.322002 -0.859003 -0.013413 0.604121 0.796780 0.248532 0.911937
  19 -17.730532 -0.322024 -0.869003 0.860430 0.301725 0.410636 0.234834 0.911937
  19 -17.730532 -0.242133 -0.919177 0.841934 0.283749 0.458948 0.234834 0.882583
female.bmp
  19 -17.730532 -0.401870 -0.798828 0.873210 0.374734 0.311574 0.322896 0.941292
  19 -17.730532 -0.431914 -0.818762 0.824212 -0.464018 -0.324596 0.309198 0.941292
  19 -17.730532 -0.342089 -0.898959 0.843667 -0.330008 -0.423463 0.309198 0.911937
female.bmp
  19 -17.730532 -0.342089 -0.898959 0.843667 -0.330008 -0.423463 0.309198 0.911937
  19 -17.730532 -0.431914 -0.818762 0.824212 -0.464018 -0.324596 0.309198 0.941292
  19 -17.770532 -0.352111 -0.908937 0.002073 -0.603733 -0.797184 0.293542 0.911937
female.bmp
  19 -17.730532 -0.431914 -0.818762 0.824212 -0.464018 -0.324596 0.309198 0.941292
  19 -17.770532 -0.441936 -0.828740 0.003149 -0.804855 -0.593464 0.293542 0.941292
  19 -17.770532 -0.352111 -0.908937 0.002073 -0.603733 -0.797184 0.293542 0.911937
female.bmp
  19 -17.770532 -0.352111 -0.908937 0.002073 -0.603733 -0.797184 0.293542 0.911937
  19 -17.770532 -0.441936 -0.828740 0.003149 -0.804855 -0.593464 0.293542 0.941292
  19 -17.800532 -0.342089 -0.898959 -0.838365 -0.325134 -0.437530 0.277886 0.911937
female.bmp
  19 -17.770532 -0.441936 -0.828740 0.003149 -0.804855 -0.593464 0.293542 0.941292
  19 -17.800532 -0.431914 -0.818762 -0.823529 -0.451447 -0.343504 0.277886 0.941292
  19 -17.800532 -0.342089 -0.898959 -0.838365 -0.325134 -0.437530 0.277886 0.911937
female.bmp
  19 -17.800532 -0.342089 -0.898959 -0.838365 -0.325134 -0.437530 0.277886 0.911937
  19 -17.800532 -0.431914 -0.818762 -0.823529 -0.451447 -0.343504 0.277886 0.941292
  19 -17.800532 -0.322024 -0.869003 -0.871073 0.301158 0.387990 0.264188 0.911937
female.bmp
  19 -17.800532 -0.431914 -0.818762 -0.823529 -0.451447 -0.343504 0.277886 0.941292
  19 -17.800532 -0.401870 -0.798828 -0.881885 0.373169 0.288139 0.264188 0.941292
  19 -17.800532 -0.322024 -0.869003 -0.871073 0.301158 0.387990 0.264188 0.911937
female.bmp
  19 -17.800532 -0.322024 -0.869003 -0.871073 0.301158 0.387990 0.264188 0.911937
  19 -17.800532 -0.401870 -0.798828 -0.881885 0.373169 0.288139 0.264188 0.941292
  19 -17.770532 -0.322002 -0.859003 -0.013413 0.604121 0.796780 0.248532 0.911937
female.bmp
  19 -17.800532 -0.401870 -0.798828 -0.881885 0.373169 0.288139 0.264188 0.941292
  19 -17.770532 -0.391849 -0.788850 -0.010333 0.778391 0.627695 0.248532 0.941292
  19 -17.770532 -0.322002 -0.859003 -0.013413 0.604121 0.796780 0.248532 0.911937
female.bmp
  19 -17.770532 -0.322002 -0.859003 -0.013413 0.604121 0.796780 0.248532 0.911937
  19 -17.770532 -0.391849 -0.788850 -0.010333 0.778391 0.627695 0.248532 0.941292
  19 -17.730532 -0.322024 -0.869003 0.860430 0.301725 0.410636 0.234834 0.911937
female.bmp
  19 -17.770532 -0.391849 -0.788850 -0.010333 0.778391 0.627695 0.248532 0.941292
  19 -17.730532 -0.401870 -0.798828 0.873210 0.374734 0.311574 0.234834 0.941292
  19 -17.730532 -0.322024 -0.869003 0.860430 0.301725 0.410636 0.234834 0.911937
female.bmp
  19 -17.740532 -0.461652 -0.698697 0.913152 0.351102 0.207076 0.322896 0.970646
  19 -17.740532 -0.481652 -0.698653 0.784019 -0.565289 -0.256441 0.309198 0.970646
  19 -17.730532 -0.431914 -0.818762 0.824212 -0.464018 -0.324596 0.309198 0.941292
female.bmp
  19 -17.730532 -0.431914 -0.818762 0.824212 -0.464018 -0.324596 0.309198 0.941292
  19 -17.740532 -0.481652 -0.698653 0.784019 -0.565289 -0.256441 0.309198 0.970646
  19 -17.770532 -0.441936 -0.828740 0.003149 -0.804855 -0.593464 0.293542 0.941292
female.bmp
  19 -17.740532 -0.481652 -0.698653 0.784019 -0.565289 -0.256441 0.309198 0.970646
  19 -17.770532 -0.511630 -0.688588 0.003584 -0.908149 -0.418632 0.293542 0.970646
  19 -17.770532 -0.441936 -0.828740 0.003149 -0.804855 -0.593464 0.293542 0.941292
female.bmp
  19 -17.770532 -0.441936 -0.828740 0.003149 -0.804855 -0.593464 0.293542 0.941292
  19 -17.770532 -0.511630 -0.688588 0.003584 -0.908149 -0.418632 0.293542 0.970646
  19 -17.800532 -0.431914 -0.818762 -0.823529 -0.451447 -0.343504 0.277886 0.941292
female.bmp
  19 -17.770532 -0.511630 -0.688588 0.003584 -0.908149 -0.418632 0.293542 0.970646
  19 -17.800532 -0.481652 -0.698653 -0.793203 -0.553634 -0.253611 0.277886 0.970646
  19 -17.800532 -0.431914 -0.818762 -0.823529 -0.451447 -0.343504 0.277886 0.941292
female.bmp
  19 -17.800532 -0.431914 -0.818762 -0.823529 -0.451447 -0.343504 0.277886 0.941292
  19 -17.800532 -0.481652 -0.698653 -0.793203 -0.553634 -0.253611 0.277886 0.970646
  19 -17.800532 -0.401870 -0.798828 -0.881885 0.373169 0.288139 0.264188 0.941292
female.bmp
  19 -17.800532 -0.481652 -0.698653 -0.793203 -0.553634 -0.253611 0.277886 0.970646
  19 -17.800532 -0.461652 -0.698697 -0.918930 0.347353 0.186854 0.264188 0.970646
  19 -17.800532 -0.401870 -0.798828 -0.881885 0.373169 0.288139 0.264188 0.941292
female.bmp
  19 -17.800532 -0.401870 -0.798828 -0.881885 0.373169 0.288139 0.264188 0.941292
  19 -17.800532 -0.461652 -0.698697 -0.918930 0.347353 0.186854 0.264188 0.970646
  19 -17.770532 -0.391849 -0.788850 -0.010333 0.778391 0.627695 0.248532 0.941292
female.bmp
  19 -17.800532 -0.461652 -0.698697 -0.918930 0.347353 0.186854 0.264188 0.970646
  19 -17.770533 -0.441652 -0.698741 -0.007505 0.870193 0.492654 0.248532 0.970646
  19 -17.770532 -0.391849 -0.788850 -0.010333 0.778391 0.627695 0.248532 0.941292
female.bmp
  19 -17.770532 -0.391849 -0.788850 -0.010333 0.778391 0.627695 0.248532 0.941292
  19 -17.770533 -0.441652 -0.698741 -0.007505 0.870193 0.492654 0.248532 0.970646
  19 -17.730532 -0.401870 -0.798828 0.873210 0.374734 0.311574 0.234834 0.941292
female.bmp
  19 -17.770533 -0.441652 -0.698741 -0.007505 0.870193 0.492654 0.248532 0.970646
  19 -17.740532 -0.461652 -0.698697 0.913152 0.351102 0.207076 0.234834 0.970646
  19 -17.730532 -0.401870 -0.798828 0.873210 0.374734 0.311574 0.234834 0.941292
female.bmp
  19 -17.440534 -0.819989 0.062089 -0.042030 -0.957424 0.285609 0.448141 0.037182
  18 -15.964680 -0.852262 0.137248 -0.060480 -0.947591 0.313710 0.455969 0.123288
  19 -17.440534 -0.639311 0.371695 -0.089157 -0.589632 0.802736 0.410959 0.037182
female.bmp
  19 -17.440534 -0.639311 0.371695 -0.089157 -0.589632 0.802736 0.410959 0.037182
  18 -15.964680 -0.852262 0.137248 -0.060480 -0.947591 0.313710 0.455969 0.123288
  18 -15.943769 -0.615899 0.509531 -0.111676 -0.564374 0.817931 0.418787 0.125245
female.bmp
  18 -15.964680 -0.852262 0.137248 -0.060480 -0.947591 0.313710 0.455969 0.123288
  18 -13.902798 -1.066113 0.334762 -0.103967 -0.956016 0.274270 0.473581 0.238748
  18 -15.943769 -0.615899 0.509531 -0.111676 -0.564374 0.817931 0.418787 0.125245
female.bmp
  18 -15.943769 -0.615899 0.509531 -0.111676 -0.564374 0.817931 0.418787 0.125245
  18 -13.902798 -1.066113 0.334762 -0.103967 -0.956016 0.274270 0.473581 0.238748
  18 -13.881899 -0.700758 0.808343 -0.130627 -0.509437 0.850536 0.430528 0.240705
female.bmp
  18 -13.902798 -1.066113 0.334762 -0.103967 -0.956016 0.274270 0.473581 0.238748
  18 -12.491711 -1.191667 0.446424 -0.060480 -0.947591 0.313710 0.483366 0.352250
  18 -13.881899 -0.700758 0.808343 -0.130627 -0.509437 0.850536 0.430528 0.240705
female.bmp
  18 -13.881899 -0.700758 0.808343 -0.130627 -0.509437 0.850536 0.430528 0.240705
  18 -12.491711 -1.191667 0.446424 -0.060480 -0.947591 0.313710 0.483366 0.352250
  18 -12.470905 -0.726918 0.981004 -0.071805 -0.479074 0.874833 0.438356 0.354207
female.bmp
  18 -12.491711 -1.191667 0.446424 -0.060480 -0.947591 0.313710 0.483366 0.352250
  18 -9.421092 -1.200589 0.550916 -0.023471 -0.916416 0.399539 0.471624 0.540117
  18 -12.470905 -0.726918 0.981004 -0.071805 -0.479074 0.874833 0.438356 0.354207
female.bmp
  18 -12.470905 -0.726918 0.981004 -0.071805 -0.479074 0.874833 0.438356 0.354207
  18 -9.421092 -1.200589 0.550916 -0.023471 -0.916416 0.399539 0.471624 0.540117
  18 -9.400541 -0.646046 1.106397 -0.013086 -0.439937 0.897933 0.430528 0.538160
female.bmp
  18 -9.421092 -1.200589 0.550916 -0.023471 -0.916416 0.399539 0.471624 0.540117
  18 -9.524405 -1.363921 0.606098 -0.130777 -0.890895 0.434975 0.471624 0.567515
  18 -9.400541 -0.646046 1.106397 -0.013086 -0.439937 0.897933 0.430528 0.538160
female.bmp
  18 -9.400541 -0.646046 1.106397 -0.013086 -0.439937 0.897933 0.430528 0.538160
  18 -9.524405 -1.363921 0.606098 -0.130777 -0.890895 0.434975 0.471624 0.567515
  18 -9.534404 -0.803921 1.156098 -0.062792 -0.415837 0.907269 0.432485 0.567515
female.bmp
  18 -9.524405 -1.363921 0.606098 -0.130777 -0.890895 0.434975 0.471624 0.567515
  18 -8.974405 -1.503921 0.616098 -0.199118 -0.882138 0.426831 0.471624 0.590998
  18 -9.534404 -0.803921 1.156098 -0.062792 -0.415837 0.907269 0.432485 0.567515
female.bmp
  15 19.244014 -1.813601 -0.285433 -0.848774 -0.524172 -0.069474 0.350294 0.992172
  15 19.654719 -1.926012 -0.833872 -0.457343 -0.251769 -0.852907 0.362035 0.939335
  16 19.612591 -2.329324 -0.403223 -0.820360 -0.565483 -0.085080 0.397260 0.976517
female.bmp
  16 19.612591 -2.329324 -0.403223 -0.820360 -0.565483 -0.085080 0.397260 0.976517
  15 19.654719 -1.926012 -0.833872 -0.457343 -0.251769 -0.852907 0.362035 0.939335
  16 19.922483 -2.275431 -0.826970 -0.397805 -0.238743 -0.885863 0.403131 0.935421
female.bmp
  15 19.654719 -1.926012 -0.833872 -0.457343 -0.251769 -0.852907 0.362035 0.939335
  15 20.304743 -1.691854 -0.839987 0.324976 0.043282 -0.944731 0.367906 0.884540
  16 19.922483 -2.275431 -0.826970 -0.397805 -0.238743 -0.885863 0.403131 0.935421
female.bmp
  16 19.922483 -2.275431 -0.826970 -0.397805 -0.238743 -0.885863 0.403131 0.935421
  15 20.304743 -1.691854 -0.839987 0.324976 0.043282 -0.944731 0.367906 0.884540
  16 20.362624 -2.105290 -0.860562 0.332838 0.057497 -0.941229 0.399217 0.890411
female.bmp
  15 20.304743 -1.691854 -0.839987 0.324976 0.043282 -0.944731 0.367906 0.884540
  16 20.656193 -1.935583 -0.536499 0.856337 0.022854 -0.515911 0.395303 0.874755
  16 20.362624 -2.105290 -0.860562 0.332838 0.057497 -0.941229 0.399217 0.890411
female.bmp
  16 20.362624 -2.105290 -0.860562 0.332838 0.057497 -0.941229 0.399217 0.890411
  16 20.656193 -1.935583 -0.536499 0.856337 0.022854 -0.515911 0.395303 0.874755
  16 20.466745 -2.627682 -0.844248 0.269841 0.063458 -0.960812 0.444227 0.898239
female.bmp
  16 20.656193 -1.935583 -0.536499 0.856337 0.022854 -0.515911 0.395303 0.874755
  16 20.615923 -2.547536 -0.713395 0.701430 0.154712 -0.695745 0.442270 0.886497
  16 20.466745 -2.627682 -0.844248 0.269841 0.063458 -0.960812 0.444227 0.898239
female.bmp
  16 20.466745 -2.627682 -0.844248 0.269841 0.063458 -0.960812 0.444227 0.898239
  16 20.615923 -2.547536 -0.713395 0.701430 0.154712 -0.695745 0.442270 0.886497
  16 20.600478 -2.980056 -0.832089 0.452496 -0.458212 -0.765042 0.477495 0.898239
female.bmp
  16 20.615923 -2.547536 -0.713395 0.701430 0.154712 -0.695745 0.442270 0.886497
  16 20.774728 -2.957856 -0.559061 0.889140 -0.405094 -0.212905 0.479452 0.882583
  16 20.600478 -2.980056 -0.832089 0.452496 -0.458212 -0.765042 0.477495 0.898239
female.bmp
  16 20.600478 -2.980056 -0.832089 0.452496 -0.458212 -0.765042 0.477495 0.898239
  16 20.774728 -2.957856 -0.559061 0.889140 -0.405094 -0.212905 0.479452 0.882583
  16 20.749895 -2.981097 -0.531800 0.504887 -0.860710 -0.065323 0.483366 0.882583
female.bmp
  6 22.895542 -0.461678 0.183236 0.040627 -0.962348 0.268768 0.585127 0.105675
  6 22.875345 -0.271911 0.367030 0.192785 -0.351528 0.916112 0.579256 0.127202
  9 21.462284 -0.477746 0.378939 0.640595 -0.061768 0.765391 0.716243 0.129159
female.bmp
  9 21.462284 -0.477746 0.378939 0.640595 -0.061768 0.765391 0.716243 0.129159
  6 22.875345 -0.271911 0.367030 0.192785 -0.351528 0.916112 0.579256 0.127202
  6 21.442118 -0.247020 0.572313 0.247162 -0.212033 0.945491 0.716243 0.142857
female.bmp
  6 22.875345 -0.271911 0.367030 0.192785 -0.351528 0.916112 0.579256 0.127202
  6 21.515919 -0.003681 0.553883 0.188156 0.275256 0.942779 0.706458 0.166341
  6 21.442118 -0.247020 0.572313 0.247162 -0.212033 0.945491 0.716243 0.142857
female.bmp
  6 21.442118 -0.247020 0.572313 0.247162 -0.212033 0.945491 0.716243 0.142857
  6 21.515919 -0.003681 0.553883 0.188156 0.275256 0.942779 0.706458 0.166341
  2 20.808048 0.119342 0.686054 0.102987 0.205353 0.973254 0.765166 0.183953
female.bmp
  6 21.515919 -0.003681 0.553883 0.188156 0.275256 0.942779 0.706458 0.166341
  6 21.450800 0.201103 0.430502 0.300962 0.634659 0.711779 0.708415 0.187867
  2 20.808048 0.119342 0.686054 0.102987 0.205353 0.973254 0.765166 0.183953
female.bmp
  2 20.808048 0.119342 0.686054 0.102987 0.205353 0.973254 0.765166 0.183953
  6 21.450800 0.201103 0.430502 0.300962 0.634659 0.711779 0.708415 0.187867
  3 21.399707 0.400941 0.321036 0.310105 0.090423 0.946392 0.710372 0.201566
female.bmp
  6 21.450800 0.201103 0.430502 0.300962 0.634659 0.711779 0.708415 0.187867
  3 21.496093 0.276132 0.248700 0.667933 0.322066 0.670924 0.698630 0.195695
  3 21.399707 0.400941 0.321036 0.310105 0.090423 0.946392 0.710372 0.201566
female.bmp
  3 21.399707 0.400941 0.321036 0.310105 0.090423 0.946392 0.710372 0.201566
  3 21.496093 0.276132 0.248700 0.667933 0.322066 0.670924 0.698630 0.195695
  3 22.580132 0.633191 0.348543 0.501733 -0.187046 0.844558 0.608611 0.221135
female.bmp
  3 21.496093 0.276132 0.248700 0.667933 0.322066 0.670924 0.698630 0.195695
  3 22.621402 0.407585 0.133372 0.664507 -0.713798 0.221185 0.608611 0.203523
  3 22.580132 0.633191 0.348543 0.501733 -0.187046 0.844558 0.608611 0.221135
female.bmp
  3 22.580132 0.633191 0.348543 0.501733 -0.187046 0.844558 0.608611 0.221135
  3 22.621402 0.407585 0.133372 0.664507 -0.713798 0.221185 0.608611 0.203523
  3 22.626313 0.465811 0.107189 0.855226 -0.508202 0.101584 0.602740 0.203523
female.bmp
  12 21.870850 1.753965 -0.496017 0.736136 0.563077 -0.375564 0.651663 0.352250
  12 21.808500 1.806404 -0.523631 0.209267 0.867760 -0.450777 0.657534 0.352250
  12 21.888202 1.816546 -0.314957 0.595995 0.789824 0.144804 0.645793 0.338552
female.bmp
  12 21.888202 1.816546 -0.314957 0.595995 0.789824 0.144804 0.645793 0.338552
  12 21.808500 1.806404 -0.523631 0.209267 0.867760 -0.450777 0.657534 0.352250
  12 21.855360 1.841020 -0.292101 0.156349 0.914331 0.373568 0.653620 0.336595
female.bmp
  12 21.808500 1.806404 -0.523631 0.209267 0.867760 -0.450777 0.657534 0.352250
  12 20.942230 1.571410 -0.484207 -0.217179 0.926616 -0.306948 0.735812 0.328767
  12 21.855360 1.841020 -0.292101 0.156349 0.914331 0.373568 0.653620 0.336595
female.bmp
  12 21.855360 1.841020 -0.292101 0.156349 0.914331 0.373568 0.653620 0.336595
  12 20.942230 1.571410 -0.484207 -0.217179 0.926616 -0.306948 0.735812 0.328767
  12 20.983828 1.576565 -0.224316 -0.217261 0.838358 0.499954 0.731898 0.315068
female.bmp
  12 20.942230 1.571410 -0.484207 -0.217179 0.926616 -0.306948 0.735812 0.328767
  2 20.567890 1.471302 -0.603376 -0.201976 0.838303 -0.506413 0.765166 0.328767
  12 20.983828 1.576565 -0.224316 -0.217261 0.838358 0.499954 0.731898 0.315068
female.bmp
  12 20.983828 1.576565 -0.224316 -0.217261 0.838358 0.499954 0.731898 0.315068
  2 20.567890 1.471302 -0.603376 -0.201976 0.838303 -0.506413 0.765166 0.328767
  2 20.618672 1.466086 -0.196566 -0.212170 0.860742 0.462718 0.763209 0.309198
female.bmp
  2 20.567890 1.471302 -0.603376 -0.201976 0.838303 -0.506413 0.765166 0.328767
  2 19.591316 1.255177 -0.309959 -0.310512 0.948943 0.055589 0.845401 0.299413
  2 20.618672 1.466086 -0.196566 -0.212170 0.860742 0.462718 0.763209 0.309198
female.bmp
  2 20.618672 1.466086 -0.196566 -0.212170 0.860742 0.462718 0.763209 0.309198
  2 19.591316 1.255177 -0.309959 -0.310512 0.948943 0.055589 0.845401 0.299413
  2 20.781376 1.106531 0.144532 -0.023860 0.639672 0.768278 0.753425 0.277886
female.bmp
  2 19.591316 1.255177 -0.309959 -0.310512 0.948943 0.055589 0.845401 0.299413
  2 19.538752 0.916180 0.198880 -0.174410 0.709914 0.682351 0.859100 0.270059
  2 20.781376 1.106531 0.144532 -0.023860 0.639672 0.768278 0.753425 0.277886
female.bmp
  2 20.781376 1.106531 0.144532 -0.023860 0.639672 0.768278 0.753425 0.277886
  2 19.538752 0.916180 0.198880 -0.174410 0.709914 0.682351 0.859100 0.270059
  2 20.822752 0.666764 0.492373 0.104177 0.438612 0.892618 0.757339 0.232877
female.bmp
  23 -22.313773 0.232051 -0.006003 -0.082829 0.932503 -0.351537 0.565558 0.180039
  23 -22.290201 0.209693 0.198556 -0.191775 0.833175 0.518693 0.569472 0.162427
  20 -20.900234 0.430835 0.203919 -0.667931 0.322064 0.670926 0.698630 0.195695
female.bmp
  20 -20.900234 0.430835 0.203919 -0.667931 0.322064 0.670926 0.698630 0.195695
  23 -22.290201 0.209693 0.198556 -0.191775 0.833175 0.518693 0.569472 0.162427
  23 -20.858921 0.355727 0.388853 -0.300962 0.634655 0.711783 0.708415 0.187867
female.bmp
  23 -22.290201 0.209693 0.198556 -0.191775 0.833175 0.518693 0.569472 0.162427
  23 -20.924183 0.148484 0.503269 -0.188158 0.275253 0.942779 0.706458 0.166341
  23 -20.858921 0.355727 0.388853 -0.300962 0.634655 0.711783 0.708415 0.187867
female.bmp
  23 -20.858921 0.355727 0.388853 -0.300962 0.634655 0.711783 0.708415 0.187867
  23 -20.924183 0.148484 0.503269 -0.188158 0.275253 0.942779 0.706458 0.166341
  19 -20.209888 0.270970 0.638818 -0.102987 0.205351 0.973255 0.765166 0.183953
female.bmp
  23 -20.924183 0.148484 0.503269 -0.188158 0.275253 0.942779 0.706458 0.166341
  23 -20.850305 -0.091964 0.532026 -0.247163 -0.212032 0.945491 0.716243 0.142857
  19 -20.209888 0.270970 0.638818 -0.102987 0.205351 0.973255 0.765166 0.183953
female.bmp
  19 -20.209888 0.270970 0.638818 -0.102987 0.205351 0.973255 0.765166 0.183953
  23 -20.850305 -0.091964 0.532026 -0.247163 -0.212032 0.945491 0.716243 0.142857
  19 -20.197442 -0.408952 0.631652 -0.064686 -0.016329 0.997772 0.772994 0.127202
female.bmp
  23 -20.850305 -0.091964 0.532026 -0.247163 -0.212032 0.945491 0.716243 0.142857
  26 -20.690722 -0.389312 0.505636 -0.357476 0.202052 0.911804 0.729941 0.129159
  19 -20.197442 -0.408952 0.631652 -0.064686 -0.016329 0.997772 0.772994 0.127202
female.bmp
  19 -20.197442 -0.408952 0.631652 -0.064686 -0.016329 0.997772 0.772994 0.127202
  26 -20.690722 -0.389312 0.505636 -0.357476 0.202052 0.911804 0.729941 0.129159
  26 -20.770995 -0.636264 0.636291 -0.150456 0.133328 0.979585 0.727984 0.101761
female.bmp
  26 -20.690722 -0.389312 0.505636 -0.357476 0.202052 0.911804 0.729941 0.129159
  26 -21.961875 -0.723266 0.286669 -0.291553 0.822490 0.488372 0.614481 0.080235
  26 -20.770995 -0.636264 0.636291 -0.150456 0.133328 0.979585 0.727984 0.101761
female.bmp
  26 -20.770995 -0.636264 0.636291 -0.150456 0.133328 0.979585 0.727984 0.101761
  26 -21.961875 -0.723266 0.286669 -0.291553 0.822490 0.488372 0.614481 0.080235
  26 -21.900213 -0.864850 0.446518 -0.235393 0.301459 0.923966 0.620352 0.066536
female.bmp
  19 -17.240534 0.918958 -0.421714 0.224441 0.965130 -0.134725 0.643836 0.477495
  19 -17.240533 0.738237 -0.751320 0.197109 0.652413 -0.731783 0.675147 0.479452
  19 -17.630534 0.908870 -0.461693 0.662427 0.745540 -0.073224 0.647750 0.422701
female.bmp
  19 -17.630534 0.908870 -0.461693 0.662427 0.745540 -0.073224 0.647750 0.422701
  19 -17.240533 0.738237 -0.751320 0.197109 0.652413 -0.731783 0.675147 0.479452
  19 -17.630533 0.718236 -0.751277 0.684133 0.464675 -0.562174 0.682975 0.422701
female.bmp
  19 -17.240533 0.738237 -0.751320 0.197109 0.652413 -0.731783 0.675147 0.479452
  19 -17.270533 0.377909 -0.900532 0.148777 0.155946 -0.976497 0.722114 0.477495
  19 -17.630533 0.718236 -0.751277 0.684133 0.464675 -0.562174 0.682975 0.422701
female.bmp
  19 -17.630533 0.718236 -0.751277 0.684133 0.464675 -0.562174 0.682975 0.422701
  19 -17.270533 0.377909 -0.900532 0.148777 0.155946 -0.976497 0.722114 0.477495
  19 -17.630533 0.377931 -0.890533 0.772353 0.087110 -0.629192 0.724070 0.424658
female.bmp
  19 -17.270533 0.377909 -0.900532 0.148777 0.155946 -0.976497 0.722114 0.477495
  19 -17.630532 -0.251871 -0.799156 0.782512 -0.140269 -0.606630 0.814090 0.426614
  19 -17.630533 0.377931 -0.890533 0.772353 0.087110 -0.629192 0.724070 0.424658
female.bmp
  19 -17.630533 0.377931 -0.890533 0.772353 0.087110 -0.629192 0.724070 0.424658
  19 -17.630532 -0.251871 -0.799156 0.782512 -0.140269 -0.606630 0.814090 0.426614
  19 -17.630532 -0.281958 -0.839090 0.729116 -0.168862 -0.663231 0.818004 0.422701
female.bmp
  19 -17.630532 -0.251871 -0.799156 0.782512 -0.140269 -0.606630 0.814090 0.426614
  19 -17.630532 -0.571586 -0.668456 0.590444 -0.371337 -0.716578 0.853229 0.426614
  19 -17.630532 -0.281958 -0.839090 0.729116 -0.168862 -0.663231 0.818004 0.422701
female.bmp
  19 -17.630532 -0.281958 -0.839090 0.729116 -0.168862 -0.663231 0.818004 0.422701
  19 -17.630532 -0.571586 -0.668456 0.590444 -0.371337 -0.716578 0.853229 0.426614
  19 -17.630532 -0.601651 -0.698391 0.713972 -0.370044 -0.594400 0.857143 0.422701
female.bmp
  19 -17.630532 -0.571586 -0.668456 0.590444 -0.371337 -0.716578 0.853229 0.426614
  19 -17.630533 -0.831126 -0.457888 0.595440 -0.656757 -0.462733 0.892368 0.424658
  19 -17.630532 -0.601651 -0.698391 0.713972 -0.370044 -0.594400 0.857143 0.422701
female.bmp
  19 -17.630532 -0.601651 -0.698391 0.713972 -0.370044 -0.594400 0.857143 0.422701
  19 -17.630533 -0.831126 -0.457888 0.595440 -0.656757 -0.462733 0.892368 0.424658
  19 -17.640533 -0.861191 -0.487823 0.678640 -0.570997 -0.461963 0.898239 0.420744
female.bmp
  19 -17.440534 -0.639311 0.371695 -0.089157 -0.589632 0.802736 0.410959 0.037182
  18 -15.875290 -0.066952 0.644690 -0.128355 0.099364 0.986738 0.369863 0.131115
  19 -17.450535 -0.119094 0.470557 -0.124464 0.071871 0.989618 0.367906 0.035225
female.bmp
  19 -17.450535 -0.119094 0.470557 -0.124464 0.071871 0.989618 0.367906 0.035225
  18 -15.875290 -0.066952 0.644690 -0.128355 0.099364 0.986738 0.369863 0.131115
  19 -17.460535 0.310577 0.319617 -0.117956 0.601426 0.790173 0.330724 0.033268
female.bmp
  18 -15.875290 -0.066952 0.644690 -0.128355 0.099364 0.986738 0.369863 0.131115
  18 -15.878510 0.445420 0.409819 -0.127592 0.635139 0.761787 0.326810 0.131115
  19 -17.460535 0.310577 0.319617 -0.117956 0.601426 0.790173 0.330724 0.033268
female.bmp
  19 -17.460535 0.310577 0.319617 -0.117956 0.601426 0.790173 0.330724 0.033268
  18 -15.878510 0.445420 0.409819 -0.127592 0.635139 0.761787 0.326810 0.131115
  19 -17.470534 0.599745 -0.061016 -0.104713 0.878388 0.466337 0.285714 0.031311
female.bmp
  18 -15.878510 0.445420 0.409819 -0.127592 0.635139 0.761787 0.326810 0.131115
  18 -15.881865 0.739807 -0.027246 -0.107328 0.936270 0.334484 0.281800 0.133072
  19 -17.470534 0.599745 -0.061016 -0.104713 0.878388 0.466337 0.285714 0.031311
female.bmp
  19 -17.470534 0.599745 -0.061016 -0.104713 0.878388 0.466337 0.285714 0.031311
  18 -15.881865 0.739807 -0.027246 -0.107328 0.936270 0.334484 0.281800 0.133072
  19 -17.410534 0.728980 -0.411299 -0.070262 0.993638 -0.088013 0.240705 0.031311
female.bmp
  18 -15.881865 0.739807 -0.027246 -0.107328 0.936270 0.334484 0.281800 0.133072
  18 -15.814195 0.774488 -0.467266 -0.078115 0.941419 -0.328068 0.248532 0.133072
  19 -17.410534 0.728980 -0.411299 -0.070262 0.993638 -0.088013 0.240705 0.031311
female.bmp
  19 -17.410534 0.728980 -0.411299 -0.070262 0.993638 -0.088013 0.240705 0.031311
  18 -15.814195 0.774488 -0.467266 -0.078115 0.941419 -0.328068 0.248532 0.133072
  19 -17.420533 0.608521 -0.621036 -0.039626 0.679327 -0.732765 0.215264 0.029354
female.bmp
  18 -15.814195 0.774488 -0.467266 -0.078115 0.941419 -0.328068 0.248532 0.133072
  18 -15.804676 0.517546 -0.769904 -0.057271 0.648230 -0.759288 0.211350 0.129159
  19 -17.420533 0.608521 -0.621036 -0.039626 0.679327 -0.732765 0.215264 0.029354
female.bmp
  19 -17.420533 0.608521 -0.621036 -0.039626 0.679327 -0.732765 0.215264 0.029354
  18 -15.804676 0.517546 -0.769904 -0.057271 0.648230 -0.759288 0.211350 0.129159
  19 -17.430533 0.378281 -0.730533 -0.051174 0.175235 -0.983196 0.189824 0.029354
female.bmp
  18 -5.584405 -2.203921 -0.153904 -0.137158 -0.968446 -0.208087 0.054795 0.722114
  18 -8.884405 -1.173921 -0.933902 -0.148512 -0.595546 -0.789474 0.099804 0.585127
  18 -5.514406 -1.683921 -1.073904 -0.078703 -0.585718 -0.806684 0.099804 0.722114
female.bmp
  18 -5.514406 -1.683921 -1.073904 -0.078703 -0.585718 -0.806684 0.099804 0.722114
  18 -8.884405 -1.173921 -0.933902 -0.148512 -0.595546 -0.789474 0.099804 0.585127
  18 -5.394405 -0.693921 -1.293904 0.032870 0.201005 -0.979039 0.176125 0.720157
female.bmp
  18 -8.884405 -1.173921 -0.933902 -0.148512 -0.595546 -0.789474 0.099804 0.585127
  18 -8.694405 -0.243921 -1.143902 -0.017851 0.173044 -0.984752 0.176125 0.589041
  18 -5.394405 -0.693921 -1.293904 0.032870 0.201005 -0.979039 0.176125 0.720157
female.bmp
  18 -5.394405 -0.693921 -1.293904 0.032870 0.201005 -0.979039 0.176125 0.720157
  18 -8.694405 -0.243921 -1.143902 -0.017851 0.173044 -0.984752 0.176125 0.589041
  18 -5.304405 0.206079 -0.633904 0.125602 0.813342 -0.568066 0.232877 0.726027
female.bmp
  18 -8.694405 -0.243921 -1.143902 -0.017851 0.173044 -0.984752 0.176125 0.589041
  18 -8.504405 0.626079 -0.593902 0.102532 0.800105 -0.591033 0.232877 0.596869
  18 -5.304405 0.206079 -0.633904 0.125602 0.813342 -0.568066 0.232877 0.726027
female.bmp
  18 -5.304405 0.206079 -0.633904 0.125602 0.813342 -0.568066 0.232877 0.726027
  18 -8.504405 0.626079 -0.593902 0.102532 0.800105 -0.591033 0.232877 0.596869
  18 -5.284405 0.466079 0.336096 0.152718 0.985183 0.078047 0.289628 0.727984
female.bmp
  18 -8.504405 0.626079 -0.593902 0.102532 0.800105 -0.591033 0.232877 0.596869
  18 -8.504404 0.876079 0.336098 0.163167 0.979359 0.119301 0.289628 0.598826
  18 -5.284405 0.466079 0.336096 0.152718 0.985183 0.078047 0.289628 0.727984
female.bmp
  18 -5.284405 0.466079 0.336096 0.152718 0.985183 0.078047 0.289628 0.727984
  18 -8.504404 0.876079 0.336098 0.163167 0.979359 0.119301 0.289628 0.598826
  18 -5.334404 0.136079 1.096096 0.097854 0.677092 0.729363 0.342466 0.727984
female.bmp
  18 -8.504404 0.876079 0.336098 0.163167 0.979359 0.119301 0.289628 0.598826
  18 -8.644404 0.496079 1.056098 0.124589 0.608633 0.783609 0.342466 0.592955
  18 -5.334404 0.136079 1.096096 0.097854 0.677092 0.729363 0.342466 0.727984
female.bmp
  18 -5.334404 0.136079 1.096096 0.097854 0.677092 0.729363 0.342466 0.727984
  18 -8.644404 0.496079 1.056098 0.124589 0.608633 0.783609 0.342466 0.592955
  18 -8.764404 -0.223921 1.276098 -0.026762 0.092069 0.995393 0.381605 0.592955
female.bmp
  2 19.494268 0.942289 -0.735967 -0.223235 0.668295 -0.709611 0.868885 0.532290
  2 19.410766 0.540345 -0.969138 -0.052870 0.160760 -0.985576 0.884540 0.573386
  2 18.932273 0.508473 -0.881794 -0.249133 0.296334 -0.922019 0.931507 0.571429
female.bmp
  2 18.932273 0.508473 -0.881794 -0.249133 0.296334 -0.922019 0.931507 0.571429
  2 19.410766 0.540345 -0.969138 -0.052870 0.160760 -0.985576 0.884540 0.573386
  2 18.959515 -0.200934 -0.881509 -0.027305 -0.159029 -0.986896 0.945205 0.639922
female.bmp
  2 19.410766 0.540345 -0.969138 -0.052870 0.160760 -0.985576 0.884540 0.573386
  2 19.442707 -0.116950 -0.827919 0.190778 -0.178491 -0.965269 0.896282 0.639922
  2 18.959515 -0.200934 -0.881509 -0.027305 -0.159029 -0.986896 0.945205 0.639922
female.bmp
  2 18.959515 -0.200934 -0.881509 -0.027305 -0.159029 -0.986896 0.945205 0.639922
  2 19.442707 -0.116950 -0.827919 0.190778 -0.178491 -0.965269 0.896282 0.639922
  2 18.964043 -0.686186 -0.758997 -0.117948 -0.365131 -0.923454 0.953033 0.682975
female.bmp
  2 19.442707 -0.116950 -0.827919 0.190778 -0.178491 -0.965269 0.896282 0.639922
  15 19.279874 -0.773630 -0.689628 -0.356856 -0.128526 -0.925275 0.900196 0.694716
  2 18.964043 -0.686186 -0.758997 -0.117948 -0.365131 -0.923454 0.953033 0.682975
female.bmp
  2 18.964043 -0.686186 -0.758997 -0.117948 -0.365131 -0.923454 0.953033 0.682975
  15 19.279874 -0.773630 -0.689628 -0.356856 -0.128526 -0.925275 0.900196 0.694716
  2 18.992064 -1.182886 -0.498221 -0.554469 -0.480268 -0.679637 0.960861 0.733855
female.bmp
  15 19.279874 -0.773630 -0.689628 -0.356856 -0.128526 -0.925275 0.900196 0.694716
  15 19.412577 -1.371059 -0.809497 -0.497159 -0.075782 -0.864344 0.896282 0.755382
  2 18.992064 -1.182886 -0.498221 -0.554469 -0.480268 -0.679637 0.960861 0.733855
female.bmp
  2 18.992064 -1.182886 -0.498221 -0.554469 -0.480268 -0.679637 0.960861 0.733855
  15 19.412577 -1.371059 -0.809497 -0.497159 -0.075782 -0.864344 0.896282 0.755382
  15 19.244014 -1.813601 -0.285433 -0.848774 -0.524172 -0.069474 0.945205 0.790607
female.bmp
  15 19.412577 -1.371059 -0.809497 -0.497159 -0.075782 -0.864344 0.896282 0.755382
  15 19.654719 -1.926012 -0.833872 -0.457343 -0.251769 -0.852907 0.890411 0.798434
  15 19.244014 -1.813601 -0.285433 -0.848774 -0.524172 -0.069474 0.945205 0.790607
female.bmp
  2 18.227225 0.747347 -0.413368 -0.660638 0.746395 -0.080317 0.647750 0.422701
  2 18.227224 0.567347 -0.713368 -0.677463 0.465557 -0.569474 0.682975 0.422701
  2 17.847224 0.587347 -0.713367 -0.188412 0.652659 -0.733851 0.675147 0.479452
female.bmp
  2 17.847224 0.587347 -0.713367 -0.188412 0.652659 -0.733851 0.675147 0.479452
  2 18.227224 0.567347 -0.713368 -0.677463 0.465557 -0.569474 0.682975 0.422701
  2 17.877224 0.217346 -0.863366 -0.138103 0.156128 -0.978035 0.722114 0.477495
female.bmp
  2 18.227224 0.567347 -0.713368 -0.677463 0.465557 -0.569474 0.682975 0.422701
  2 18.237224 0.217346 -0.843367 -0.765446 0.088102 -0.637441 0.724070 0.424658
  2 17.877224 0.217346 -0.863366 -0.138103 0.156128 -0.978035 0.722114 0.477495
female.bmp
  2 17.877224 0.217346 -0.863366 -0.138103 0.156128 -0.978035 0.722114 0.477495
  2 18.237224 0.217346 -0.843367 -0.765446 0.088102 -0.637441 0.724070 0.424658
  2 18.237224 -0.412653 -0.763365 -0.776142 -0.139268 -0.614987 0.814090 0.426614
female.bmp
  2 18.237224 0.217346 -0.843367 -0.765446 0.088102 -0.637441 0.724070 0.424658
  2 18.227224 -0.432654 -0.793365 -0.722180 -0.167930 -0.671010 0.818004 0.422701
  2 18.237224 -0.412653 -0.763365 -0.776142 -0.139268 -0.614987 0.814090 0.426614
female.bmp
  2 18.237224 -0.412653 -0.763365 -0.776142 -0.139268 -0.614987 0.814090 0.426614
  2 18.227224 -0.432654 -0.793365 -0.722180 -0.167930 -0.671010 0.818004 0.422701
  2 18.237224 -0.722653 -0.623364 -0.583205 -0.370586 -0.722868 0.853229 0.426614
female.bmp
  2 18.227224 -0.432654 -0.793365 -0.722180 -0.167930 -0.671010 0.818004 0.422701
  2 18.237224 -0.752653 -0.663364 -0.708035 -0.369130 -0.602021 0.857143 0.422701
  2 18.237224 -0.722653 -0.623364 -0.583205 -0.370586 -0.722868 0.853229 0.426614
female.bmp
  2 18.237224 -0.722653 -0.623364 -0.583205 -0.370586 -0.722868 0.853229 0.426614
  2 18.237224 -0.752653 -0.663364 -0.708035 -0.369130 -0.602021 0.857143 0.422701
  2 18.237225 -0.982653 -0.413364 -0.591308 -0.655984 -0.469084 0.892368 0.424658
female.bmp
  2 18.237224 -0.752653 -0.663364 -0.708035 -0.369130 -0.602021 0.857143 0.422701
  2 18.237225 -1.012653 -0.443364 -0.674398 -0.570117 -0.469206 0.898239 0.420744
  2 18.237225 -0.982653 -0.413364 -0.591308 -0.655984 -0.469084 0.892368 0.424658
female.bmp
  2 17.857227 -0.272650 0.686635 -0.847922 0.007538 0.530068 0.015656 0.868885
  2 17.847227 0.257350 0.556634 -0.817683 0.279107 0.503482 0.023483 0.925636
  2 17.867227 -0.272650 0.646635 -0.873860 -0.026781 -0.485439 0.019569 0.868885
female.bmp
  2 17.867227 -0.272650 0.646635 -0.873860 -0.026781 -0.485439 0.019569 0.868885
  2 17.847227 0.257350 0.556634 -0.817683 0.279107 0.503482 0.023483 0.925636
  2 17.857227 0.237350 0.526634 -0.902100 -0.249940 -0.351775 0.027397 0.923679
female.bmp
  2 17.847227 0.257350 0.556634 -0.817683 0.279107 0.503482 0.023483 0.925636
  2 17.827226 0.637349 0.096633 -0.833300 0.470773 0.289799 0.068493 0.970646
  2 17.857227 0.237350 0.526634 -0.902100 -0.249940 -0.351775 0.027397 0.923679
female.bmp
  2 17.857227 0.237350 0.526634 -0.902100 -0.249940 -0.351775 0.027397 0.923679
  2 17.827226 0.637349 0.096633 -0.833300 0.470773 0.289799 0.068493 0.970646
  2 17.837226 0.587349 0.086633 -0.899545 -0.406021 -0.161141 0.068493 0.964775
female.bmp
  2 17.827226 0.637349 0.096633 -0.833300 0.470773 0.289799 0.068493 0.970646
  2 17.807225 0.747348 -0.373367 -0.852705 0.520666 -0.042440 0.117417 0.984344
  2 17.837226 0.587349 0.086633 -0.899545 -0.406021 -0.161141 0.068493 0.964775
female.bmp
  2 17.837226 0.587349 0.086633 -0.899545 -0.406021 -0.161141 0.068493 0.964775
  2 17.807225 0.747348 -0.373367 -0.852705 0.520666 -0.042440 0.117417 0.984344
  2 17.817225 0.687348 -0.353367 -0.880060 -0.471739 0.054373 0.115460 0.978474
female.bmp
  2 17.807225 0.747348 -0.373367 -0.852705 0.520666 -0.042440 0.117417 0.984344
  2 17.807224 0.567347 -0.703367 -0.833837 0.335934 -0.438024 0.150685 0.968689
  2 17.817225 0.687348 -0.353367 -0.880060 -0.471739 0.054373 0.115460 0.978474
female.bmp
  2 17.817225 0.687348 -0.353367 -0.880060 -0.471739 0.054373 0.115460 0.978474
  2 17.807224 0.567347 -0.703367 -0.833837 0.335934 -0.438024 0.150685 0.968689
  2 17.817224 0.527347 -0.663367 -0.877169 -0.347894 0.330975 0.148728 0.964775
female.bmp
  2 17.807224 0.567347 -0.703367 -0.833837 0.335934 -0.438024 0.150685 0.968689
  2 17.847224 0.187346 -0.803366 -0.866362 -0.111757 0.486751 0.168297 0.927593
  2 17.817224 0.527347 -0.663367 -0.877169 -0.347894 0.330975 0.148728 0.964775
female.bmp
  1 12.868792 -0.716190 -0.887585 0.042114 -0.488928 -0.871307 0.119374 0.358121
  1 14.339254 -0.730291 -0.741491 0.060180 -0.583088 -0.810177 0.119374 0.238748
  1 12.962620 -1.295692 -0.317696 0.043162 -0.909326 -0.413839 0.068493 0.352250
female.bmp
  1 12.962620 -1.295692 -0.317696 0.043162 -0.909326 -0.413839 0.068493 0.352250
  1 14.339254 -0.730291 -0.741491 0.060180 -0.583088 -0.810177 0.119374 0.238748
  1 14.412271 -1.159893 -0.251582 0.080906 -0.912432 -0.401150 0.076321 0.232877
female.bmp
  1 14.339254 -0.730291 -0.741491 0.060180 -0.583088 -0.810177 0.119374 0.238748
  1 16.459549 -0.701800 -0.597134 0.060180 -0.583088 -0.810177 0.121331 0.119374
  1 14.412271 -1.159893 -0.251582 0.080906 -0.912432 -0.401150 0.076321 0.232877
female.bmp
  1 14.412271 -1.159893 -0.251582 0.080906 -0.912432 -0.401150 0.076321 0.232877
  1 16.459549 -0.701800 -0.597134 0.060180 -0.583088 -0.810177 0.121331 0.119374
  1 16.501224 -0.921568 -0.297192 0.046162 -0.821588 -0.568210 0.097847 0.115460
female.bmp
  1 16.459549 -0.701800 -0.597134 0.060180 -0.583088 -0.810177 0.121331 0.119374
  2 18.027225 -0.852652 -0.363364 0.037142 -0.760225 -0.648597 0.099804 0.021526
  1 16.501224 -0.921568 -0.297192 0.046162 -0.821588 -0.568210 0.097847 0.115460
female.bmp
  1 16.501224 -0.921568 -0.297192 0.046162 -0.821588 -0.568210 0.097847 0.115460
  2 18.027225 -0.852652 -0.363364 0.037142 -0.760225 -0.648597 0.099804 0.021526
  1 16.532087 -1.031409 -0.137248 0.062443 -0.968011 -0.243015 0.082192 0.113503
female.bmp
  2 18.027225 -0.852652 -0.363364 0.037142 -0.760225 -0.648597 0.099804 0.021526
  2 18.027225 -0.992652 -0.123363 0.025434 -0.975360 -0.219150 0.076321 0.017613
  1 16.532087 -1.031409 -0.137248 0.062443 -0.968011 -0.243015 0.082192 0.113503
female.bmp
  1 16.532087 -1.031409 -0.137248 0.062443 -0.968011 -0.243015 0.082192 0.113503
  2 18.027225 -0.992652 -0.123363 0.025434 -0.975360 -0.219150 0.076321 0.017613
  1 16.552858 -1.011254 0.182693 0.060480 -0.947590 0.313711 0.056751 0.111546
female.bmp
  2 18.027225 -0.992652 -0.123363 0.025434 -0.975360 -0.219150 0.076321 0.017613
  2 18.037226 -0.972651 0.096637 0.037730 -0.957474 0.286041 0.050881 0.013699
  1 16.552858 -1.011254 0.182693 0.060480 -0.947590 0.313711 0.056751 0.111546
female.bmp
  1 5.880792 0.300087 0.337540 -0.152720 0.985183 0.078042 0.289628 0.727984
  1 9.100815 0.460086 -0.592383 -0.102519 0.800104 -0.591036 0.232877 0.596869
  1 5.900816 0.040085 -0.632460 -0.125589 0.813341 -0.568071 0.232877 0.726027
female.bmp
  1 5.900816 0.040085 -0.632460 -0.125589 0.813341 -0.568071 0.232877 0.726027
  1 9.100815 0.460086 -0.592383 -0.102519 0.800104 -0.591036 0.232877 0.596869
  1 9.290828 -0.409915 -1.142377 0.017874 0.173042 -0.984752 0.176125 0.589041
female.bmp
  1 9.100815 0.460086 -0.592383 -0.102519 0.800104 -0.591036 0.232877 0.596869
  1 10.020827 -0.289915 -1.112359 -0.033375 0.165227 -0.985691 0.176125 0.557730
  1 9.290828 -0.409915 -1.142377 0.017874 0.173042 -0.984752 0.176125 0.589041
female.bmp
  1 9.290828 -0.409915 -1.142377 0.017874 0.173042 -0.984752 0.176125 0.589041
  1 10.020827 -0.289915 -1.112359 -0.033375 0.165227 -0.985691 0.176125 0.557730
  1 10.130822 -1.209915 -0.902356 0.148530 -0.595547 -0.789470 0.099804 0.559687
female.bmp
  1 10.020827 -0.289915 -1.112359 -0.033375 0.165227 -0.985691 0.176125 0.557730
  1 9.939664 -0.957882 -0.909740 0.060180 -0.583088 -0.810177 0.105675 0.534247
  1 10.130822 -1.209915 -0.902356 0.148530 -0.595547 -0.789470 0.099804 0.559687
female.bmp
  1 10.130822 -1.209915 -0.902356 0.148530 -0.595547 -0.789470 0.099804 0.559687
  1 9.939664 -0.957882 -0.909740 0.060180 -0.583088 -0.810177 0.105675 0.534247
  1 10.130804 -1.599914 -0.172355 0.137163 -0.968446 -0.208082 0.054795 0.559687
female.bmp
  1 9.939664 -0.957882 -0.909740 0.060180 -0.583088 -0.810177 0.105675 0.534247
  1 9.983359 -1.397547 -0.179750 0.062443 -0.968011 -0.243015 0.060665 0.536204
  1 10.130804 -1.599914 -0.172355 0.137163 -0.968446 -0.208082 0.054795 0.559687
female.bmp
  1 10.130804 -1.599914 -0.172355 0.137163 -0.968446 -0.208082 0.054795 0.559687
  1 9.983359 -1.397547 -0.179750 0.062443 -0.968011 -0.243015 0.060665 0.536204
  1 10.120786 -1.529913 0.607645 0.130767 -0.890894 0.434980 0.009785 0.563601
female.bmp
  1 9.983359 -1.397547 -0.179750 0.062443 -0.968011 -0.243015 0.060665 0.536204
  1 10.015234 -1.347244 0.600156 0.023467 -0.916414 0.399543 0.017613 0.536204
  1 10.120786 -1.529913 0.607645 0.130767 -0.890894 0.434980 0.009785 0.563601
female.bmp
  1 10.120786 -1.529913 0.607645 0.130767 -0.890894 0.434980 0.471624 0.567515
  1 10.015234 -1.347244 0.600156 0.023467 -0.916414 0.399543 0.471624 0.540117
  1 9.994502 -0.797198 1.150084 0.013874 -0.439458 0.898156 0.430528 0.538160
female.bmp
  1 9.994502 -0.797198 1.150084 0.013874 -0.439458 0.898156 0.430528 0.538160
  1 10.015234 -1.347244 0.600156 0.023467 -0.916414 0.399543 0.471624 0.540117
  1 13.074533 -0.874938 1.031912 0.071095 -0.478668 0.875113 0.438356 0.354207
female.bmp
  1 10.015234 -1.347244 0.600156 0.023467 -0.916414 0.399543 0.471624 0.540117
  1 13.084972 -1.345022 0.491993 0.060480 -0.947590 0.313711 0.483366 0.352250
  1 13.074533 -0.874938 1.031912 0.071095 -0.478668 0.875113 0.438356 0.354207
female.bmp
  1 13.074533 -0.874938 1.031912 0.071095 -0.478668 0.875113 0.438356 0.354207
  1 13.084972 -1.345022 0.491993 0.060480 -0.947590 0.313711 0.483366 0.352250
  1 14.473959 -0.849397 0.848185 0.130626 -0.509435 0.850537 0.430528 0.240705
female.bmp
  1 13.084972 -1.345022 0.491993 0.060480 -0.947590 0.313711 0.483366 0.352250
  1 14.494185 -1.219425 0.378217 0.103966 -0.956016 0.274272 0.473581 0.238748
  1 14.473959 -0.849397 0.848185 0.130626 -0.509435 0.850537 0.430528 0.240705
female.bmp
  1 14.473959 -0.849397 0.848185 0.130626 -0.509435 0.850537 0.430528 0.240705
  1 14.494185 -1.219425 0.378217 0.103966 -0.956016 0.274272 0.473581 0.238748
  1 16.532911 -0.771247 0.562691 0.111674 -0.564372 0.817932 0.418787 0.125245
female.bmp
  1 14.494185 -1.219425 0.378217 0.103966 -0.956016 0.274272 0.473581 0.238748
  1 16.552858 -1.011254 0.182693 0.060480 -0.947590 0.313711 0.455969 0.123288
  1 16.532911 -0.771247 0.562691 0.111674 -0.564372 0.817932 0.418787 0.125245
female.bmp
  1 16.532911 -0.771247 0.562691 0.111674 -0.564372 0.817932 0.418787 0.125245
  1 16.552858 -1.011254 0.182693 0.060480 -0.947590 0.313711 0.455969 0.123288
  2 18.037226 -0.792650 0.416636 0.079789 -0.589737 0.803644 0.410959 0.037182
female.bmp
  1 16.552858 -1.011254 0.182693 0.060480 -0.947590 0.313711 0.455969 0.123288
  2 18.037226 -0.972651 0.096637 0.037730 -0.957474 0.286041 0.448141 0.037182
  2 18.037226 -0.792650 0.416636 0.079789 -0.589737 0.803644 0.410959 0.037182
female.bmp
  31 -22.897545 2.320547 -0.448950 -0.934550 -0.251779 0.251442 0.514677 0.608611
  31 -22.817886 2.242245 -0.611502 -0.705896 -0.580666 -0.405633 0.514677 0.626223
  31 -22.821463 2.246390 -0.445460 -0.574647 -0.748600 0.330725 0.500978 0.624266
female.bmp
  31 -22.821463 2.246390 -0.445460 -0.574647 -0.748600 0.330725 0.500978 0.624266
  31 -22.817886 2.242245 -0.611502 -0.705896 -0.580666 -0.405633 0.514677 0.626223
  30 -22.211136 1.920302 -0.400515 -0.436927 -0.844252 0.310377 0.497065 0.741683
female.bmp
  31 -22.817886 2.242245 -0.611502 -0.705896 -0.580666 -0.405633 0.514677 0.626223
  30 -22.275684 1.968526 -0.629661 -0.368669 -0.748257 -0.551539 0.516634 0.731898
  30 -22.211136 1.920302 -0.400515 -0.436927 -0.844252 0.310377 0.497065 0.741683
female.bmp
  30 -22.211136 1.920302 -0.400515 -0.436927 -0.844252 0.310377 0.497065 0.741683
  30 -22.275684 1.968526 -0.629661 -0.368669 -0.748257 -0.551539 0.516634 0.731898
  30 -22.178264 1.914437 -0.638811 -0.417089 -0.697525 -0.582663 0.514677 0.753425
female.bmp
  30 -22.275684 1.968526 -0.629661 -0.368669 -0.748257 -0.551539 0.516634 0.731898
  30 -22.088529 2.101816 -0.714553 0.044461 0.230647 -0.972021 0.547945 0.747554
  30 -22.178264 1.914437 -0.638811 -0.417089 -0.697525 -0.582663 0.514677 0.753425
female.bmp
  30 -22.178264 1.914437 -0.638811 -0.417089 -0.697525 -0.582663 0.514677 0.753425
  30 -22.088529 2.101816 -0.714553 0.044461 0.230647 -0.972021 0.547945 0.747554
  29 -21.444532 1.575967 -0.656234 -0.457914 -0.601972 -0.654175 0.518591 0.831703
female.bmp
  30 -22.088529 2.101816 -0.714553 0.044461 0.230647 -0.972021 0.547945 0.747554
  29 -21.341194 1.770219 -0.723966 0.099986 0.283642 -0.953703 0.547945 0.831703
  29 -21.444532 1.575967 -0.656234 -0.457914 -0.601972 -0.654175 0.518591 0.831703
female.bmp
  29 -21.444532 1.575967 -0.656234 -0.457914 -0.601972 -0.654175 0.518591 0.831703
  29 -21.341194 1.770219 -0.723966 0.099986 0.283642 -0.953703 0.547945 0.831703
  29 -21.392556 1.541329 -0.680704 -0.519490 -0.441105 -0.731818 0.514677 0.843444
female.bmp
  29 -21.341194 1.770219 -0.723966 0.099986 0.283642 -0.953703 0.547945 0.831703
  29 -21.274808 1.744833 -0.730921 0.099986 0.283642 -0.953703 0.547945 0.841487
  29 -21.392556 1.541329 -0.680704 -0.519490 -0.441105 -0.731818 0.514677 0.843444
female.bmp
  33 -19.013895 -2.167120 -0.397857 0.822206 -0.563139 -0.082775 0.397260 0.976517
  33 -19.331309 -2.114324 -0.826647 0.397970 -0.241954 -0.884917 0.403131 0.935421
  32 -19.055400 -1.767265 -0.830311 0.457572 -0.254609 -0.851940 0.362035 0.939335
female.bmp
  32 -19.055400 -1.767265 -0.830311 0.457572 -0.254609 -0.851940 0.362035 0.939335
  33 -19.331309 -2.114324 -0.826647 0.397970 -0.241954 -0.884917 0.403131 0.935421
  32 -19.714745 -1.523773 -0.838986 -0.325805 0.037320 -0.944700 0.367906 0.884540
female.bmp
  33 -19.331309 -2.114324 -0.826647 0.397970 -0.241954 -0.884917 0.403131 0.935421
  33 -19.755430 -1.947488 -0.856427 -0.333711 0.051526 -0.941266 0.399217 0.890411
  32 -19.714745 -1.523773 -0.838986 -0.325805 0.037320 -0.944700 0.367906 0.884540
female.bmp
  32 -19.714745 -1.523773 -0.838986 -0.325805 0.037320 -0.944700 0.367906 0.884540
  33 -19.755430 -1.947488 -0.856427 -0.333711 0.051526 -0.941266 0.399217 0.890411
  33 -20.056363 -1.776997 -0.531508 -0.856782 0.017303 -0.515388 0.395303 0.874755
female.bmp
  33 -19.755430 -1.947488 -0.856427 -0.333711 0.051526 -0.941266 0.399217 0.890411
  33 -19.864900 -2.463524 -0.838464 -0.270745 0.057600 -0.960926 0.444227 0.898239
  33 -20.056363 -1.776997 -0.531508 -0.856782 0.017303 -0.515388 0.395303 0.874755
female.bmp
  33 -20.056363 -1.776997 -0.531508 -0.856782 0.017303 -0.515388 0.395303 0.874755
  33 -19.864900 -2.463524 -0.838464 -0.270745 0.057600 -0.960926 0.444227 0.898239
  33 -20.019744 -2.393401 -0.708442 -0.702449 0.148759 -0.696015 0.442270 0.886497
female.bmp
  33 -19.864900 -2.463524 -0.838464 -0.270745 0.057600 -0.960926 0.444227 0.898239
  33 -19.998374 -2.817190 -0.828216 -0.451495 -0.463669 -0.762340 0.477495 0.898239
  33 -20.019744 -2.393401 -0.708442 -0.702449 0.148759 -0.696015 0.442270 0.886497
female.bmp
  33 -20.019744 -2.393401 -0.708442 -0.702449 0.148759 -0.696015 0.442270 0.886497
  33 -19.998374 -2.817190 -0.828216 -0.451495 -0.463669 -0.762340 0.477495 0.898239
  33 -20.182744 -2.801885 -0.554586 -0.887918 -0.409187 -0.210161 0.479452 0.882583
female.bmp
  33 -19.998374 -2.817190 -0.828216 -0.451495 -0.463669 -0.762340 0.477495 0.898239
  33 -20.146267 -2.824756 -0.527267 -0.502022 -0.862735 -0.060521 0.483366 0.882583
  33 -20.182744 -2.801885 -0.554586 -0.887918 -0.409187 -0.210161 0.479452 0.882583
female.bmp
  32 -19.055400 -1.767265 -0.830311 0.457572 -0.254609 -0.851940 0.890411 0.798434
  32 -18.823494 -1.205301 -0.815615 0.496786 -0.078548 -0.864311 0.896282 0.755382
  32 -18.647152 -1.641491 -0.282940 0.850491 -0.521652 -0.067406 0.945205 0.790607
female.bmp
  32 -18.647152 -1.641491 -0.282940 0.850491 -0.521652 -0.067406 0.945205 0.790607
  32 -18.823494 -1.205301 -0.815615 0.496786 -0.078548 -0.864311 0.896282 0.755382
  19 -18.393905 -1.031254 -0.545461 0.554468 -0.480268 -0.679638 0.960861 0.733855
female.bmp
  32 -18.823494 -1.205301 -0.815615 0.496786 -0.078548 -0.864311 0.896282 0.755382
  32 -18.682988 -0.611928 -0.695754 0.356620 -0.132079 -0.924866 0.900196 0.694716
  19 -18.393905 -1.031254 -0.545461 0.554468 -0.480268 -0.679638 0.960861 0.733855
female.bmp
  19 -18.393905 -1.031254 -0.545461 0.554468 -0.480268 -0.679638 0.960861 0.733855
  32 -18.682988 -0.611928 -0.695754 0.356620 -0.132079 -0.924866 0.900196 0.694716
  19 -18.366191 -0.531719 -0.796651 0.117948 -0.365129 -0.923455 0.953033 0.682975
female.bmp
  32 -18.682988 -0.611928 -0.695754 0.356620 -0.132079 -0.924866 0.900196 0.694716
  19 -18.844953 0.047105 -0.868410 -0.190777 -0.178488 -0.965270 0.896282 0.639922
  19 -18.366191 -0.531719 -0.796651 0.117948 -0.365129 -0.923455 0.953033 0.682975
female.bmp
  19 -18.366191 -0.531719 -0.796651 0.117948 -0.365129 -0.923455 0.953033 0.682975
  19 -18.844953 0.047105 -0.868410 -0.190777 -0.178488 -0.965270 0.896282 0.639922
  19 -18.361357 -0.049301 -0.928746 0.027305 -0.159027 -0.986897 0.945205 0.639922
female.bmp
  19 -18.844953 0.047105 -0.868410 -0.190777 -0.178488 -0.965270 0.896282 0.639922
  19 -18.822603 0.691798 -1.016641 0.052870 0.160762 -0.985576 0.884540 0.573386
  19 -18.361357 -0.049301 -0.928746 0.027305 -0.159027 -0.986897 0.945205 0.639922
female.bmp
  19 -18.361357 -0.049301 -0.928746 0.027305 -0.159027 -0.986897 0.945205 0.639922
  19 -18.822603 0.691798 -1.016641 0.052870 0.160762 -0.985576 0.884540 0.573386
  19 -18.334115 0.660106 -0.929031 0.249131 0.296337 -0.922019 0.931507 0.571429
female.bmp
  19 -18.822603 0.691798 -1.016641 0.052870 0.160762 -0.985576 0.884540 0.573386
  19 -18.896110 1.093921 -0.783202 0.223235 0.668297 -0.709609 0.868885 0.532290
  19 -18.334115 0.660106 -0.929031 0.249131 0.296337 -0.922019 0.931507 0.571429
female.bmp
  29 -21.294129 1.968217 -0.364825 -0.595988 0.789827 0.144817 0.645793 0.338552
  29 -21.251884 1.990798 -0.331577 -0.156344 0.914331 0.373571 0.653620 0.336595
  29 -21.214428 1.958076 -0.573499 -0.209273 0.867759 -0.450775 0.657534 0.352250
female.bmp
  29 -21.214428 1.958076 -0.573499 -0.209273 0.867759 -0.450775 0.657534 0.352250
  29 -21.251884 1.990798 -0.331577 -0.156344 0.914331 0.373571 0.653620 0.336595
  29 -20.338755 1.721188 -0.523687 0.217180 0.926616 -0.306946 0.735812 0.328767
female.bmp
  29 -21.251884 1.990798 -0.331577 -0.156344 0.914331 0.373571 0.653620 0.336595
  29 -20.380351 1.726342 -0.263797 0.217261 0.838357 0.499955 0.731898 0.315068
  29 -20.338755 1.721188 -0.523687 0.217180 0.926616 -0.306946 0.735812 0.328767
female.bmp
  29 -20.338755 1.721188 -0.523687 0.217180 0.926616 -0.306946 0.735812 0.328767
  29 -20.380351 1.726342 -0.263797 0.217261 0.838357 0.499955 0.731898 0.315068
  19 -19.969830 1.632521 -0.653448 0.201976 0.838304 -0.506411 0.765166 0.328767
female.bmp
  29 -20.380351 1.726342 -0.263797 0.217261 0.838357 0.499955 0.731898 0.315068
  19 -20.030509 1.617536 -0.244066 0.212169 0.860741 0.462719 0.763209 0.309198
  19 -19.969830 1.632521 -0.653448 0.201976 0.838304 -0.506411 0.765166 0.328767
female.bmp
  19 -19.969830 1.632521 -0.653448 0.201976 0.838304 -0.506411 0.765166 0.328767
  19 -20.030509 1.617536 -0.244066 0.212169 0.860741 0.462719 0.763209 0.309198
  19 -19.003460 1.409463 -0.347876 0.310511 0.948943 0.055590 0.845401 0.299413
female.bmp
  19 -20.030509 1.617536 -0.244066 0.212169 0.860741 0.462719 0.763209 0.309198
  19 -20.183524 1.260995 0.106883 0.023860 0.639671 0.768278 0.753425 0.277886
  19 -19.003460 1.409463 -0.347876 0.310511 0.948943 0.055590 0.845401 0.299413
female.bmp
  19 -19.003460 1.409463 -0.347876 0.310511 0.948943 0.055590 0.845401 0.299413
  19 -20.183524 1.260995 0.106883 0.023860 0.639671 0.768278 0.753425 0.277886
  19 -18.940594 1.067811 0.151645 0.174410 0.709913 0.682353 0.859100 0.270059
female.bmp
  19 -20.183524 1.260995 0.106883 0.023860 0.639671 0.768278 0.753425 0.277886
  19 -20.224593 0.818393 0.445138 -0.104177 0.438611 0.892619 0.757339 0.232877
  19 -18.940594 1.067811 0.151645 0.174410 0.709913 0.682353 0.859100 0.270059
female.bmp
  19 -17.240533 0.338041 -0.840445 0.860958 -0.112876 0.495995 0.168297 0.927593
  19 -17.200533 0.728259 -0.741298 0.838912 0.334859 -0.429065 0.150685 0.968689
  19 -17.220533 0.678346 -0.701189 0.873128 -0.349018 0.340343 0.148728 0.964775
female.bmp
  19 -17.220533 0.678346 -0.701189 0.873128 -0.349018 0.340343 0.148728 0.964775
  19 -17.200533 0.728259 -0.741298 0.838912 0.334859 -0.429065 0.150685 0.968689
  19 -17.210534 0.839024 -0.391539 0.878815 -0.472879 0.063796 0.115460 0.978474
female.bmp
  19 -17.200533 0.728259 -0.741298 0.838912 0.334859 -0.429065 0.150685 0.968689
  19 -17.200534 0.898980 -0.411670 0.853784 0.519561 -0.033294 0.117417 0.984344
  19 -17.210534 0.839024 -0.391539 0.878815 -0.472879 0.063796 0.115460 0.978474
female.bmp
  19 -17.210534 0.839024 -0.391539 0.878815 -0.472879 0.063796 0.115460 0.978474
  19 -17.200534 0.898980 -0.411670 0.853784 0.519561 -0.033294 0.117417 0.984344
  19 -17.240535 0.739986 0.048678 0.900695 -0.407181 -0.151498 0.068493 0.964775
female.bmp
  19 -17.200534 0.898980 -0.411670 0.853784 0.519561 -0.033294 0.117417 0.984344
  19 -17.230535 0.790008 0.058569 0.830753 0.469700 0.298716 0.068493 0.970646
  19 -17.240535 0.739986 0.048678 0.900695 -0.407181 -0.151498 0.068493 0.964775
female.bmp
  19 -17.240535 0.739986 0.048678 0.900695 -0.407181 -0.151498 0.068493 0.964775
  19 -17.230535 0.790008 0.058569 0.830753 0.469700 0.298716 0.068493 0.970646
  19 -17.270535 0.390949 0.489442 0.905497 -0.251104 -0.342084 0.027397 0.923679
female.bmp
  19 -17.230535 0.790008 0.058569 0.830753 0.469700 0.298716 0.068493 0.970646
  19 -17.260535 0.411014 0.519399 0.812598 0.278054 0.512221 0.023483 0.925636
  19 -17.270535 0.390949 0.489442 0.905497 -0.251104 -0.342084 0.027397 0.923679
female.bmp
  19 -17.270535 0.390949 0.489442 0.905497 -0.251104 -0.342084 0.027397 0.923679
  19 -17.260535 0.411014 0.519399 0.812598 0.278054 0.512221 0.023483 0.925636
  19 -17.270535 -0.118788 0.610557 0.878969 -0.027913 -0.476062 0.019569 0.868885
female.bmp
  19 -17.260535 0.411014 0.519399 0.812598 0.278054 0.512221 0.023483 0.925636
  19 -17.270535 -0.118700 0.650557 0.842208 0.006444 0.539114 0.015656 0.868885
  19 -17.270535 -0.118788 0.610557 0.878969 -0.027913 -0.476062 0.019569 0.868885
female.bmp
  19 -17.440534 -0.819989 0.062089 -0.042030 -0.957424 0.285609 0.050881 0.013699
  19 -17.430533 -0.840492 -0.167867 -0.024344 -0.975327 -0.219420 0.076321 0.017613
  18 -15.964680 -0.852262 0.137248 -0.060480 -0.947591 0.313710 0.056751 0.111546
female.bmp
  18 -15.964680 -0.852262 0.137248 -0.060480 -0.947591 0.313710 0.056751 0.111546
  19 -17.430533 -0.840492 -0.167867 -0.024344 -0.975327 -0.219420 0.076321 0.017613
  18 -15.936120 -0.879038 -0.173183 -0.062442 -0.968010 -0.243019 0.082192 0.113503
female.bmp
  19 -17.430533 -0.840492 -0.167867 -0.024344 -0.975327 -0.219420 0.076321 0.017613
  19 -17.420533 -0.701017 -0.408172 -0.031173 -0.760179 -0.648966 0.099804 0.021526
  18 -15.936120 -0.879038 -0.173183 -0.062442 -0.968010 -0.243019 0.082192 0.113503
female.bmp
  18 -15.936120 -0.879038 -0.173183 -0.062442 -0.968010 -0.243019 0.082192 0.113503
  19 -17.420533 -0.701017 -0.408172 -0.031173 -0.760179 -0.648966 0.099804 0.021526
  18 -15.907408 -0.767223 -0.342219 -0.046161 -0.821587 -0.568211 0.097847 0.115460
female.bmp
  19 -17.420533 -0.701017 -0.408172 -0.031173 -0.760179 -0.648966 0.099804 0.021526
  18 -15.869746 -0.554073 -0.640294 -0.060172 -0.583085 -0.810179 0.121331 0.119374
  18 -15.907408 -0.767223 -0.342219 -0.046161 -0.821587 -0.568211 0.097847 0.115460
female.bmp
  18 -15.907408 -0.767223 -0.342219 -0.046161 -0.821587 -0.568211 0.097847 0.115460
  18 -15.869746 -0.554073 -0.640294 -0.060172 -0.583085 -0.810179 0.121331 0.119374
  18 -13.816163 -1.009451 -0.295146 -0.080906 -0.912431 -0.401152 0.076321 0.232877
female.bmp
  18 -15.869746 -0.554073 -0.640294 -0.060172 -0.583085 -0.810179 0.121331 0.119374
  18 -13.740324 -0.574252 -0.781202 -0.060172 -0.583085 -0.810179 0.119374 0.238748
  18 -13.816163 -1.009451 -0.295146 -0.080906 -0.912431 -0.401152 0.076321 0.232877
female.bmp
  18 -13.816163 -1.009451 -0.295146 -0.080906 -0.912431 -0.401152 0.076321 0.232877
  18 -13.740324 -0.574252 -0.781202 -0.060172 -0.583085 -0.810179 0.119374 0.238748
  18 -12.365940 -1.143043 -0.363772 -0.043162 -0.909326 -0.413841 0.068493 0.352250
female.bmp
  18 -13.740324 -0.574252 -0.781202 -0.060172 -0.583085 -0.810179 0.119374 0.238748
  18 -12.281057 -0.567012 -0.928469 -0.042113 -0.488926 -0.871308 0.119374 0.358121
  18 -12.365940 -1.143043 -0.363772 -0.043162 -0.909326 -0.413841 0.068493 0.352250
female.bmp
  11 24.317003 -1.508115 -0.016560 0.683079 -0.285592 -0.672191 0.534247 0.618395
  11 24.227818 -1.636670 0.040183 0.258222 -0.875770 -0.407859 0.514677 0.626223
  11 24.025160 -1.501757 -0.118967 0.035554 -0.338907 -0.940148 0.530333 0.643836
female.bmp
  11 24.025160 -1.501757 -0.118967 0.035554 -0.338907 -0.940148 0.530333 0.643836
  11 24.227818 -1.636670 0.040183 0.258222 -0.875770 -0.407859 0.514677 0.626223
  11 23.573776 -1.497984 -0.019779 -0.098607 -0.752926 -0.650676 0.516634 0.731898
female.bmp
  11 24.227818 -1.636670 0.040183 0.258222 -0.875770 -0.407859 0.514677 0.626223
  10 23.527460 -1.549024 0.247175 -0.148164 -0.958165 0.244881 0.497065 0.741683
  11 23.573776 -1.497984 -0.019779 -0.098607 -0.752926 -0.650676 0.516634 0.731898
female.bmp
  11 23.573776 -1.497984 -0.019779 -0.098607 -0.752926 -0.650676 0.516634 0.731898
  10 23.527460 -1.549024 0.247175 -0.148164 -0.958165 0.244881 0.497065 0.741683
  10 23.406193 -1.477675 -0.034079 -0.068868 -0.746901 -0.661359 0.514677 0.753425
female.bmp
  10 23.527460 -1.549024 0.247175 -0.148164 -0.958165 0.244881 0.497065 0.741683
  10 22.549850 -1.385405 0.257577 -0.130163 -0.951952 0.277208 0.500978 0.827789
  10 23.406193 -1.477675 -0.034079 -0.068868 -0.746901 -0.661359 0.514677 0.753425
female.bmp
  10 23.406193 -1.477675 -0.034079 -0.068868 -0.746901 -0.661359 0.514677 0.753425
  10 22.549850 -1.385405 0.257577 -0.130163 -0.951952 0.277208 0.500978 0.827789
  10 22.575474 -1.345430 -0.029904 -0.125959 -0.751546 -0.647543 0.518591 0.831703
female.bmp
  10 22.549850 -1.385405 0.257577 -0.130163 -0.951952 0.277208 0.500978 0.827789
  9 22.453893 -1.368077 0.264385 -0.084480 -0.956929 0.277758 0.497065 0.841487
  10 22.575474 -1.345430 -0.029904 -0.125959 -0.751546 -0.647543 0.518591 0.831703
female.bmp
  10 22.575474 -1.345430 -0.029904 -0.125959 -0.751546 -0.647543 0.518591 0.831703
  9 22.453893 -1.368077 0.264385 -0.084480 -0.956929 0.277758 0.497065 0.841487
  9 22.442424 -1.339439 -0.011202 -0.058629 -0.798495 -0.599140 0.514677 0.843444
female.bmp
  8 24.958742 -0.409325 0.232814 0.179524 -0.952195 0.247175 0.500978 0.624266
  7 24.157980 -0.454494 0.148225 0.003515 -0.978399 0.206696 0.497065 0.741683
  8 24.988283 -0.396191 0.030688 0.467816 -0.806180 -0.362246 0.514677 0.626223
female.bmp
  8 24.988283 -0.396191 0.030688 0.467816 -0.806180 -0.362246 0.514677 0.626223
  7 24.157980 -0.454494 0.148225 0.003515 -0.978399 0.206696 0.497065 0.741683
  8 24.217259 -0.417301 -0.091284 -0.025662 -0.785407 -0.618448 0.516634 0.731898
female.bmp
  7 24.157980 -0.454494 0.148225 0.003515 -0.978399 0.206696 0.497065 0.741683
  7 24.036762 -0.397392 -0.091453 -0.019514 -0.743381 -0.668583 0.514677 0.753425
  8 24.217259 -0.417301 -0.091284 -0.025662 -0.785407 -0.618448 0.516634 0.731898
female.bmp
  8 24.217259 -0.417301 -0.091284 -0.025662 -0.785407 -0.618448 0.516634 0.731898
  7 24.036762 -0.397392 -0.091453 -0.019514 -0.743381 -0.668583 0.514677 0.753425
  7 24.041575 -0.182355 -0.175334 0.005284 0.208308 -0.978049 0.547945 0.747554
female.bmp
  7 24.036762 -0.397392 -0.091453 -0.019514 -0.743381 -0.668583 0.514677 0.753425
  7 23.015817 -0.396371 -0.083046 -0.019514 -0.743381 -0.668583 0.518591 0.831703
  7 24.041575 -0.182355 -0.175334 0.005284 0.208308 -0.978049 0.547945 0.747554
female.bmp
  7 24.041575 -0.182355 -0.175334 0.005284 0.208308 -0.978049 0.547945 0.747554
  7 23.015817 -0.396371 -0.083046 -0.019514 -0.743381 -0.668583 0.518591 0.831703
  7 23.010564 -0.146828 -0.156535 0.005284 0.208308 -0.978049 0.547945 0.831703
female.bmp
  7 23.015817 -0.396371 -0.083046 -0.019514 -0.743381 -0.668583 0.518591 0.831703
  6 22.850860 -0.381797 -0.080435 0.046892 -0.716454 -0.696057 0.514677 0.843444
  7 23.010564 -0.146828 -0.156535 0.005284 0.208308 -0.978049 0.547945 0.831703
female.bmp
  7 23.010564 -0.146828 -0.156535 0.005284 0.208308 -0.978049 0.547945 0.831703
  6 22.850860 -0.381797 -0.080435 0.046892 -0.716454 -0.696057 0.514677 0.843444
  6 22.845715 -0.135014 -0.163329 0.097655 0.219533 -0.970705 0.547945 0.841487
female.bmp
  11 24.409665 -1.551918 0.352351 0.084432 -0.093883 0.991997 0.557730 0.289628
  11 23.937215 -1.514839 0.356422 -0.079293 -0.602530 0.794147 0.565558 0.363992
  11 24.323256 -1.576041 0.345168 0.214270 -0.615129 0.758752 0.571429 0.295499
female.bmp
  11 24.323256 -1.576041 0.345168 0.214270 -0.615129 0.758752 0.571429 0.295499
  11 23.937215 -1.514839 0.356422 -0.079293 -0.602530 0.794147 0.565558 0.363992
  11 24.242802 -1.631861 0.261435 0.043360 -0.965527 0.256665 0.583170 0.317025
female.bmp
  11 23.937215 -1.514839 0.356422 -0.079293 -0.602530 0.794147 0.565558 0.363992
  10 23.569479 -1.425779 0.392588 -0.043819 -0.499855 0.865000 0.565558 0.424658
  11 24.242802 -1.631861 0.261435 0.043360 -0.965527 0.256665 0.583170 0.317025
female.bmp
  11 24.242802 -1.631861 0.261435 0.043360 -0.965527 0.256665 0.583170 0.317025
  10 23.569479 -1.425779 0.392588 -0.043819 -0.499855 0.865000 0.565558 0.424658
  10 23.527460 -1.549024 0.247175 -0.148164 -0.958165 0.244881 0.585127 0.434442
female.bmp
  10 23.569479 -1.425779 0.392588 -0.043819 -0.499855 0.865000 0.565558 0.424658
  10 22.597982 -1.227917 0.438908 0.010383 -0.492629 0.870177 0.565558 0.551859
  10 23.527460 -1.549024 0.247175 -0.148164 -0.958165 0.244881 0.585127 0.434442
female.bmp
  10 23.527460 -1.549024 0.247175 -0.148164 -0.958165 0.244881 0.585127 0.434442
  10 22.597982 -1.227917 0.438908 0.010383 -0.492629 0.870177 0.565558 0.551859
  10 22.549850 -1.385405 0.257577 -0.130163 -0.951952 0.277208 0.590998 0.559687
female.bmp
  10 22.597982 -1.227917 0.438908 0.010383 -0.492629 0.870177 0.565558 0.551859
  9 22.458257 -1.187609 0.473459 0.082731 -0.472698 0.877332 0.567515 0.565558
  10 22.549850 -1.385405 0.257577 -0.130163 -0.951952 0.277208 0.590998 0.559687
female.bmp
  10 22.549850 -1.385405 0.257577 -0.130163 -0.951952 0.277208 0.590998 0.559687
  9 22.458257 -1.187609 0.473459 0.082731 -0.472698 0.877332 0.567515 0.565558
  9 22.453893 -1.368077 0.264385 -0.084480 -0.956929 0.277758 0.590998 0.571429
female.bmp
  3 22.512241 0.999539 -0.060211 -0.125085 0.925585 -0.357275 0.499022 0.571429
  3 22.532724 0.998558 0.170613 0.116906 0.859371 0.497810 0.516634 0.569472
  3 22.573398 1.003385 -0.066921 -0.125085 0.925585 -0.357275 0.499022 0.557730
female.bmp
  3 22.573398 1.003385 -0.066921 -0.125085 0.925585 -0.357275 0.499022 0.557730
  3 22.532724 0.998558 0.170613 0.116906 0.859371 0.497810 0.516634 0.569472
  3 22.622547 1.011569 0.132371 -0.037556 0.906965 0.419528 0.518591 0.551859
female.bmp
  3 22.532724 0.998558 0.170613 0.116906 0.859371 0.497810 0.516634 0.569472
  3 22.563984 0.845030 0.278093 0.109318 0.400667 0.909679 0.540117 0.567515
  3 22.622547 1.011569 0.132371 -0.037556 0.906965 0.419528 0.518591 0.551859
female.bmp
  3 22.622547 1.011569 0.132371 -0.037556 0.906965 0.419528 0.518591 0.551859
  3 22.563984 0.845030 0.278093 0.109318 0.400667 0.909679 0.540117 0.567515
  3 22.671606 0.868636 0.259112 0.052680 0.378894 0.923939 0.540117 0.551859
female.bmp
  3 22.563984 0.845030 0.278093 0.109318 0.400667 0.909679 0.540117 0.567515
  3 22.594855 0.655602 0.301843 0.418463 -0.246987 0.874006 0.567515 0.565558
  3 22.671606 0.868636 0.259112 0.052680 0.378894 0.923939 0.540117 0.551859
female.bmp
  3 22.671606 0.868636 0.259112 0.052680 0.378894 0.923939 0.540117 0.551859
  3 22.594855 0.655602 0.301843 0.418463 -0.246987 0.874006 0.567515 0.565558
  3 22.695075 0.668578 0.254014 0.313403 -0.364099 0.877046 0.565558 0.551859
female.bmp
  3 22.594855 0.655602 0.301843 0.418463 -0.246987 0.874006 0.567515 0.565558
  3 22.626313 0.465811 0.107189 0.855226 -0.508202 0.101584 0.590998 0.571429
  3 22.695075 0.668578 0.254014 0.313403 -0.364099 0.877046 0.565558 0.551859
female.bmp
  3 22.695075 0.668578 0.254014 0.313403 -0.364099 0.877046 0.565558 0.551859
  3 22.626313 0.465811 0.107189 0.855226 -0.508202 0.101584 0.590998 0.571429
  4 22.730254 0.508475 0.082739 0.337789 -0.910881 0.237054 0.590998 0.559687
female.bmp
  2 18.277226 -0.912650 0.516636 -0.529831 -0.487918 0.693697 0.941292 0.859100
  2 18.287227 -0.292650 0.646634 -0.556231 0.035228 0.830281 0.866928 0.857143
  2 18.267226 -0.892650 0.456636 -0.603509 -0.469113 0.644756 0.941292 0.863014
female.bmp
  2 18.267226 -0.892650 0.456636 -0.603509 -0.469113 0.644756 0.941292 0.863014
  2 18.287227 -0.292650 0.646634 -0.556231 0.035228 0.830281 0.866928 0.857143
  2 18.277227 -0.292650 0.606634 -0.584424 0.046725 0.810102 0.864971 0.861057
female.bmp
  2 18.287227 -0.292650 0.646634 -0.556231 0.035228 0.830281 0.866928 0.857143
  2 18.287226 0.247350 0.476633 -0.541052 0.399169 0.740220 0.802348 0.857143
  2 18.277227 -0.292650 0.606634 -0.584424 0.046725 0.810102 0.864971 0.861057
female.bmp
  2 18.277227 -0.292650 0.606634 -0.584424 0.046725 0.810102 0.864971 0.861057
  2 18.287226 0.247350 0.476633 -0.541052 0.399169 0.740220 0.802348 0.857143
  2 18.277226 0.217350 0.446633 -0.541052 0.399169 0.740220 0.806262 0.859100
female.bmp
  2 18.287226 0.247350 0.476633 -0.541052 0.399169 0.740220 0.802348 0.857143
  2 18.267226 0.627349 0.126632 -0.557526 0.688004 0.464559 0.759295 0.857143
  2 18.277226 0.217350 0.446633 -0.541052 0.399169 0.740220 0.806262 0.859100
female.bmp
  2 18.277226 0.217350 0.446633 -0.541052 0.399169 0.740220 0.806262 0.859100
  2 18.267226 0.627349 0.126632 -0.557526 0.688004 0.464559 0.759295 0.857143
  2 18.257226 0.587349 0.106632 -0.600761 0.669448 0.436949 0.765166 0.859100
female.bmp
  2 18.267226 0.627349 0.126632 -0.557526 0.688004 0.464559 0.759295 0.857143
  2 18.237225 0.787347 -0.423368 -0.563049 0.816838 -0.125504 0.714286 0.855186
  2 18.257226 0.587349 0.106632 -0.600761 0.669448 0.436949 0.765166 0.859100
female.bmp
  2 18.257226 0.587349 0.106632 -0.600761 0.669448 0.436949 0.765166 0.859100
  2 18.237225 0.787347 -0.423368 -0.563049 0.816838 -0.125504 0.714286 0.855186
  2 18.227225 0.747347 -0.413368 -0.660638 0.746395 -0.080317 0.720157 0.857143
female.bmp
  2 18.567226 -0.852651 0.436635 0.732850 -0.387519 0.559250 0.937378 0.816047
  2 18.577227 -0.262650 0.546634 0.740855 -0.023206 0.671264 0.863014 0.814090
  2 18.567226 -0.882650 0.506635 0.645192 -0.437712 0.626208 0.937378 0.821918
female.bmp
  2 18.567226 -0.882650 0.506635 0.645192 -0.437712 0.626208 0.937378 0.821918
  2 18.577227 -0.262650 0.546634 0.740855 -0.023206 0.671264 0.863014 0.814090
  2 18.587227 -0.252650 0.626634 0.708756 0.045753 0.703969 0.861057 0.819961
female.bmp
  2 18.577227 -0.262650 0.546634 0.740855 -0.023206 0.671264 0.863014 0.814090
  2 18.597226 0.217349 0.416633 0.591575 0.398568 0.700844 0.804305 0.814090
  2 18.587227 -0.252650 0.626634 0.708756 0.045753 0.703969 0.861057 0.819961
female.bmp
  2 18.587227 -0.252650 0.626634 0.708756 0.045753 0.703969 0.861057 0.819961
  2 18.597226 0.217349 0.416633 0.591575 0.398568 0.700844 0.804305 0.814090
  2 18.587226 0.247349 0.436632 0.664318 0.401878 0.630219 0.802348 0.818004
female.bmp
  2 18.597226 0.217349 0.416633 0.591575 0.398568 0.700844 0.804305 0.814090
  2 18.567226 0.567349 0.076632 0.625839 0.650065 0.430976 0.759295 0.812133
  2 18.587226 0.247349 0.436632 0.664318 0.401878 0.630219 0.802348 0.818004
female.bmp
  2 18.587226 0.247349 0.436632 0.664318 0.401878 0.630219 0.802348 0.818004
  2 18.567226 0.567349 0.076632 0.625839 0.650065 0.430976 0.759295 0.812133
  2 18.567226 0.637349 0.106632 0.658415 0.645575 0.386939 0.759295 0.818004
female.bmp
  2 18.567226 0.567349 0.076632 0.625839 0.650065 0.430976 0.759295 0.812133
  2 18.547225 0.747347 -0.383369 0.674821 0.729607 -0.110862 0.710372 0.810176
  2 18.567226 0.637349 0.106632 0.658415 0.645575 0.386939 0.759295 0.818004
female.bmp
  2 18.567226 0.637349 0.106632 0.658415 0.645575 0.386939 0.759295 0.818004
  2 18.547225 0.747347 -0.383369 0.674821 0.729607 -0.110862 0.710372 0.810176
  2 18.547225 0.817347 -0.403369 0.587060 0.801742 -0.112118 0.708415 0.816047
female.bmp
  2 18.177224 -0.392654 -0.783365 -0.694027 0.686464 -0.217010 0.986301 0.549902
  2 18.177224 -0.842653 -0.603364 -0.656879 -0.723207 0.213262 0.908023 0.549902
  2 18.227224 -0.772653 -0.553364 -0.340994 -0.023171 0.939780 0.911937 0.545988
female.bmp
  2 18.227224 -0.772653 -0.553364 -0.340994 -0.023171 0.939780 0.911937 0.545988
  2 18.177224 -0.842653 -0.603364 -0.656879 -0.723207 0.213262 0.908023 0.549902
  2 18.567224 -0.782653 -0.593365 0.559463 -0.112041 0.821248 0.911937 0.485323
female.bmp
  2 18.177224 -0.842653 -0.603364 -0.656879 -0.723207 0.213262 0.908023 0.549902
  2 18.577224 -0.822653 -0.643365 0.719230 -0.669679 0.185039 0.908023 0.481409
  2 18.567224 -0.782653 -0.593365 0.559463 -0.112041 0.821248 0.911937 0.485323
female.bmp
  2 18.567224 -0.782653 -0.593365 0.559463 -0.112041 0.821248 0.911937 0.485323
  2 18.577224 -0.822653 -0.643365 0.719230 -0.669679 0.185039 0.908023 0.481409
  2 18.557224 -0.392654 -0.763366 0.522140 0.708375 0.474946 0.982387 0.485323
female.bmp
  2 18.577224 -0.822653 -0.643365 0.719230 -0.669679 0.185039 0.908023 0.481409
  2 18.567224 -0.392654 -0.823366 0.686078 0.640475 -0.345091 0.986301 0.481409
  2 18.557224 -0.392654 -0.763366 0.522140 0.708375 0.474946 0.982387 0.485323
female.bmp
  2 18.557224 -0.392654 -0.763366 0.522140 0.708375 0.474946 0.982387 0.485323
  2 18.567224 -0.392654 -0.823366 0.686078 0.640475 -0.345091 0.986301 0.481409
  2 18.207224 -0.392653 -0.723365 -0.372406 0.727418 0.576348 0.982387 0.545988
female.bmp
  2 18.567224 -0.392654 -0.823366 0.686078 0.640475 -0.345091 0.986301 0.481409
  2 18.177224 -0.392654 -0.783365 -0.694027 0.686464 -0.217010 0.986301 0.549902
  2 18.207224 -0.392653 -0.723365 -0.372406 0.727418 0.576348 0.982387 0.545988
female.bmp
  2 18.207224 -0.392653 -0.723365 -0.372406 0.727418 0.576348 0.982387 0.545988
  2 18.177224 -0.392654 -0.783365 -0.694027 0.686464 -0.217010 0.986301 0.549902
  2 18.227224 -0.772653 -0.553364 -0.340994 -0.023171 0.939780 0.911937 0.545988
female.bmp
  2 18.207224 -0.392653 -0.723365 -0.372406 0.727418 0.576348 0.982387 0.545988
  2 18.227224 -0.772653 -0.553364 -0.340994 -0.023171 0.939780 0.911937 0.545988
  2 18.267224 -0.732653 -0.573364 0.281701 0.553304 0.783900 0.919765 0.538160
female.bmp
  2 18.267224 -0.732653 -0.573364 0.281701 0.553304 0.783900 0.919765 0.538160
  2 18.227224 -0.772653 -0.553364 -0.340994 -0.023171 0.939780 0.911937 0.545988
  2 18.517224 -0.732653 -0.603365 -0.072444 0.563297 0.823073 0.919765 0.493151
female.bmp
  2 18.227224 -0.772653 -0.553364 -0.340994 -0.023171 0.939780 0.911937 0.545988
  2 18.567224 -0.782653 -0.593365 0.559463 -0.112041 0.821248 0.911937 0.485323
  2 18.517224 -0.732653 -0.603365 -0.072444 0.563297 0.823073 0.919765 0.493151
female.bmp
  2 18.517224 -0.732653 -0.603365 -0.072444 0.563297 0.823073 0.919765 0.493151
  2 18.567224 -0.782653 -0.593365 0.559463 -0.112041 0.821248 0.911937 0.485323
  2 18.507224 -0.442653 -0.743366 -0.089026 0.207662 0.974141 0.974560 0.493151
female.bmp
  2 18.567224 -0.782653 -0.593365 0.559463 -0.112041 0.821248 0.911937 0.485323
  2 18.557224 -0.392654 -0.763366 0.522140 0.708375 0.474946 0.982387 0.485323
  2 18.507224 -0.442653 -0.743366 -0.089026 0.207662 0.974141 0.974560 0.493151
female.bmp
  2 18.507224 -0.442653 -0.743366 -0.089026 0.207662 0.974141 0.974560 0.493151
  2 18.557224 -0.392654 -0.763366 0.522140 0.708375 0.474946 0.982387 0.485323
  2 18.257224 -0.432653 -0.713365 0.318002 0.201319 0.926469 0.974560 0.538160
female.bmp
  2 18.557224 -0.392654 -0.763366 0.522140 0.708375 0.474946 0.982387 0.485323
  2 18.207224 -0.392653 -0.723365 -0.372406 0.727418 0.576348 0.982387 0.545988
  2 18.257224 -0.432653 -0.713365 0.318002 0.201319 0.926469 0.974560 0.538160
female.bmp
  2 18.257224 -0.432653 -0.713365 0.318002 0.201319 0.926469 0.974560 0.538160
  2 18.207224 -0.392653 -0.723365 -0.372406 0.727418 0.576348 0.982387 0.545988
  2 18.267224 -0.732653 -0.573364 0.281701 0.553304 0.783900 0.919765 0.538160
female.bmp
  2 18.257224 -0.432653 -0.713365 0.318002 0.201319 0.926469 0.974560 0.538160
  2 18.267224 -0.732653 -0.573364 0.281701 0.553304 0.783900 0.919765 0.538160
  2 18.287224 -0.732653 -0.643365 0.686078 0.640475 -0.345091 0.923679 0.534247
female.bmp
  2 18.287224 -0.732653 -0.643365 0.686078 0.640475 -0.345091 0.923679 0.534247
  2 18.267224 -0.732653 -0.573364 0.281701 0.553304 0.783900 0.919765 0.538160
  2 18.487224 -0.732653 -0.663365 -0.718419 0.670474 -0.185304 0.923679 0.497065
female.bmp
  2 18.267224 -0.732653 -0.573364 0.281701 0.553304 0.783900 0.919765 0.538160
  2 18.517224 -0.732653 -0.603365 -0.072444 0.563297 0.823073 0.919765 0.493151
  2 18.487224 -0.732653 -0.663365 -0.718419 0.670474 -0.185304 0.923679 0.497065
female.bmp
  2 18.487224 -0.732653 -0.663365 -0.718419 0.670474 -0.185304 0.923679 0.497065
  2 18.517224 -0.732653 -0.603365 -0.072444 0.563297 0.823073 0.919765 0.493151
  2 18.477224 -0.482654 -0.783366 -0.685239 -0.641206 0.345402 0.970646 0.497065
female.bmp
  2 18.517224 -0.732653 -0.603365 -0.072444 0.563297 0.823073 0.919765 0.493151
  2 18.507224 -0.442653 -0.743366 -0.089026 0.207662 0.974141 0.974560 0.493151
  2 18.477224 -0.482654 -0.783366 -0.685239 -0.641206 0.345402 0.970646 0.497065
female.bmp
  2 18.477224 -0.482654 -0.783366 -0.685239 -0.641206 0.345402 0.970646 0.497065
  2 18.507224 -0.442653 -0.743366 -0.089026 0.207662 0.974141 0.974560 0.493151
  2 18.277224 -0.472653 -0.753365 0.719230 -0.669679 0.185039 0.970646 0.534247
female.bmp
  2 18.507224 -0.442653 -0.743366 -0.089026 0.207662 0.974141 0.974560 0.493151
  2 18.257224 -0.432653 -0.713365 0.318002 0.201319 0.926469 0.974560 0.538160
  2 18.277224 -0.472653 -0.753365 0.719230 -0.669679 0.185039 0.970646 0.534247
female.bmp
  2 18.277224 -0.472653 -0.753365 0.719230 -0.669679 0.185039 0.970646 0.534247
  2 18.257224 -0.432653 -0.713365 0.318002 0.201319 0.926469 0.974560 0.538160
  2 18.287224 -0.732653 -0.643365 0.686078 0.640475 -0.345091 0.923679 0.534247
female.bmp
  2 18.277224 -0.472653 -0.753365 0.719230 -0.669679 0.185039 0.951076 0.974560
  2 18.287224 -0.732653 -0.643365 0.686078 0.640475 -0.345091 0.898239 0.974560
  2 18.257224 -0.772653 -0.683364 0.092473 -0.210159 -0.973284 0.896282 0.978474
female.bmp
  2 18.257224 -0.772653 -0.683364 0.092473 -0.210159 -0.973284 0.896282 0.978474
  2 18.287224 -0.732653 -0.643365 0.686078 0.640475 -0.345091 0.898239 0.974560
  2 18.507224 -0.782653 -0.713365 -0.314731 -0.199051 -0.928075 0.894325 0.929550
female.bmp
  2 18.287224 -0.732653 -0.643365 0.686078 0.640475 -0.345091 0.898239 0.974560
  2 18.487224 -0.732653 -0.663365 -0.718419 0.670474 -0.185304 0.898239 0.933464
  2 18.507224 -0.782653 -0.713365 -0.314731 -0.199051 -0.928075 0.894325 0.929550
female.bmp
  2 18.507224 -0.782653 -0.713365 -0.314731 -0.199051 -0.928075 0.894325 0.929550
  2 18.487224 -0.732653 -0.663365 -0.718419 0.670474 -0.185304 0.898239 0.933464
  2 18.497224 -0.482654 -0.843366 -0.278266 -0.555851 -0.783325 0.956947 0.929550
female.bmp
  2 18.487224 -0.732653 -0.663365 -0.718419 0.670474 -0.185304 0.898239 0.933464
  2 18.477224 -0.482654 -0.783366 -0.685239 -0.641206 0.345402 0.951076 0.933464
  2 18.497224 -0.482654 -0.843366 -0.278266 -0.555851 -0.783325 0.956947 0.929550
female.bmp
  2 18.497224 -0.482654 -0.843366 -0.278266 -0.555851 -0.783325 0.956947 0.929550
  2 18.477224 -0.482654 -0.783366 -0.685239 -0.641206 0.345402 0.951076 0.933464
  2 18.247224 -0.472654 -0.813365 0.075719 -0.560835 -0.824458 0.956947 0.978474
female.bmp
  2 18.477224 -0.482654 -0.783366 -0.685239 -0.641206 0.345402 0.951076 0.933464
  2 18.277224 -0.472653 -0.753365 0.719230 -0.669679 0.185039 0.951076 0.974560
  2 18.247224 -0.472654 -0.813365 0.075719 -0.560835 -0.824458 0.956947 0.978474
female.bmp
  2 18.247224 -0.472654 -0.813365 0.075719 -0.560835 -0.824458 0.956947 0.978474
  2 18.277224 -0.472653 -0.753365 0.719230 -0.669679 0.185039 0.951076 0.974560
  2 18.257224 -0.772653 -0.683364 0.092473 -0.210159 -0.973284 0.896282 0.978474
female.bmp
  2 18.247224 -0.472654 -0.813365 0.075719 -0.560835 -0.824458 0.956947 0.978474
  2 18.257224 -0.772653 -0.683364 0.092473 -0.210159 -0.973284 0.896282 0.978474
  2 18.207224 -0.812653 -0.653364 -0.365402 -0.598001 -0.713356 0.886497 0.988258
female.bmp
  2 18.207224 -0.812653 -0.653364 -0.365402 -0.598001 -0.713356 0.886497 0.988258
  2 18.257224 -0.772653 -0.683364 0.092473 -0.210159 -0.973284 0.896282 0.978474
  2 18.547224 -0.822653 -0.693365 0.372608 -0.726687 -0.577139 0.886497 0.921722
female.bmp
  2 18.257224 -0.772653 -0.683364 0.092473 -0.210159 -0.973284 0.896282 0.978474
  2 18.507224 -0.782653 -0.713365 -0.314731 -0.199051 -0.928075 0.894325 0.929550
  2 18.547224 -0.822653 -0.693365 0.372608 -0.726687 -0.577139 0.886497 0.921722
female.bmp
  2 18.547224 -0.822653 -0.693365 0.372608 -0.726687 -0.577139 0.886497 0.921722
  2 18.507224 -0.782653 -0.713365 -0.314731 -0.199051 -0.928075 0.894325 0.929550
  2 18.537224 -0.442654 -0.863366 0.355326 0.107372 -0.928555 0.964775 0.919765
female.bmp
  2 18.507224 -0.782653 -0.713365 -0.314731 -0.199051 -0.928075 0.894325 0.929550
  2 18.497224 -0.482654 -0.843366 -0.278266 -0.555851 -0.783325 0.956947 0.929550
  2 18.537224 -0.442654 -0.863366 0.355326 0.107372 -0.928555 0.964775 0.919765
female.bmp
  2 18.537224 -0.442654 -0.863366 0.355326 0.107372 -0.928555 0.964775 0.919765
  2 18.497224 -0.482654 -0.843366 -0.278266 -0.555851 -0.783325 0.956947 0.929550
  2 18.197224 -0.432654 -0.823365 -0.535174 0.135616 -0.833785 0.966732 0.988258
female.bmp
  2 18.497224 -0.482654 -0.843366 -0.278266 -0.555851 -0.783325 0.956947 0.929550
  2 18.247224 -0.472654 -0.813365 0.075719 -0.560835 -0.824458 0.956947 0.978474
  2 18.197224 -0.432654 -0.823365 -0.535174 0.135616 -0.833785 0.966732 0.988258
female.bmp
  2 18.197224 -0.432654 -0.823365 -0.535174 0.135616 -0.833785 0.966732 0.988258
  2 18.247224 -0.472654 -0.813365 0.075719 -0.560835 -0.824458 0.956947 0.978474
  2 18.207224 -0.812653 -0.653364 -0.365402 -0.598001 -0.713356 0.886497 0.988258
female.bmp
  2 18.197224 -0.432654 -0.823365 -0.535174 0.135616 -0.833785 0.966732 0.988258
  2 18.207224 -0.812653 -0.653364 -0.365402 -0.598001 -0.713356 0.886497 0.988258
  2 18.177224 -0.842653 -0.603364 -0.656879 -0.723207 0.213262 0.880626 0.992172
female.bmp
  2 18.177224 -0.842653 -0.603364 -0.656879 -0.723207 0.213262 0.880626 0.992172
  2 18.207224 -0.812653 -0.653364 -0.365402 -0.598001 -0.713356 0.886497 0.988258
  2 18.577224 -0.822653 -0.643365 0.719230 -0.669679 0.185039 0.880626 0.915851
female.bmp
  2 18.207224 -0.812653 -0.653364 -0.365402 -0.598001 -0.713356 0.886497 0.988258
  2 18.547224 -0.822653 -0.693365 0.372608 -0.726687 -0.577139 0.886497 0.921722
  2 18.577224 -0.822653 -0.643365 0.719230 -0.669679 0.185039 0.880626 0.915851
female.bmp
  2 18.577224 -0.822653 -0.643365 0.719230 -0.669679 0.185039 0.880626 0.915851
  2 18.547224 -0.822653 -0.693365 0.372608 -0.726687 -0.577139 0.886497 0.921722
  2 18.567224 -0.392654 -0.823366 0.686078 0.640475 -0.345091 0.968689 0.915851
female.bmp
  2 18.547224 -0.822653 -0.693365 0.372608 -0.726687 -0.577139 0.886497 0.921722
  2 18.537224 -0.442654 -0.863366 0.355326 0.107372 -0.928555 0.964775 0.919765
  2 18.567224 -0.392654 -0.823366 0.686078 0.640475 -0.345091 0.968689 0.915851
female.bmp
  2 18.567224 -0.392654 -0.823366 0.686078 0.640475 -0.345091 0.968689 0.915851
  2 18.537224 -0.442654 -0.863366 0.355326 0.107372 -0.928555 0.964775 0.919765
  2 18.177224 -0.392654 -0.783365 -0.694027 0.686464 -0.217010 0.968689 0.992172
female.bmp
  2 18.537224 -0.442654 -0.863366 0.355326 0.107372 -0.928555 0.964775 0.919765
  2 18.197224 -0.432654 -0.823365 -0.535174 0.135616 -0.833785 0.966732 0.988258
  2 18.177224 -0.392654 -0.783365 -0.694027 0.686464 -0.217010 0.968689 0.992172
female.bmp
  2 18.177224 -0.392654 -0.783365 -0.694027 0.686464 -0.217010 0.968689 0.992172
  2 18.197224 -0.432654 -0.823365 -0.535174 0.135616 -0.833785 0.966732 0.988258
  2 18.177224 -0.842653 -0.603364 -0.656879 -0.723207 0.213262 0.880626 0.992172
female.bmp
  2 18.027225 -0.852652 -0.363364 0.037142 -0.760225 -0.648597 0.099804 0.021526
  1 16.459549 -0.701800 -0.597134 0.060180 -0.583088 -0.810177 0.121331 0.119374
  2 18.097224 -0.632653 -0.543364 0.052432 -0.460756 -0.885977 0.121331 0.019569
female.bmp
  2 18.097224 -0.632653 -0.543364 0.052432 -0.460756 -0.885977 0.121331 0.019569
  1 16.459549 -0.701800 -0.597134 0.060180 -0.583088 -0.810177 0.121331 0.119374
  1 16.418180 -0.431987 -0.707088 0.064434 -0.431157 -0.899973 0.138943 0.123288
female.bmp
  1 16.459549 -0.701800 -0.597134 0.060180 -0.583088 -0.810177 0.121331 0.119374
  1 14.339254 -0.730291 -0.741491 0.060180 -0.583088 -0.810177 0.119374 0.238748
  1 16.418180 -0.431987 -0.707088 0.064434 -0.431157 -0.899973 0.138943 0.123288
female.bmp
  1 16.418180 -0.431987 -0.707088 0.064434 -0.431157 -0.899973 0.138943 0.123288
  1 14.339254 -0.730291 -0.741491 0.060180 -0.583088 -0.810177 0.119374 0.238748
  1 16.417302 -0.272010 -0.797124 0.064031 -0.161908 -0.984726 0.152642 0.123288
female.bmp
  1 14.339254 -0.730291 -0.741491 0.060180 -0.583088 -0.810177 0.119374 0.238748
  1 14.297233 -0.350498 -0.931469 0.060160 -0.265199 -0.962315 0.146771 0.242661
  1 16.417302 -0.272010 -0.797124 0.064031 -0.161908 -0.984726 0.152642 0.123288
female.bmp
  1 16.417302 -0.272010 -0.797124 0.064031 -0.161908 -0.984726 0.152642 0.123288
  1 14.297233 -0.350498 -0.931469 0.060160 -0.265199 -0.962315 0.146771 0.242661
  1 16.406823 -0.132044 -0.767129 0.068043 -0.014666 -0.997575 0.162427 0.123288
female.bmp
  1 14.297233 -0.350498 -0.931469 0.060160 -0.265199 -0.962315 0.146771 0.242661
  1 14.275000 0.169404 -0.991533 0.062498 0.223913 -0.972603 0.187867 0.242661
  1 16.406823 -0.132044 -0.767129 0.068043 -0.014666 -0.997575 0.162427 0.123288
female.bmp
  1 16.406823 -0.132044 -0.767129 0.068043 -0.014666 -0.997575 0.162427 0.123288
  1 14.275000 0.169404 -0.991533 0.062498 0.223913 -0.972603 0.187867 0.242661
  1 16.395374 0.177895 -0.847172 0.076029 0.175441 -0.981550 0.187867 0.125245
female.bmp
  25 -24.475243 -0.201621 0.206769 -0.787139 -0.576509 0.219200 0.571429 0.277886
  25 -24.467637 -0.029450 0.260615 -0.857026 0.136529 0.496857 0.544031 0.273973
  25 -24.526709 -0.065067 0.176698 -0.988619 -0.022740 0.148710 0.544031 0.266145
female.bmp
  25 -24.526709 -0.065067 0.176698 -0.988619 -0.022740 0.148710 0.544031 0.266145
  25 -24.467637 -0.029450 0.260615 -0.857026 0.136529 0.496857 0.544031 0.273973
  25 -24.497807 0.054421 0.121133 -0.860875 0.489979 -0.137166 0.522505 0.272016
female.bmp
  25 -24.467637 -0.029450 0.260615 -0.857026 0.136529 0.496857 0.544031 0.273973
  25 -24.438743 0.096822 0.192641 -0.409614 0.833606 0.370563 0.518591 0.295499
  25 -24.497807 0.054421 0.121133 -0.860875 0.489979 -0.137166 0.522505 0.272016
female.bmp
  25 -24.497807 0.054421 0.121133 -0.860875 0.489979 -0.137166 0.522505 0.272016
  25 -24.438743 0.096822 0.192641 -0.409614 0.833606 0.370563 0.518591 0.295499
  25 -24.398315 0.110388 0.095268 -0.323619 0.912298 -0.250964 0.504892 0.313112
female.bmp
  25 -24.438743 0.096822 0.192641 -0.409614 0.833606 0.370563 0.518591 0.295499
  25 -24.019076 0.130659 0.186736 -0.039345 0.885720 0.462549 0.516634 0.363992
  25 -24.398315 0.110388 0.095268 -0.323619 0.912298 -0.250964 0.504892 0.313112
female.bmp
  25 -24.398315 0.110388 0.095268 -0.323619 0.912298 -0.250964 0.504892 0.313112
  25 -24.019076 0.130659 0.186736 -0.039345 0.885720 0.462549 0.516634 0.363992
  24 -23.577846 0.179713 -0.007272 -0.059439 0.951111 -0.303075 0.504892 0.432485
female.bmp
  25 -24.019076 0.130659 0.186736 -0.039345 0.885720 0.462549 0.516634 0.363992
  24 -23.571117 0.150897 0.178266 -0.029936 0.866280 0.498661 0.518591 0.422701
  24 -23.577846 0.179713 -0.007272 -0.059439 0.951111 -0.303075 0.504892 0.432485
female.bmp
  24 -23.577846 0.179713 -0.007272 -0.059439 0.951111 -0.303075 0.504892 0.432485
  24 -23.571117 0.150897 0.178266 -0.029936 0.866280 0.498661 0.518591 0.422701
  24 -22.421168 0.201023 0.168059 -0.114428 0.869970 0.479644 0.518591 0.551859
female.bmp
  19 -17.690534 -0.759093 0.471956 0.521742 -0.488597 0.699327 0.941292 0.859100
  19 -17.700535 -0.138788 0.610600 0.547327 0.034512 0.836207 0.866928 0.857143
  19 -17.980534 -0.729115 0.461890 -0.652435 -0.436873 0.619250 0.937378 0.821918
female.bmp
  19 -17.980534 -0.729115 0.461890 -0.652435 -0.436873 0.619250 0.937378 0.821918
  19 -17.700535 -0.138788 0.610600 0.547327 0.034512 0.836207 0.866928 0.857143
  19 -17.990535 -0.098854 0.580512 -0.716204 0.046671 0.696329 0.861057 0.819961
female.bmp
  19 -17.700535 -0.138788 0.610600 0.547327 0.034512 0.836207 0.866928 0.857143
  19 -17.700535 0.400817 0.429420 0.533599 0.398475 0.745983 0.802348 0.857143
  19 -17.990535 -0.098854 0.580512 -0.716204 0.046671 0.696329 0.861057 0.819961
female.bmp
  19 -17.990535 -0.098854 0.580512 -0.716204 0.046671 0.696329 0.861057 0.819961
  19 -17.700535 0.400817 0.429420 0.533599 0.398475 0.745983 0.802348 0.857143
  19 -18.000535 0.400729 0.389419 -0.670501 0.402746 0.623077 0.802348 0.818004
female.bmp
  19 -17.700535 0.400817 0.429420 0.533599 0.398475 0.745983 0.802348 0.857143
  19 -17.670535 0.780073 0.088590 0.553415 0.687279 0.470510 0.759295 0.857143
  19 -18.000535 0.400729 0.389419 -0.670501 0.402746 0.623077 0.802348 0.818004
female.bmp
  19 -18.000535 0.400729 0.389419 -0.670501 0.402746 0.623077 0.802348 0.818004
  19 -17.670535 0.780073 0.088590 0.553415 0.687279 0.470510 0.759295 0.857143
  19 -17.970535 0.790029 0.068568 -0.661692 0.646424 0.379868 0.759295 0.818004
female.bmp
  19 -17.670535 0.780073 0.088590 0.553415 0.687279 0.470510 0.759295 0.857143
  19 -17.640534 0.938848 -0.471758 0.565418 0.816109 -0.119454 0.714286 0.855186
  19 -17.970535 0.790029 0.068568 -0.661692 0.646424 0.379868 0.759295 0.818004
female.bmp
  19 -17.970535 0.790029 0.068568 -0.661692 0.646424 0.379868 0.759295 0.818004
  19 -17.640534 0.938848 -0.471758 0.565418 0.816109 -0.119454 0.714286 0.855186
  19 -17.950534 0.968891 -0.451825 -0.584787 0.802500 -0.118394 0.708415 0.816047
female.bmp
  19 -17.580532 -0.691542 -0.648194 0.653618 -0.724057 0.220285 0.908023 0.549902
  19 -17.580532 -0.231914 -0.819199 0.697195 0.685569 -0.209557 0.986301 0.549902
  19 -17.620533 -0.621432 -0.598347 0.330878 -0.023609 0.943378 0.911937 0.545988
female.bmp
  19 -17.620533 -0.621432 -0.598347 0.330878 -0.023609 0.943378 0.911937 0.545988
  19 -17.580532 -0.231914 -0.819199 0.697195 0.685569 -0.209557 0.986301 0.549902
  19 -17.610533 -0.231805 -0.769200 0.367154 0.726936 0.580311 0.982387 0.545988
female.bmp
  19 -17.580532 -0.231914 -0.819199 0.697195 0.685569 -0.209557 0.986301 0.549902
  19 -17.960532 -0.242024 -0.869178 -0.681521 0.641353 -0.352415 0.986301 0.481409
  19 -17.610533 -0.231805 -0.769200 0.367154 0.726936 0.580311 0.982387 0.545988
female.bmp
  19 -17.610533 -0.231805 -0.769200 0.367154 0.726936 0.580311 0.982387 0.545988
  19 -17.960532 -0.242024 -0.869178 -0.681521 0.641353 -0.352415 0.986301 0.481409
  19 -17.950532 -0.241893 -0.809178 -0.526292 0.709048 0.469327 0.982387 0.485323
female.bmp
  19 -17.960532 -0.242024 -0.869178 -0.681521 0.641353 -0.352415 0.986301 0.481409
  19 -17.980532 -0.671629 -0.688238 -0.722030 -0.668753 0.177320 0.908023 0.481409
  19 -17.950532 -0.241893 -0.809178 -0.526292 0.709048 0.469327 0.982387 0.485323
female.bmp
  19 -17.950532 -0.241893 -0.809178 -0.526292 0.709048 0.469327 0.982387 0.485323
  19 -17.980532 -0.671629 -0.688238 -0.722030 -0.668753 0.177320 0.908023 0.481409
  19 -17.960532 -0.621520 -0.638348 -0.568392 -0.111319 0.815193 0.911937 0.485323
female.bmp
  19 -17.980532 -0.671629 -0.688238 -0.722030 -0.668753 0.177320 0.908023 0.481409
  19 -17.580532 -0.691542 -0.648194 0.653618 -0.724057 0.220285 0.908023 0.549902
  19 -17.960532 -0.621520 -0.638348 -0.568392 -0.111319 0.815193 0.911937 0.485323
female.bmp
  19 -17.960532 -0.621520 -0.638348 -0.568392 -0.111319 0.815193 0.911937 0.485323
  19 -17.580532 -0.691542 -0.648194 0.653618 -0.724057 0.220285 0.908023 0.549902
  19 -17.620533 -0.621432 -0.598347 0.330878 -0.023609 0.943378 0.911937 0.545988
female.bmp
  19 -17.620533 -0.621432 -0.598347 0.330878 -0.023609 0.943378 0.911937 0.545988
  19 -17.610533 -0.231805 -0.769200 0.367154 0.726936 0.580311 0.982387 0.545988
  19 -17.670533 -0.571476 -0.618457 -0.289370 0.553674 0.780839 0.919765 0.538160
female.bmp
  19 -17.670533 -0.571476 -0.618457 -0.289370 0.553674 0.780839 0.919765 0.538160
  19 -17.610533 -0.231805 -0.769200 0.367154 0.726936 0.580311 0.982387 0.545988
  19 -17.650533 -0.281761 -0.749090 -0.327649 0.201735 0.923011 0.974560 0.538160
female.bmp
  19 -17.610533 -0.231805 -0.769200 0.367154 0.726936 0.580311 0.982387 0.545988
  19 -17.950532 -0.241893 -0.809178 -0.526292 0.709048 0.469327 0.982387 0.485323
  19 -17.650533 -0.281761 -0.749090 -0.327649 0.201735 0.923011 0.974560 0.538160
female.bmp
  19 -17.650533 -0.281761 -0.749090 -0.327649 0.201735 0.923011 0.974560 0.538160
  19 -17.950532 -0.241893 -0.809178 -0.526292 0.709048 0.469327 0.982387 0.485323
  19 -17.900532 -0.281849 -0.789091 0.078853 0.207544 0.975042 0.974560 0.493151
female.bmp
  19 -17.950532 -0.241893 -0.809178 -0.526292 0.709048 0.469327 0.982387 0.485323
  19 -17.960532 -0.621520 -0.638348 -0.568392 -0.111319 0.815193 0.911937 0.485323
  19 -17.900532 -0.281849 -0.789091 0.078853 0.207544 0.975042 0.974560 0.493151
female.bmp
  19 -17.900532 -0.281849 -0.789091 0.078853 0.207544 0.975042 0.974560 0.493151
  19 -17.960532 -0.621520 -0.638348 -0.568392 -0.111319 0.815193 0.911937 0.485323
  19 -17.910532 -0.581542 -0.648435 0.064344 0.563200 0.823811 0.919765 0.493151
female.bmp
  19 -17.960532 -0.621520 -0.638348 -0.568392 -0.111319 0.815193 0.911937 0.485323
  19 -17.620533 -0.621432 -0.598347 0.330878 -0.023609 0.943378 0.911937 0.545988
  19 -17.910532 -0.581542 -0.648435 0.064344 0.563200 0.823811 0.919765 0.493151
female.bmp
  19 -17.910532 -0.581542 -0.648435 0.064344 0.563200 0.823811 0.919765 0.493151
  19 -17.620533 -0.621432 -0.598347 0.330878 -0.023609 0.943378 0.911937 0.545988
  19 -17.670533 -0.571476 -0.618457 -0.289370 0.553674 0.780839 0.919765 0.538160
female.bmp
  19 -17.670533 -0.571476 -0.618457 -0.289370 0.553674 0.780839 0.919765 0.538160
  19 -17.650533 -0.281761 -0.749090 -0.327649 0.201735 0.923011 0.974560 0.538160
  19 -17.680532 -0.571629 -0.688456 -0.681521 0.641353 -0.352415 0.923679 0.534247
female.bmp
  19 -17.680532 -0.571629 -0.688456 -0.681521 0.641353 -0.352415 0.923679 0.534247
  19 -17.650533 -0.281761 -0.749090 -0.327649 0.201735 0.923011 0.974560 0.538160
  19 -17.670532 -0.321871 -0.799003 -0.722030 -0.668753 0.177320 0.970646 0.534247
female.bmp
  19 -17.650533 -0.281761 -0.749090 -0.327649 0.201735 0.923011 0.974560 0.538160
  19 -17.900532 -0.281849 -0.789091 0.078853 0.207544 0.975042 0.974560 0.493151
  19 -17.670532 -0.321871 -0.799003 -0.722030 -0.668753 0.177320 0.970646 0.534247
female.bmp
  19 -17.670532 -0.321871 -0.799003 -0.722030 -0.668753 0.177320 0.970646 0.534247
  19 -17.900532 -0.281849 -0.789091 0.078853 0.207544 0.975042 0.974560 0.493151
  19 -17.870532 -0.331936 -0.828981 0.680672 -0.642090 0.352713 0.970646 0.497065
female.bmp
  19 -17.900532 -0.281849 -0.789091 0.078853 0.207544 0.975042 0.974560 0.493151
  19 -17.910532 -0.581542 -0.648435 0.064344 0.563200 0.823811 0.919765 0.493151
  19 -17.870532 -0.331936 -0.828981 0.680672 -0.642090 0.352713 0.970646 0.497065
female.bmp
  19 -17.870532 -0.331936 -0.828981 0.680672 -0.642090 0.352713 0.970646 0.497065
  19 -17.910532 -0.581542 -0.648435 0.064344 0.563200 0.823811 0.919765 0.493151
  19 -17.880532 -0.581673 -0.708435 0.721215 0.669561 -0.177584 0.923679 0.497065
female.bmp
  19 -17.910532 -0.581542 -0.648435 0.064344 0.563200 0.823811 0.919765 0.493151
  19 -17.670533 -0.571476 -0.618457 -0.289370 0.553674 0.780839 0.919765 0.538160
  19 -17.880532 -0.581673 -0.708435 0.721215 0.669561 -0.177584 0.923679 0.497065
female.bmp
  19 -17.880532 -0.581673 -0.708435 0.721215 0.669561 -0.177584 0.923679 0.497065
  19 -17.670533 -0.571476 -0.618457 -0.289370 0.553674 0.780839 0.919765 0.538160
  19 -17.680532 -0.571629 -0.688456 -0.681521 0.641353 -0.352415 0.923679 0.534247
female.bmp
  19 -17.680532 -0.571629 -0.688456 -0.681521 0.641353 -0.352415 0.898239 0.974560
  19 -17.670532 -0.321871 -0.799003 -0.722030 -0.668753 0.177320 0.951076 0.974560
  19 -17.650532 -0.621717 -0.728347 -0.082313 -0.210040 -0.974222 0.896282 0.978474
female.bmp
  19 -17.650532 -0.621717 -0.728347 -0.082313 -0.210040 -0.974222 0.896282 0.978474
  19 -17.670532 -0.321871 -0.799003 -0.722030 -0.668753 0.177320 0.951076 0.974560
  19 -17.640532 -0.322002 -0.859003 -0.067604 -0.560737 -0.825229 0.956947 0.978474
female.bmp
  19 -17.670532 -0.321871 -0.799003 -0.722030 -0.668753 0.177320 0.951076 0.974560
  19 -17.870532 -0.331936 -0.828981 0.680672 -0.642090 0.352713 0.951076 0.933464
  19 -17.640532 -0.322002 -0.859003 -0.067604 -0.560737 -0.825229 0.956947 0.978474
female.bmp
  19 -17.640532 -0.322002 -0.859003 -0.067604 -0.560737 -0.825229 0.956947 0.978474
  19 -17.870532 -0.331936 -0.828981 0.680672 -0.642090 0.352713 0.951076 0.933464
  19 -17.890532 -0.332067 -0.888981 0.285925 -0.556210 -0.780306 0.956947 0.929550
female.bmp
  19 -17.870532 -0.331936 -0.828981 0.680672 -0.642090 0.352713 0.951076 0.933464
  19 -17.880532 -0.581673 -0.708435 0.721215 0.669561 -0.177584 0.898239 0.933464
  19 -17.890532 -0.332067 -0.888981 0.285925 -0.556210 -0.780306 0.956947 0.929550
female.bmp
  19 -17.890532 -0.332067 -0.888981 0.285925 -0.556210 -0.780306 0.956947 0.929550
  19 -17.880532 -0.581673 -0.708435 0.721215 0.669561 -0.177584 0.898239 0.933464
  19 -17.900532 -0.621783 -0.758347 0.324399 -0.199463 -0.924651 0.894325 0.929550
female.bmp
  19 -17.880532 -0.581673 -0.708435 0.721215 0.669561 -0.177584 0.898239 0.933464
  19 -17.680532 -0.571629 -0.688456 -0.681521 0.641353 -0.352415 0.898239 0.974560
  19 -17.900532 -0.621783 -0.758347 0.324399 -0.199463 -0.924651 0.894325 0.929550
female.bmp
  19 -17.900532 -0.621783 -0.758347 0.324399 -0.199463 -0.924651 0.894325 0.929550
  19 -17.680532 -0.571629 -0.688456 -0.681521 0.641353 -0.352415 0.898239 0.974560
  19 -17.650532 -0.621717 -0.728347 -0.082313 -0.210040 -0.974222 0.896282 0.978474
female.bmp
  19 -17.650532 -0.621717 -0.728347 -0.082313 -0.210040 -0.974222 0.896282 0.978474
  19 -17.640532 -0.322002 -0.859003 -0.067604 -0.560737 -0.825229 0.956947 0.978474
  19 -17.610532 -0.661651 -0.698259 0.372272 -0.598470 -0.709399 0.886497 0.988258
female.bmp
  19 -17.610532 -0.661651 -0.698259 0.372272 -0.598470 -0.709399 0.886497 0.988258
  19 -17.640532 -0.322002 -0.859003 -0.067604 -0.560737 -0.825229 0.956947 0.978474
  19 -17.590532 -0.282024 -0.869090 0.544258 0.134923 -0.827997 0.966732 0.988258
female.bmp
  19 -17.640532 -0.322002 -0.859003 -0.067604 -0.560737 -0.825229 0.956947 0.978474
  19 -17.890532 -0.332067 -0.888981 0.285925 -0.556210 -0.780306 0.956947 0.929550
  19 -17.590532 -0.282024 -0.869090 0.544258 0.134923 -0.827997 0.966732 0.988258
female.bmp
  19 -17.590532 -0.282024 -0.869090 0.544258 0.134923 -0.827997 0.966732 0.988258
  19 -17.890532 -0.332067 -0.888981 0.285925 -0.556210 -0.780306 0.956947 0.929550
  19 -17.930532 -0.282111 -0.909090 -0.345224 0.107827 -0.932305 0.964775 0.919765
female.bmp
  19 -17.890532 -0.332067 -0.888981 0.285925 -0.556210 -0.780306 0.956947 0.929550
  19 -17.900532 -0.621783 -0.758347 0.324399 -0.199463 -0.924651 0.894325 0.929550
  19 -17.930532 -0.282111 -0.909090 -0.345224 0.107827 -0.932305 0.964775 0.919765
female.bmp
  19 -17.930532 -0.282111 -0.909090 -0.345224 0.107827 -0.932305 0.964775 0.919765
  19 -17.900532 -0.621783 -0.758347 0.324399 -0.199463 -0.924651 0.894325 0.929550
  19 -17.950532 -0.671761 -0.748238 -0.367345 -0.726206 -0.581104 0.886497 0.921722
female.bmp
  19 -17.900532 -0.621783 -0.758347 0.324399 -0.199463 -0.924651 0.894325 0.929550
  19 -17.650532 -0.621717 -0.728347 -0.082313 -0.210040 -0.974222 0.896282 0.978474
  19 -17.950532 -0.671761 -0.748238 -0.367345 -0.726206 -0.581104 0.886497 0.921722
female.bmp
  19 -17.950532 -0.671761 -0.748238 -0.367345 -0.726206 -0.581104 0.886497 0.921722
  19 -17.650532 -0.621717 -0.728347 -0.082313 -0.210040 -0.974222 0.896282 0.978474
  19 -17.610532 -0.661651 -0.698259 0.372272 -0.598470 -0.709399 0.886497 0.988258
female.bmp
  19 -17.610532 -0.661651 -0.698259 0.372272 -0.598470 -0.709399 0.886497 0.988258
  19 -17.590532 -0.282024 -0.869090 0.544258 0.134923 -0.827997 0.966732 0.988258
  19 -17.580532 -0.691542 -0.648194 0.653618 -0.724057 0.220285 0.880626 0.992172
female.bmp
  19 -17.580532 -0.691542 -0.648194 0.653618 -0.724057 0.220285 0.880626 0.992172
  19 -17.590532 -0.282024 -0.869090 0.544258 0.134923 -0.827997 0.966732 0.988258
  19 -17.580532 -0.231914 -0.819199 0.697195 0.685569 -0.209557 0.968689 0.992172
female.bmp
  19 -17.590532 -0.282024 -0.869090 0.544258 0.134923 -0.827997 0.966732 0.988258
  19 -17.930532 -0.282111 -0.909090 -0.345224 0.107827 -0.932305 0.964775 0.919765
  19 -17.580532 -0.231914 -0.819199 0.697195 0.685569 -0.209557 0.968689 0.992172
female.bmp
  19 -17.580532 -0.231914 -0.819199 0.697195 0.685569 -0.209557 0.968689 0.992172
  19 -17.930532 -0.282111 -0.909090 -0.345224 0.107827 -0.932305 0.964775 0.919765
  19 -17.960532 -0.242024 -0.869178 -0.681521 0.641353 -0.352415 0.968689 0.915851
female.bmp
  19 -17.930532 -0.282111 -0.909090 -0.345224 0.107827 -0.932305 0.964775 0.919765
  19 -17.950532 -0.671761 -0.748238 -0.367345 -0.726206 -0.581104 0.886497 0.921722
  19 -17.960532 -0.242024 -0.869178 -0.681521 0.641353 -0.352415 0.968689 0.915851
female.bmp
  19 -17.960532 -0.242024 -0.869178 -0.681521 0.641353 -0.352415 0.968689 0.915851
  19 -17.950532 -0.671761 -0.748238 -0.367345 -0.726206 -0.581104 0.886497 0.921722
  19 -17.980532 -0.671629 -0.688238 -0.722030 -0.668753 0.177320 0.880626 0.915851
female.bmp
  19 -17.950532 -0.671761 -0.748238 -0.367345 -0.726206 -0.581104 0.886497 0.921722
  19 -17.610532 -0.661651 -0.698259 0.372272 -0.598470 -0.709399 0.886497 0.988258
  19 -17.980532 -0.671629 -0.688238 -0.722030 -0.668753 0.177320 0.880626 0.915851
female.bmp
  19 -17.980532 -0.671629 -0.688238 -0.722030 -0.668753 0.177320 0.880626 0.915851
  19 -17.610532 -0.661651 -0.698259 0.372272 -0.598470 -0.709399 0.886497 0.988258
  19 -17.580532 -0.691542 -0.648194 0.653618 -0.724057 0.220285 0.880626 0.992172
female.bmp
  18 -5.604404 -2.123921 0.636096 -0.130777 -0.890895 0.434975 0.009785 0.726027
  18 -8.964405 -1.583921 -0.133902 -0.206339 -0.960392 -0.187275 0.054795 0.583170
  18 -5.584405 -2.203921 -0.153904 -0.137158 -0.968446 -0.208087 0.054795 0.722114
female.bmp
  18 -5.584405 -2.203921 -0.153904 -0.137158 -0.968446 -0.208087 0.054795 0.722114
  18 -8.964405 -1.583921 -0.133902 -0.206339 -0.960392 -0.187275 0.054795 0.583170
  18 -8.884405 -1.173921 -0.933902 -0.148512 -0.595546 -0.789474 0.099804 0.585127
female.bmp
  18 -8.964405 -1.583921 -0.133902 -0.206339 -0.960392 -0.187275 0.054795 0.583170
  18 -9.534405 -1.043921 -0.903902 -0.148512 -0.595546 -0.789474 0.099804 0.559687
  18 -8.884405 -1.173921 -0.933902 -0.148512 -0.595546 -0.789474 0.099804 0.585127
female.bmp
  18 -8.884405 -1.173921 -0.933902 -0.148512 -0.595546 -0.789474 0.099804 0.585127
  18 -9.534405 -1.043921 -0.903902 -0.148512 -0.595546 -0.789474 0.099804 0.559687
  18 -8.694405 -0.243921 -1.143902 -0.017851 0.173044 -0.984752 0.176125 0.589041
female.bmp
  18 -9.534405 -1.043921 -0.903902 -0.148512 -0.595546 -0.789474 0.099804 0.559687
  18 -9.424405 -0.123921 -1.103902 0.033396 0.165230 -0.985690 0.176125 0.557730
  18 -8.694405 -0.243921 -1.143902 -0.017851 0.173044 -0.984752 0.176125 0.589041
female.bmp
  18 -8.694405 -0.243921 -1.143902 -0.017851 0.173044 -0.984752 0.176125 0.589041
  18 -9.424405 -0.123921 -1.103902 0.033396 0.165230 -0.985690 0.176125 0.557730
  18 -8.504405 0.626079 -0.593902 0.102532 0.800105 -0.591033 0.232877 0.596869
female.bmp
  18 -9.424405 -0.123921 -1.103902 0.033396 0.165230 -0.985690 0.176125 0.557730
  18 -9.334405 0.796079 -0.543902 0.102532 0.800105 -0.591033 0.234834 0.561644
  18 -8.504405 0.626079 -0.593902 0.102532 0.800105 -0.591033 0.232877 0.596869
female.bmp
  18 -8.504405 0.626079 -0.593902 0.102532 0.800105 -0.591033 0.232877 0.596869
  18 -9.334405 0.796079 -0.543902 0.102532 0.800105 -0.591033 0.234834 0.561644
  18 -8.504404 0.876079 0.336098 0.163167 0.979359 0.119301 0.289628 0.598826
female.bmp
  14 23.429629 2.283838 -0.358378 0.705626 0.490898 0.510991 0.544031 0.273973
  14 23.434475 2.165457 -0.332642 0.469547 -0.286677 0.835070 0.571429 0.295499
  14 23.491043 2.161952 -0.406043 0.934549 -0.251784 0.251441 0.571429 0.277886
female.bmp
  14 23.491043 2.161952 -0.406043 0.934549 -0.251784 0.251441 0.571429 0.277886
  14 23.434475 2.165457 -0.332642 0.469547 -0.286677 0.835070 0.571429 0.295499
  14 23.423881 2.092056 -0.404057 0.574646 -0.748601 0.330725 0.583170 0.317025
female.bmp
  14 23.434475 2.165457 -0.332642 0.469547 -0.286677 0.835070 0.571429 0.295499
  14 23.144083 2.031768 -0.306188 0.256003 -0.236957 0.937184 0.565558 0.363992
  14 23.423881 2.092056 -0.404057 0.574646 -0.748601 0.330725 0.583170 0.317025
female.bmp
  14 23.423881 2.092056 -0.404057 0.574646 -0.748601 0.330725 0.583170 0.317025
  14 23.144083 2.031768 -0.306188 0.256003 -0.236957 0.937184 0.565558 0.363992
  13 22.845466 1.880565 -0.244960 0.253144 -0.382491 0.888605 0.565558 0.424658
female.bmp
  14 23.144083 2.031768 -0.306188 0.256003 -0.236957 0.937184 0.565558 0.363992
  13 22.812087 2.037335 -0.247991 -0.042331 0.340656 0.939235 0.542074 0.420744
  13 22.845466 1.880565 -0.244960 0.253144 -0.382491 0.888605 0.565558 0.424658
female.bmp
  13 22.845466 1.880565 -0.244960 0.253144 -0.382491 0.888605 0.565558 0.424658
  13 22.812087 2.037335 -0.247991 -0.042331 0.340656 0.939235 0.542074 0.420744
  12 22.052680 1.702017 -0.244741 -0.118390 0.281676 0.952178 0.540117 0.551859
female.bmp
  13 22.812087 2.037335 -0.247991 -0.042331 0.340656 0.939235 0.542074 0.420744
  13 22.733379 2.129616 -0.348932 -0.281678 0.815418 0.505718 0.518591 0.422701
  12 22.052680 1.702017 -0.244741 -0.118390 0.281676 0.952178 0.540117 0.551859
female.bmp
  5 24.591880 1.082744 -0.163842 0.784641 -0.021494 -0.619578 0.534247 0.618395
  5 24.557185 0.942011 -0.134003 0.594198 -0.691672 -0.410510 0.514677 0.626223
  5 24.290682 0.979408 -0.307721 0.175661 -0.203814 -0.963122 0.530333 0.643836
female.bmp
  5 24.290682 0.979408 -0.307721 0.175661 -0.203814 -0.963122 0.530333 0.643836
  5 24.557185 0.942011 -0.134003 0.594198 -0.691672 -0.410510 0.514677 0.626223
  5 23.808938 0.783555 -0.199718 0.127741 -0.778697 -0.614258 0.516634 0.731898
female.bmp
  5 24.557185 0.942011 -0.134003 0.594198 -0.691672 -0.410510 0.514677 0.626223
  4 23.775499 0.736655 0.039190 0.208823 -0.945268 0.250721 0.497065 0.741683
  5 23.808938 0.783555 -0.199718 0.127741 -0.778697 -0.614258 0.516634 0.731898
female.bmp
  5 23.808938 0.783555 -0.199718 0.127741 -0.778697 -0.614258 0.516634 0.731898
  4 23.775499 0.736655 0.039190 0.208823 -0.945268 0.250721 0.497065 0.741683
  4 23.665377 0.754559 -0.197775 0.132271 -0.755920 -0.641162 0.514677 0.753425
female.bmp
  4 23.775499 0.736655 0.039190 0.208823 -0.945268 0.250721 0.497065 0.741683
  4 22.730254 0.508475 0.082739 0.337789 -0.910881 0.237054 0.500978 0.827789
  4 23.665377 0.754559 -0.197775 0.132271 -0.755920 -0.641162 0.514677 0.753425
female.bmp
  4 23.665377 0.754559 -0.197775 0.132271 -0.755920 -0.641162 0.514677 0.753425
  4 22.730254 0.508475 0.082739 0.337789 -0.910881 0.237054 0.500978 0.827789
  3 22.636885 0.543456 -0.184117 0.138102 -0.713644 -0.686761 0.518591 0.831703
female.bmp
  4 22.730254 0.508475 0.082739 0.337789 -0.910881 0.237054 0.500978 0.827789
  3 22.626313 0.465811 0.107189 0.855226 -0.508202 0.101584 0.497065 0.841487
  3 22.636885 0.543456 -0.184117 0.138102 -0.713644 -0.686761 0.518591 0.831703
female.bmp
  17 20.737645 -4.131380 -0.329807 0.805886 -0.412480 0.424745 0.636008 0.878669
  17 20.516407 -4.255167 -0.403499 -0.005495 -0.995977 0.089436 0.602740 0.864971
  17 20.694362 -4.244865 -0.516750 0.600984 -0.764135 -0.234342 0.602740 0.853229
female.bmp
  17 20.694362 -4.244865 -0.516750 0.600984 -0.764135 -0.234342 0.602740 0.853229
  17 20.516407 -4.255167 -0.403499 -0.005495 -0.995977 0.089436 0.602740 0.864971
  17 20.552602 -4.183305 -0.666797 0.054080 -0.591324 -0.804619 0.567515 0.876712
female.bmp
  17 20.516407 -4.255167 -0.403499 -0.005495 -0.995977 0.089436 0.602740 0.864971
  17 20.402832 -4.181725 -0.572635 -0.743448 -0.592011 -0.311139 0.581213 0.880626
  17 20.552602 -4.183305 -0.666797 0.054080 -0.591324 -0.804619 0.567515 0.876712
female.bmp
  17 20.552602 -4.183305 -0.666797 0.054080 -0.591324 -0.804619 0.567515 0.876712
  17 20.402832 -4.181725 -0.572635 -0.743448 -0.592011 -0.311139 0.581213 0.880626
  17 20.386325 -3.620466 -0.745308 -0.479395 -0.193455 -0.856012 0.553816 0.921722
female.bmp
  17 20.402832 -4.181725 -0.572635 -0.743448 -0.592011 -0.311139 0.581213 0.880626
  17 20.288379 -3.655716 -0.576595 -0.941318 -0.293848 -0.166055 0.581213 0.925636
  17 20.386325 -3.620466 -0.745308 -0.479395 -0.193455 -0.856012 0.553816 0.921722
female.bmp
  17 20.386325 -3.620466 -0.745308 -0.479395 -0.193455 -0.856012 0.553816 0.921722
  17 20.288379 -3.655716 -0.576595 -0.941318 -0.293848 -0.166055 0.581213 0.925636
  17 20.205574 -3.118442 -0.731126 -0.607736 -0.189183 -0.771276 0.549902 0.982387
female.bmp
  17 20.288379 -3.655716 -0.576595 -0.941318 -0.293848 -0.166055 0.581213 0.925636
  17 20.120739 -3.198417 -0.518507 -0.938609 -0.315993 -0.138422 0.577299 0.980431
  17 20.205574 -3.118442 -0.731126 -0.607736 -0.189183 -0.771276 0.549902 0.982387
female.bmp
  17 20.494864 -3.637072 -0.254856 -0.254299 -0.209787 0.944098 0.620352 0.923679
  17 20.618645 -4.158652 -0.260558 0.080727 -0.508381 0.857340 0.618395 0.878669
  17 20.688460 -3.585988 -0.251521 0.573474 -0.039350 0.818278 0.647750 0.921722
female.bmp
  17 20.494864 -3.637072 -0.254856 -0.254299 -0.209787 0.944098 0.620352 0.923679
  17 20.472836 -4.252623 -0.371954 -0.527056 -0.717525 0.455379 0.602740 0.870841
  17 20.618645 -4.158652 -0.260558 0.080727 -0.508381 0.857340 0.618395 0.878669
female.bmp
  17 20.494864 -3.637072 -0.254856 -0.254299 -0.209787 0.944098 0.620352 0.923679
  17 20.358827 -3.695306 -0.371486 -0.747638 -0.387080 0.539636 0.600783 0.921722
  17 20.472836 -4.252623 -0.371954 -0.527056 -0.717525 0.455379 0.602740 0.870841
female.bmp
  17 20.494864 -3.637072 -0.254856 -0.254299 -0.209787 0.944098 0.620352 0.923679
  17 20.318772 -3.636768 -0.352280 -0.728284 -0.478351 0.490696 0.600783 0.929550
  17 20.358827 -3.695306 -0.371486 -0.747638 -0.387080 0.539636 0.600783 0.921722
female.bmp
  17 20.494864 -3.637072 -0.254856 -0.254299 -0.209787 0.944098 0.620352 0.923679
  17 20.303952 -3.145482 -0.120724 -0.292077 -0.298717 0.908548 0.620352 0.984344
  17 20.318772 -3.636768 -0.352280 -0.728284 -0.478351 0.490696 0.600783 0.929550
female.bmp
  17 20.494864 -3.637072 -0.254856 -0.254299 -0.209787 0.944098 0.620352 0.923679
  17 20.563847 -3.070413 -0.135531 0.426054 -0.109112 0.898094 0.651663 0.982387
  17 20.303952 -3.145482 -0.120724 -0.292077 -0.298717 0.908548 0.620352 0.984344
female.bmp
  17 20.494864 -3.637072 -0.254856 -0.254299 -0.209787 0.944098 0.620352 0.923679
  17 20.688460 -3.585988 -0.251521 0.573474 -0.039350 0.818278 0.647750 0.921722
  17 20.563847 -3.070413 -0.135531 0.426054 -0.109112 0.898094 0.651663 0.982387
female.bmp
  8 25.122537 -0.218992 0.217172 0.988619 -0.022745 0.148714 0.544031 0.266145
  8 25.094732 -0.099286 0.161518 0.860877 0.489977 -0.137162 0.522505 0.272016
  8 25.063551 -0.182887 0.300941 0.857025 0.136528 0.496858 0.544031 0.273973
female.bmp
  8 25.063551 -0.182887 0.300941 0.857025 0.136528 0.496858 0.544031 0.273973
  8 25.094732 -0.099286 0.161518 0.860877 0.489977 -0.137162 0.522505 0.272016
  8 25.035746 -0.063182 0.245286 0.409609 0.833607 0.370566 0.518591 0.295499
female.bmp
  8 25.094732 -0.099286 0.161518 0.860877 0.489977 -0.137162 0.522505 0.272016
  8 24.995755 -0.042526 0.135404 0.323621 0.912297 -0.250965 0.504892 0.313112
  8 25.035746 -0.063182 0.245286 0.409609 0.833607 0.370566 0.518591 0.295499
female.bmp
  8 25.035746 -0.063182 0.245286 0.409609 0.833607 0.370566 0.518591 0.295499
  8 24.995755 -0.042526 0.135404 0.323621 0.912297 -0.250965 0.504892 0.313112
  8 24.616471 -0.019192 0.225953 0.039345 0.885721 0.462547 0.516634 0.363992
female.bmp
  8 24.995755 -0.042526 0.135404 0.323621 0.912297 -0.250965 0.504892 0.313112
  7 24.175977 0.023999 0.039501 0.059439 0.951111 -0.303076 0.504892 0.432485
  8 24.616471 -0.019192 0.225953 0.039345 0.885721 0.462547 0.516634 0.363992
female.bmp
  8 24.616471 -0.019192 0.225953 0.039345 0.885721 0.462547 0.516634 0.363992
  7 24.175977 0.023999 0.039501 0.059439 0.951111 -0.303076 0.504892 0.432485
  7 24.169558 -0.007674 0.215443 0.029936 0.866281 0.498659 0.518591 0.422701
female.bmp
  7 24.175977 0.023999 0.039501 0.059439 0.951111 -0.303076 0.504892 0.432485
  7 23.019299 0.045275 0.214841 0.114427 0.869971 0.479643 0.518591 0.551859
  7 24.169558 -0.007674 0.215443 0.029936 0.866281 0.498659 0.518591 0.422701
female.bmp
  5 24.122144 1.222124 0.044534 -0.089789 0.898321 0.430067 0.516634 0.363992
  4 23.745172 1.056994 0.236582 0.034648 0.331761 0.942727 0.542074 0.420744
  5 24.129553 1.092406 0.145125 -0.244966 0.371674 0.895461 0.542074 0.367906
female.bmp
  5 24.122144 1.222124 0.044534 -0.089789 0.898321 0.430067 0.516634 0.363992
  4 23.685079 1.181579 0.094570 -0.096559 0.929464 0.356053 0.518591 0.422701
  4 23.745172 1.056994 0.236582 0.034648 0.331761 0.942727 0.542074 0.420744
female.bmp
  5 24.122144 1.222124 0.044534 -0.089789 0.898321 0.430067 0.516634 0.363992
  4 23.659480 1.163165 -0.088202 -0.123608 0.924386 -0.360875 0.504892 0.432485
  4 23.685079 1.181579 0.094570 -0.096559 0.929464 0.356053 0.518591 0.422701
female.bmp
  5 24.122144 1.222124 0.044534 -0.089789 0.898321 0.430067 0.516634 0.363992
  5 24.496430 1.278392 -0.035736 0.061079 0.952401 -0.298666 0.504892 0.313112
  4 23.659480 1.163165 -0.088202 -0.123608 0.924386 -0.360875 0.504892 0.432485
female.bmp
  5 24.122144 1.222124 0.044534 -0.089789 0.898321 0.430067 0.516634 0.363992
  5 24.562461 1.281439 0.058767 0.202684 0.888512 0.411662 0.518591 0.295499
  5 24.496430 1.278392 -0.035736 0.061079 0.952401 -0.298666 0.504892 0.313112
female.bmp
  5 24.122144 1.222124 0.044534 -0.089789 0.898321 0.430067 0.516634 0.363992
  5 24.627551 1.240172 0.114086 -0.095308 0.555231 0.826217 0.530333 0.289628
  5 24.562461 1.281439 0.058767 0.202684 0.888512 0.411662 0.518591 0.295499
female.bmp
  5 24.122144 1.222124 0.044534 -0.089789 0.898321 0.430067 0.516634 0.363992
  5 24.129553 1.092406 0.145125 -0.244966 0.371674 0.895461 0.542074 0.367906
  5 24.627551 1.240172 0.114086 -0.095308 0.555231 0.826217 0.530333 0.289628
female.bmp
  17 20.120739 -3.198417 -0.518507 -0.864602 -0.498111 -0.065948 0.561644 0.138943
  17 20.145830 -3.200340 -0.236431 -0.409461 -0.826928 0.385399 0.549902 0.133072
  16 19.954950 -2.798809 -0.495276 -0.905241 -0.405995 -0.125325 0.581213 0.095890
female.bmp
  16 19.954950 -2.798809 -0.495276 -0.905241 -0.405995 -0.125325 0.581213 0.095890
  17 20.145830 -3.200340 -0.236431 -0.409461 -0.826928 0.385399 0.549902 0.133072
  16 20.018947 -2.761746 -0.207299 -0.696601 -0.417495 0.583477 0.563601 0.095890
female.bmp
  17 20.145830 -3.200340 -0.236431 -0.409461 -0.826928 0.385399 0.549902 0.133072
  16 20.241534 -2.683693 -0.048043 -0.237771 -0.305321 0.922087 0.544031 0.093933
  16 20.018947 -2.761746 -0.207299 -0.696601 -0.417495 0.583477 0.563601 0.095890
female.bmp
  16 20.018947 -2.761746 -0.207299 -0.696601 -0.417495 0.583477 0.563601 0.095890
  16 20.241534 -2.683693 -0.048043 -0.237771 -0.305321 0.922087 0.544031 0.093933
  16 20.056741 -2.190353 0.145519 -0.148535 -0.423050 0.893849 0.559687 0.058708
female.bmp
  16 20.241534 -2.683693 -0.048043 -0.237771 -0.305321 0.922087 0.544031 0.093933
  16 20.465022 -2.085573 0.122558 0.520282 -0.229708 0.822521 0.522505 0.052838
  16 20.056741 -2.190353 0.145519 -0.148535 -0.423050 0.893849 0.559687 0.058708
female.bmp
  16 20.056741 -2.190353 0.145519 -0.148535 -0.423050 0.893849 0.559687 0.058708
  16 20.465022 -2.085573 0.122558 0.520282 -0.229708 0.822521 0.522505 0.052838
  15 20.354196 -1.503669 0.339098 0.360602 -0.221629 0.906006 0.530333 0.005871
female.bmp
  16 20.465022 -2.085573 0.122558 0.520282 -0.229708 0.822521 0.522505 0.052838
  15 20.679737 -1.447777 0.109753 0.681749 -0.372041 0.629924 0.500978 0.011742
  15 20.354196 -1.503669 0.339098 0.360602 -0.221629 0.906006 0.530333 0.005871
female.bmp
  2 18.567226 -0.882650 0.506635 0.645192 -0.437712 0.626208 0.937378 0.821918
  2 18.587227 -0.252650 0.626634 0.708756 0.045753 0.703969 0.861057 0.819961
  2 18.287227 -0.292650 0.646634 -0.556231 0.035228 0.830281 0.866928 0.857143
female.bmp
  2 18.287227 -0.292650 0.646634 -0.556231 0.035228 0.830281 0.866928 0.857143
  2 18.587227 -0.252650 0.626634 0.708756 0.045753 0.703969 0.861057 0.819961
  2 18.287226 0.247350 0.476633 -0.541052 0.399169 0.740220 0.802348 0.857143
female.bmp
  2 18.587227 -0.252650 0.626634 0.708756 0.045753 0.703969 0.861057 0.819961
  2 18.587226 0.247349 0.436632 0.664318 0.401878 0.630219 0.802348 0.818004
  2 18.287226 0.247350 0.476633 -0.541052 0.399169 0.740220 0.802348 0.857143
female.bmp
  2 18.287226 0.247350 0.476633 -0.541052 0.399169 0.740220 0.802348 0.857143
  2 18.587226 0.247349 0.436632 0.664318 0.401878 0.630219 0.802348 0.818004
  2 18.267226 0.627349 0.126632 -0.557526 0.688004 0.464559 0.759295 0.857143
female.bmp
  2 18.587226 0.247349 0.436632 0.664318 0.401878 0.630219 0.802348 0.818004
  2 18.567226 0.637349 0.106632 0.658415 0.645575 0.386939 0.759295 0.818004
  2 18.267226 0.627349 0.126632 -0.557526 0.688004 0.464559 0.759295 0.857143
female.bmp
  2 18.267226 0.627349 0.126632 -0.557526 0.688004 0.464559 0.759295 0.857143
  2 18.567226 0.637349 0.106632 0.658415 0.645575 0.386939 0.759295 0.818004
  2 18.237225 0.787347 -0.423368 -0.563049 0.816838 -0.125504 0.714286 0.855186
female.bmp
  2 18.567226 0.637349 0.106632 0.658415 0.645575 0.386939 0.759295 0.818004
  2 18.547225 0.817347 -0.403369 0.587060 0.801742 -0.112118 0.708415 0.816047
  2 18.237225 0.787347 -0.423368 -0.563049 0.816838 -0.125504 0.714286 0.855186
female.bmp
  2 18.534103 -0.749475 -0.705648 0.544966 -0.438028 -0.714943 0.857143 0.377691
  2 18.227224 -0.432654 -0.793365 -0.722180 -0.167930 -0.671010 0.818004 0.422701
  2 18.537224 -0.422654 -0.833366 0.523287 -0.194198 -0.829734 0.816047 0.377691
female.bmp
  2 18.537224 -0.422654 -0.833366 0.523287 -0.194198 -0.829734 0.816047 0.377691
  2 18.227224 -0.432654 -0.793365 -0.722180 -0.167930 -0.671010 0.818004 0.422701
  2 18.557224 0.257346 -0.883367 0.649556 0.153579 -0.744641 0.710372 0.373777
female.bmp
  2 18.227224 -0.432654 -0.793365 -0.722180 -0.167930 -0.671010 0.818004 0.422701
  2 18.237224 0.237346 -0.893367 -0.641468 0.111396 -0.759019 0.726027 0.418787
  2 18.557224 0.257346 -0.883367 0.649556 0.153579 -0.744641 0.710372 0.373777
female.bmp
  2 18.557224 0.257346 -0.883367 0.649556 0.153579 -0.744641 0.710372 0.373777
  2 18.237224 0.237346 -0.893367 -0.641468 0.111396 -0.759019 0.726027 0.418787
  2 18.547224 0.597347 -0.703368 0.662179 0.503161 -0.555291 0.673190 0.373777
female.bmp
  2 18.237224 0.237346 -0.893367 -0.641468 0.111396 -0.759019 0.726027 0.418787
  2 18.237224 0.587347 -0.733368 -0.553087 0.531861 -0.641263 0.681018 0.418787
  2 18.547224 0.597347 -0.703368 0.662179 0.503161 -0.555291 0.673190 0.373777
female.bmp
  2 18.547224 0.597347 -0.703368 0.662179 0.503161 -0.555291 0.673190 0.373777
  2 18.237224 0.587347 -0.733368 -0.553087 0.531861 -0.641263 0.681018 0.418787
  2 18.237225 0.787347 -0.423368 -0.563049 0.816838 -0.125504 0.641879 0.416830
female.bmp
  2 18.237224 0.587347 -0.733368 -0.553087 0.531861 -0.641263 0.681018 0.418787
  2 18.227225 0.747347 -0.413368 -0.660638 0.746395 -0.080317 0.647750 0.422701
  2 18.237225 0.787347 -0.423368 -0.563049 0.816838 -0.125504 0.641879 0.416830
female.bmp
  2 17.867224 -0.312653 -0.783365 -0.700677 -0.495526 0.513328 0.181996 0.878669
  2 17.847224 0.187346 -0.803366 -0.866362 -0.111757 0.486751 0.168297 0.927593
  2 17.857224 -0.322654 -0.833365 -0.763192 -0.546232 -0.345208 0.185910 0.878669
female.bmp
  2 17.857224 -0.322654 -0.833365 -0.763192 -0.546232 -0.345208 0.185910 0.878669
  2 17.847224 0.187346 -0.803366 -0.866362 -0.111757 0.486751 0.168297 0.927593
  2 17.837224 0.217346 -0.843366 -0.830754 0.043092 -0.554969 0.172211 0.931507
female.bmp
  2 17.847224 0.187346 -0.803366 -0.866362 -0.111757 0.486751 0.168297 0.927593
  2 17.807224 0.567347 -0.703367 -0.833837 0.335934 -0.438024 0.150685 0.968689
  2 17.837224 0.217346 -0.843366 -0.830754 0.043092 -0.554969 0.172211 0.931507
female.bmp
  2 17.837224 0.217346 -0.843366 -0.830754 0.043092 -0.554969 0.172211 0.931507
  2 17.807224 0.567347 -0.703367 -0.833837 0.335934 -0.438024 0.150685 0.968689
  2 17.847224 0.587347 -0.713367 -0.188412 0.652659 -0.733851 0.154599 0.974560
female.bmp
  2 17.807224 0.567347 -0.703367 -0.833837 0.335934 -0.438024 0.150685 0.968689
  2 17.807225 0.747348 -0.373367 -0.852705 0.520666 -0.042440 0.117417 0.984344
  2 17.847224 0.587347 -0.713367 -0.188412 0.652659 -0.733851 0.154599 0.974560
female.bmp
  2 17.847224 0.587347 -0.713367 -0.188412 0.652659 -0.733851 0.154599 0.974560
  2 17.807225 0.747348 -0.373367 -0.852705 0.520666 -0.042440 0.117417 0.984344
  2 17.847225 0.767348 -0.383367 -0.221738 0.965417 -0.137119 0.117417 0.992172
female.bmp
  2 17.807225 0.747348 -0.373367 -0.852705 0.520666 -0.042440 0.117417 0.984344
  2 17.867226 0.657349 0.096633 -0.117050 0.890742 0.439179 0.066536 0.976517
  2 17.847225 0.767348 -0.383367 -0.221738 0.965417 -0.137119 0.117417 0.992172
female.bmp
  2 17.867224 -0.312653 -0.783365 -0.700677 -0.495526 0.513328 0.810176 0.475538
  2 18.237224 -0.412653 -0.763365 -0.776142 -0.139268 -0.614987 0.814090 0.426614
  2 18.147224 -0.352653 -0.633365 -0.792083 0.081793 0.604909 0.812133 0.448141
female.bmp
  2 18.147224 -0.352653 -0.633365 -0.792083 0.081793 0.604909 0.812133 0.448141
  2 18.237224 -0.412653 -0.763365 -0.776142 -0.139268 -0.614987 0.814090 0.426614
  2 17.897224 -0.512653 -0.793364 -0.146630 0.320258 -0.935914 0.821918 0.475538
female.bmp
  2 18.237224 -0.412653 -0.763365 -0.776142 -0.139268 -0.614987 0.814090 0.426614
  2 18.237224 -0.722653 -0.623364 -0.583205 -0.370586 -0.722868 0.853229 0.426614
  2 17.897224 -0.512653 -0.793364 -0.146630 0.320258 -0.935914 0.821918 0.475538
female.bmp
  2 17.897224 -0.512653 -0.793364 -0.146630 0.320258 -0.935914 0.821918 0.475538
  2 18.237224 -0.722653 -0.623364 -0.583205 -0.370586 -0.722868 0.853229 0.426614
  2 17.917224 -0.862653 -0.713364 -0.293896 -0.527364 -0.797190 0.857143 0.475538
female.bmp
  2 18.237224 -0.722653 -0.623364 -0.583205 -0.370586 -0.722868 0.853229 0.426614
  2 18.237225 -0.982653 -0.413364 -0.591308 -0.655984 -0.469084 0.892368 0.424658
  2 17.917224 -0.862653 -0.713364 -0.293896 -0.527364 -0.797190 0.857143 0.475538
female.bmp
  2 17.917224 -0.862653 -0.713364 -0.293896 -0.527364 -0.797190 0.857143 0.475538
  2 18.237225 -0.982653 -0.413364 -0.591308 -0.655984 -0.469084 0.892368 0.424658
  2 17.927225 -1.042653 -0.453363 -0.081457 -0.850530 -0.519580 0.894325 0.475538
female.bmp
  2 18.237225 -0.982653 -0.413364 -0.591308 -0.655984 -0.469084 0.892368 0.424658
  2 17.907225 -1.202652 -0.143363 -0.070810 -0.971199 -0.227507 0.925636 0.473581
  2 17.927225 -1.042653 -0.453363 -0.081457 -0.850530 -0.519580 0.894325 0.475538
female.bmp
  2 18.027225 0.447347 -0.583367 0.048353 0.679268 -0.732296 0.215264 0.029354
  1 16.414735 0.618070 -0.427326 0.078115 0.941418 -0.328069 0.248532 0.133072
  2 18.017225 0.567348 -0.373367 0.072484 0.993546 -0.087251 0.240705 0.031311
female.bmp
  2 18.017225 0.567348 -0.373367 0.072484 0.993546 -0.087251 0.240705 0.031311
  1 16.414735 0.618070 -0.427326 0.078115 0.941418 -0.328069 0.248532 0.133072
  1 16.476051 0.588416 0.022520 0.107327 0.936270 0.334483 0.281800 0.133072
female.bmp
  1 16.414735 0.618070 -0.427326 0.078115 0.941418 -0.328069 0.248532 0.133072
  1 14.364692 0.899988 -0.011940 0.103723 0.984906 0.138570 0.277886 0.246575
  1 16.476051 0.588416 0.022520 0.107327 0.936270 0.334483 0.281800 0.133072
female.bmp
  1 16.476051 0.588416 0.022520 0.107327 0.936270 0.334483 0.281800 0.133072
  1 14.364692 0.899988 -0.011940 0.103723 0.984906 0.138570 0.277886 0.246575
  1 14.408308 0.480323 0.718046 0.127592 0.635140 0.761786 0.332681 0.244618
female.bmp
  1 14.364692 0.899988 -0.011940 0.103723 0.984906 0.138570 0.277886 0.246575
  1 12.998311 0.584735 0.881771 0.090233 0.622655 0.777276 0.336595 0.360078
  1 14.408308 0.480323 0.718046 0.127592 0.635140 0.761786 0.332681 0.244618
female.bmp
  1 14.408308 0.480323 0.718046 0.127592 0.635140 0.761786 0.332681 0.244618
  1 12.998311 0.584735 0.881771 0.090233 0.622655 0.777276 0.336595 0.360078
  1 13.012207 -0.225159 1.131925 0.078894 0.073451 0.994173 0.385519 0.358121
female.bmp
  1 12.998311 0.584735 0.881771 0.090233 0.622655 0.777276 0.336595 0.360078
  1 9.981975 -0.097220 1.249952 0.016705 0.084122 0.996315 0.381605 0.536204
  1 13.012207 -0.225159 1.131925 0.078894 0.073451 0.994173 0.385519 0.358121
female.bmp
  1 5.900816 0.040085 -0.632460 -0.125589 0.813341 -0.568071 0.232877 0.726027
  1 9.290828 -0.409915 -1.142377 0.017874 0.173042 -0.984752 0.176125 0.589041
  1 5.990832 -0.859915 -1.292456 -0.032848 0.201003 -0.979040 0.176125 0.720157
female.bmp
  1 5.990832 -0.859915 -1.292456 -0.032848 0.201003 -0.979040 0.176125 0.720157
  1 9.290828 -0.409915 -1.142377 0.017874 0.173042 -0.984752 0.176125 0.589041
  1 9.480823 -1.339915 -0.932371 0.148530 -0.595547 -0.789470 0.099804 0.585127
female.bmp
  1 9.290828 -0.409915 -1.142377 0.017874 0.173042 -0.984752 0.176125 0.589041
  1 10.130822 -1.209915 -0.902356 0.148530 -0.595547 -0.789470 0.099804 0.559687
  1 9.480823 -1.339915 -0.932371 0.148530 -0.595547 -0.789470 0.099804 0.585127
female.bmp
  1 9.480823 -1.339915 -0.932371 0.148530 -0.595547 -0.789470 0.099804 0.585127
  1 10.130822 -1.209915 -0.902356 0.148530 -0.595547 -0.789470 0.099804 0.559687
  1 9.560803 -1.749914 -0.132369 0.206343 -0.960392 -0.187268 0.054795 0.583170
female.bmp
  1 10.130822 -1.209915 -0.902356 0.148530 -0.595547 -0.789470 0.099804 0.559687
  1 10.130804 -1.599914 -0.172355 0.137163 -0.968446 -0.208082 0.054795 0.559687
  1 9.560803 -1.749914 -0.132369 0.206343 -0.960392 -0.187268 0.054795 0.583170
female.bmp
  1 9.560803 -1.749914 -0.132369 0.206343 -0.960392 -0.187268 0.054795 0.583170
  1 10.130804 -1.599914 -0.172355 0.137163 -0.968446 -0.208082 0.054795 0.559687
  1 9.580786 -1.669913 0.617632 0.199109 -0.882137 0.426836 0.009785 0.589041
female.bmp
  1 10.130804 -1.599914 -0.172355 0.137163 -0.968446 -0.208082 0.054795 0.559687
  1 10.120786 -1.529913 0.607645 0.130767 -0.890894 0.434980 0.009785 0.563601
  1 9.580786 -1.669913 0.617632 0.199109 -0.882137 0.426836 0.009785 0.589041
female.bmp
  30 -22.211136 1.920302 -0.400515 -0.436927 -0.844252 0.310377 0.585127 0.434442
  30 -22.251063 2.041780 -0.297806 -0.253145 -0.382494 0.888603 0.565558 0.424658
  31 -22.821463 2.246390 -0.445460 -0.574647 -0.748600 0.330725 0.583170 0.317025
female.bmp
  31 -22.821463 2.246390 -0.445460 -0.574647 -0.748600 0.330725 0.583170 0.317025
  30 -22.251063 2.041780 -0.297806 -0.253145 -0.382494 0.888603 0.565558 0.424658
  31 -22.550586 2.190364 -0.349092 -0.256003 -0.236955 0.937185 0.565558 0.363992
female.bmp
  30 -22.251063 2.041780 -0.297806 -0.253145 -0.382494 0.888603 0.565558 0.424658
  30 -22.222199 2.189991 -0.298311 0.042330 0.340653 0.939236 0.542074 0.420744
  31 -22.550586 2.190364 -0.349092 -0.256003 -0.236955 0.937185 0.565558 0.363992
female.bmp
  31 -22.550586 2.190364 -0.349092 -0.256003 -0.236955 0.937185 0.565558 0.363992
  30 -22.222199 2.189991 -0.298311 0.042330 0.340653 0.939236 0.542074 0.420744
  31 -22.452542 2.304856 -0.340202 0.048049 0.411200 0.910278 0.542074 0.367906
female.bmp
  30 -22.222199 2.189991 -0.298311 0.042330 0.340653 0.939236 0.542074 0.420744
  31 -22.450422 2.412607 -0.446434 0.290218 0.868331 0.402214 0.516634 0.363992
  31 -22.452542 2.304856 -0.340202 0.048049 0.411200 0.910278 0.542074 0.367906
female.bmp
  31 -22.452542 2.304856 -0.340202 0.048049 0.411200 0.910278 0.542074 0.367906
  31 -22.450422 2.412607 -0.446434 0.290218 0.868331 0.402214 0.516634 0.363992
  31 -22.831293 2.515128 -0.423472 0.201163 0.660239 0.723614 0.530333 0.289628
female.bmp
  31 -22.450422 2.412607 -0.446434 0.290218 0.868331 0.402214 0.516634 0.363992
  31 -22.754357 2.520621 -0.465314 0.071725 0.938959 0.336470 0.518591 0.295499
  31 -22.831293 2.515128 -0.423472 0.201163 0.660239 0.723614 0.530333 0.289628
female.bmp
  28 -23.716386 -1.427616 0.291731 -0.214271 -0.615130 0.758751 0.571429 0.295499
  28 -23.647748 -1.475724 0.207029 -0.043361 -0.965528 0.256663 0.583170 0.317025
  28 -23.342135 -1.357418 0.311931 0.079293 -0.602534 0.794145 0.565558 0.363992
female.bmp
  28 -23.342135 -1.357418 0.311931 0.079293 -0.602534 0.794145 0.565558 0.363992
  28 -23.647748 -1.475724 0.207029 -0.043361 -0.965528 0.256663 0.583170 0.317025
  27 -22.962289 -1.274890 0.350183 0.043818 -0.499857 0.864999 0.565558 0.424658
female.bmp
  28 -23.647748 -1.475724 0.207029 -0.043361 -0.965528 0.256663 0.583170 0.317025
  27 -22.932086 -1.390429 0.203763 0.148163 -0.958166 0.244880 0.585127 0.434442
  27 -22.962289 -1.274890 0.350183 0.043818 -0.499857 0.864999 0.565558 0.424658
female.bmp
  27 -22.962289 -1.274890 0.350183 0.043818 -0.499857 0.864999 0.565558 0.424658
  27 -22.932086 -1.390429 0.203763 0.148163 -0.958166 0.244880 0.585127 0.434442
  27 -22.002608 -1.069322 0.395493 -0.010386 -0.492631 0.870176 0.565558 0.551859
female.bmp
  27 -22.932086 -1.390429 0.203763 0.148163 -0.958166 0.244880 0.585127 0.434442
  27 -21.954476 -1.226810 0.214162 0.130153 -0.951954 0.277208 0.590998 0.559687
  27 -22.002608 -1.069322 0.395493 -0.010386 -0.492631 0.870176 0.565558 0.551859
female.bmp
  27 -22.002608 -1.069322 0.395493 -0.010386 -0.492631 0.870176 0.565558 0.551859
  27 -21.954476 -1.226810 0.214162 0.130153 -0.951954 0.277208 0.590998 0.559687
  26 -21.865253 -1.034965 0.428118 -0.082733 -0.472702 0.877330 0.567515 0.565558
female.bmp
  27 -21.954476 -1.226810 0.214162 0.130153 -0.951954 0.277208 0.590998 0.559687
  26 -21.860888 -1.215433 0.219044 0.084470 -0.956931 0.277756 0.590998 0.571429
  26 -21.865253 -1.034965 0.428118 -0.082733 -0.472702 0.877330 0.567515 0.565558
female.bmp
  34 -19.904802 -4.102517 -0.396517 0.008929 -0.995480 0.094555 0.602740 0.864971
  34 -19.943224 -4.025306 -0.657979 -0.052659 -0.595635 -0.801527 0.567515 0.876712
  34 -19.802596 -4.020941 -0.564146 0.745221 -0.591090 -0.308640 0.581213 0.880626
female.bmp
  34 -19.802596 -4.020941 -0.564146 0.745221 -0.591090 -0.308640 0.581213 0.880626
  34 -19.943224 -4.025306 -0.657979 -0.052659 -0.595635 -0.801527 0.567515 0.876712
  34 -19.775047 -3.459974 -0.734900 0.479425 -0.196237 -0.855361 0.553816 0.921722
female.bmp
  34 -19.943224 -4.025306 -0.657979 -0.052659 -0.595635 -0.801527 0.567515 0.876712
  34 -20.007253 -3.535806 -0.740382 -0.362255 -0.137444 -0.921890 0.544031 0.906067
  34 -19.775047 -3.459974 -0.734900 0.479425 -0.196237 -0.855361 0.553816 0.921722
female.bmp
  34 -19.775047 -3.459974 -0.734900 0.479425 -0.196237 -0.855361 0.553816 0.921722
  34 -20.007253 -3.535806 -0.740382 -0.362255 -0.137444 -0.921890 0.544031 0.906067
  34 -19.911558 -3.006784 -0.783717 -0.214617 0.062137 -0.974720 0.530333 0.968689
female.bmp
  34 -20.007253 -3.535806 -0.740382 -0.362255 -0.137444 -0.921890 0.544031 0.906067
  34 -20.123037 -2.997082 -0.643067 -0.857109 0.060432 -0.511578 0.504892 0.958904
  34 -19.911558 -3.006784 -0.783717 -0.214617 0.062137 -0.974720 0.530333 0.968689
female.bmp
  34 -19.911558 -3.006784 -0.783717 -0.214617 0.062137 -0.974720 0.530333 0.968689
  34 -20.123037 -2.997082 -0.643067 -0.857109 0.060432 -0.511578 0.504892 0.958904
  33 -19.872176 -2.854993 -0.772134 -0.154600 0.054012 -0.986500 0.512720 0.984344
female.bmp
  34 -20.123037 -2.997082 -0.643067 -0.857109 0.060432 -0.511578 0.504892 0.958904
  33 -20.030543 -2.835275 -0.719874 -0.541455 -0.053482 -0.839027 0.495108 0.982387
  33 -19.872176 -2.854993 -0.772134 -0.154600 0.054012 -0.986500 0.512720 0.984344
female.bmp
  25 -24.393432 -0.243309 -0.009492 -0.467816 -0.806179 -0.362249 0.514677 0.626223
  25 -23.622409 -0.260999 -0.132417 0.025663 -0.785407 -0.618448 0.516634 0.731898
  24 -23.559850 -0.298757 0.101555 -0.003515 -0.978399 0.206694 0.497065 0.741683
female.bmp
  24 -23.559850 -0.298757 0.101555 -0.003515 -0.978399 0.206694 0.497065 0.741683
  25 -23.622409 -0.260999 -0.132417 0.025663 -0.785407 -0.618448 0.516634 0.731898
  24 -23.438633 -0.241707 -0.138135 0.019514 -0.743379 -0.668585 0.514677 0.753425
female.bmp
  25 -23.622409 -0.260999 -0.132417 0.025663 -0.785407 -0.618448 0.516634 0.731898
  24 -23.443136 -0.023869 -0.212474 -0.005283 0.208311 -0.978048 0.547945 0.747554
  24 -23.438633 -0.241707 -0.138135 0.019514 -0.743379 -0.668585 0.514677 0.753425
female.bmp
  24 -23.438633 -0.241707 -0.138135 0.019514 -0.743379 -0.668585 0.514677 0.753425
  24 -23.443136 -0.023869 -0.212474 -0.005283 0.208311 -0.978048 0.547945 0.747554
  24 -22.417688 -0.240688 -0.129732 0.019514 -0.743379 -0.668585 0.518591 0.831703
female.bmp
  24 -23.443136 -0.023869 -0.212474 -0.005283 0.208311 -0.978048 0.547945 0.747554
  24 -22.412434 0.008839 -0.203275 -0.005283 0.208311 -0.978048 0.547945 0.831703
  24 -22.417688 -0.240688 -0.129732 0.019514 -0.743379 -0.668585 0.518591 0.831703
female.bmp
  24 -22.417688 -0.240688 -0.129732 0.019514 -0.743379 -0.668585 0.518591 0.831703
  24 -22.412434 0.008839 -0.203275 -0.005283 0.208311 -0.978048 0.547945 0.831703
  23 -22.259166 -0.231373 -0.129921 -0.046891 -0.716453 -0.696058 0.514677 0.843444
female.bmp
  24 -22.412434 0.008839 -0.203275 -0.005283 0.208311 -0.978048 0.547945 0.831703
  23 -22.243876 0.018142 -0.204138 -0.097654 0.219535 -0.970705 0.547945 0.841487
  23 -22.259166 -0.231373 -0.129921 -0.046891 -0.716453 -0.696058 0.514677 0.843444
female.bmp
  34 -19.897182 -3.473696 -0.242158 0.255693 -0.204066 0.944975 0.620352 0.923679
  34 -20.091281 -3.423643 -0.246662 -0.572745 -0.037076 0.818895 0.647750 0.921722
  34 -20.014255 -3.998240 -0.249051 -0.078388 -0.504232 0.860003 0.618395 0.878669
female.bmp
  34 -19.897182 -3.473696 -0.242158 0.255693 -0.204066 0.944975 0.620352 0.923679
  34 -19.963191 -2.910435 -0.129996 -0.425035 -0.105927 0.898958 0.651663 0.982387
  34 -20.091281 -3.423643 -0.246662 -0.572745 -0.037076 0.818895 0.647750 0.921722
female.bmp
  34 -19.897182 -3.473696 -0.242158 0.255693 -0.204066 0.944975 0.620352 0.923679
  34 -19.702263 -2.982365 -0.118060 0.293743 -0.293050 0.909855 0.620352 0.984344
  34 -19.963191 -2.910435 -0.129996 -0.425035 -0.105927 0.898958 0.651663 0.982387
female.bmp
  34 -19.897182 -3.473696 -0.242158 0.255693 -0.204066 0.944975 0.620352 0.923679
  34 -19.714799 -3.479594 -0.352166 0.730252 -0.473355 0.492612 0.600783 0.929550
  34 -19.702263 -2.982365 -0.118060 0.293743 -0.293050 0.909855 0.620352 0.984344
female.bmp
  34 -19.897182 -3.473696 -0.242158 0.255693 -0.204066 0.944975 0.620352 0.923679
  34 -19.751396 -3.530409 -0.361029 0.749334 -0.381767 0.541065 0.600783 0.921722
  34 -19.714799 -3.479594 -0.352166 0.730252 -0.473355 0.492612 0.600783 0.929550
female.bmp
  34 -19.897182 -3.473696 -0.242158 0.255693 -0.204066 0.944975 0.620352 0.923679
  34 -19.867769 -4.087771 -0.363183 0.529808 -0.713387 0.458674 0.602740 0.870841
  34 -19.751396 -3.530409 -0.361029 0.749334 -0.381767 0.541065 0.600783 0.921722
female.bmp
  34 -19.897182 -3.473696 -0.242158 0.255693 -0.204066 0.944975 0.620352 0.923679
  34 -20.014255 -3.998240 -0.249051 -0.078388 -0.504232 0.860003 0.618395 0.878669
  34 -19.867769 -4.087771 -0.363183 0.529808 -0.713387 0.458674 0.602740 0.870841
female.bmp
  22 -23.524195 1.377121 0.001092 0.089789 0.898321 0.430068 0.516634 0.363992
  22 -23.531697 1.247412 0.101687 0.245504 0.373070 0.894733 0.542074 0.367906
  21 -23.146681 1.207819 0.186931 -0.034649 0.331758 0.942728 0.542074 0.420744
female.bmp
  22 -23.524195 1.377121 0.001092 0.089789 0.898321 0.430068 0.516634 0.363992
  22 -24.029837 1.392663 0.060963 0.095308 0.555230 0.826218 0.530333 0.289628
  22 -23.531697 1.247412 0.101687 0.245504 0.373070 0.894733 0.542074 0.367906
female.bmp
  22 -23.524195 1.377121 0.001092 0.089789 0.898321 0.430068 0.516634 0.363992
  22 -23.964480 1.436693 0.015249 -0.202685 0.888511 0.411663 0.518591 0.295499
  22 -24.029837 1.392663 0.060963 0.095308 0.555230 0.826218 0.530333 0.289628
female.bmp
  22 -23.524195 1.377121 0.001092 0.089789 0.898321 0.430068 0.516634 0.363992
  22 -23.898436 1.433603 -0.079243 -0.061080 0.952402 -0.298662 0.504892 0.313112
  22 -23.964480 1.436693 0.015249 -0.202685 0.888511 0.411663 0.518591 0.295499
female.bmp
  22 -23.524195 1.377121 0.001092 0.089789 0.898321 0.430068 0.516634 0.363992
  21 -23.070120 1.322027 -0.119165 0.123612 0.924387 -0.360873 0.504892 0.432485
  22 -23.898436 1.433603 -0.079243 -0.061080 0.952402 -0.298662 0.504892 0.313112
female.bmp
  22 -23.524195 1.377121 0.001092 0.089789 0.898321 0.430068 0.516634 0.363992
  21 -23.086278 1.335171 0.054519 0.096560 0.929463 0.356055 0.518591 0.422701
  21 -23.070120 1.322027 -0.119165 0.123612 0.924387 -0.360873 0.504892 0.432485
female.bmp
  22 -23.524195 1.377121 0.001092 0.089789 0.898321 0.430068 0.516634 0.363992
  21 -23.146681 1.207819 0.186931 -0.034649 0.331758 0.942728 0.542074 0.420744
  21 -23.086278 1.335171 0.054519 0.096560 0.929463 0.356055 0.518591 0.422701
female.bmp
  28 -23.428063 -1.354051 -0.162205 -0.035554 -0.338904 -0.940149 0.530333 0.643836
  28 -22.976677 -1.350278 -0.063022 0.098608 -0.752925 -0.650677 0.516634 0.731898
  28 -23.622973 -1.478531 -0.014507 -0.258223 -0.875768 -0.407861 0.514677 0.626223
female.bmp
  28 -23.622973 -1.478531 -0.014507 -0.258223 -0.875768 -0.407861 0.514677 0.626223
  28 -22.976677 -1.350278 -0.063022 0.098608 -0.752925 -0.650677 0.516634 0.731898
  27 -22.932086 -1.390429 0.203763 0.148163 -0.958166 0.244880 0.497065 0.741683
female.bmp
  28 -22.976677 -1.350278 -0.063022 0.098608 -0.752925 -0.650677 0.516634 0.731898
  27 -22.808787 -1.330069 -0.086157 0.068868 -0.746900 -0.661361 0.514677 0.753425
  27 -22.932086 -1.390429 0.203763 0.148163 -0.958166 0.244880 0.497065 0.741683
female.bmp
  27 -22.932086 -1.390429 0.203763 0.148163 -0.958166 0.244880 0.497065 0.741683
  27 -22.808787 -1.330069 -0.086157 0.068868 -0.746900 -0.661361 0.514677 0.753425
  27 -21.954476 -1.226810 0.214162 0.130153 -0.951954 0.277208 0.500978 0.827789
female.bmp
  27 -22.808787 -1.330069 -0.086157 0.068868 -0.746900 -0.661361 0.514677 0.753425
  27 -21.980102 -1.186835 -0.073319 0.125953 -0.751545 -0.647546 0.518591 0.831703
  27 -21.954476 -1.226810 0.214162 0.130153 -0.951954 0.277208 0.500978 0.827789
female.bmp
  27 -21.954476 -1.226810 0.214162 0.130153 -0.951954 0.277208 0.500978 0.827789
  27 -21.980102 -1.186835 -0.073319 0.125953 -0.751545 -0.647546 0.518591 0.831703
  26 -21.860888 -1.215433 0.219044 0.084470 -0.956931 0.277756 0.497065 0.841487
female.bmp
  27 -21.980102 -1.186835 -0.073319 0.125953 -0.751545 -0.647546 0.518591 0.831703
  26 -21.839626 -1.184771 -0.056651 0.058624 -0.798495 -0.599141 0.514677 0.843444
  26 -21.860888 -1.215433 0.219044 0.084470 -0.956931 0.277756 0.497065 0.841487
female.bmp
  20 -21.976317 1.161371 -0.102289 0.125087 0.925586 -0.357273 0.499022 0.557730
  20 -22.026240 1.166926 0.087387 0.037556 0.906964 0.419530 0.518591 0.551859
  20 -21.936430 1.153864 0.125643 -0.116906 0.859370 0.497812 0.516634 0.569472
female.bmp
  20 -21.936430 1.153864 0.125643 -0.116906 0.859370 0.497812 0.516634 0.569472
  20 -22.026240 1.166926 0.087387 0.037556 0.906964 0.419530 0.518591 0.551859
  20 -21.967797 1.000359 0.233125 -0.109316 0.400666 0.909679 0.540117 0.567515
female.bmp
  20 -22.026240 1.166926 0.087387 0.037556 0.906964 0.419530 0.518591 0.551859
  20 -22.065756 1.021391 0.214107 -0.052678 0.378890 0.923941 0.540117 0.551859
  20 -21.967797 1.000359 0.233125 -0.109316 0.400666 0.909679 0.540117 0.567515
female.bmp
  20 -21.967797 1.000359 0.233125 -0.109316 0.400666 0.909679 0.540117 0.567515
  20 -22.065756 1.021391 0.214107 -0.052678 0.378890 0.923941 0.540117 0.551859
  20 -22.001310 0.801680 0.259647 -0.418453 -0.246990 0.874010 0.567515 0.565558
female.bmp
  20 -22.065756 1.021391 0.214107 -0.052678 0.378890 0.923941 0.540117 0.551859
  20 -22.098987 0.823983 0.209032 -0.313399 -0.364104 0.877046 0.565558 0.551859
  20 -22.001310 0.801680 0.259647 -0.418453 -0.246990 0.874010 0.567515 0.565558
female.bmp
  20 -22.001310 0.801680 0.259647 -0.418453 -0.246990 0.874010 0.567515 0.565558
  20 -22.098987 0.823983 0.209032 -0.313399 -0.364104 0.877046 0.565558 0.551859
  20 -22.029573 0.623836 0.071836 -0.855221 -0.508210 0.101582 0.590998 0.571429
female.bmp
  20 -22.098987 0.823983 0.209032 -0.313399 -0.364104 0.877046 0.565558 0.551859
  21 -22.122172 0.659023 0.043383 -0.337800 -0.910879 0.237047 0.590998 0.559687
  20 -22.029573 0.623836 0.071836 -0.855221 -0.508210 0.101582 0.590998 0.571429
female.bmp
  20 -22.029573 0.623836 0.071836 -0.855221 -0.508210 0.101582 0.497065 0.841487
  21 -22.122172 0.659023 0.043383 -0.337800 -0.910879 0.237047 0.500978 0.827789
  20 -22.043331 0.689538 -0.226315 -0.138104 -0.713642 -0.686762 0.518591 0.831703
female.bmp
  20 -22.043331 0.689538 -0.226315 -0.138104 -0.713642 -0.686762 0.518591 0.831703
  21 -22.122172 0.659023 0.043383 -0.337800 -0.910879 0.237047 0.500978 0.827789
  21 -23.064251 0.917397 -0.240574 -0.132272 -0.755920 -0.641163 0.514677 0.753425
female.bmp
  21 -22.122172 0.659023 0.043383 -0.337800 -0.910879 0.237047 0.500978 0.827789
  21 -23.176736 0.893106 0.008739 -0.208825 -0.945269 0.250718 0.497065 0.741683
  21 -23.064251 0.917397 -0.240574 -0.132272 -0.755920 -0.641163 0.514677 0.753425
female.bmp
  21 -23.064251 0.917397 -0.240574 -0.132272 -0.755920 -0.641163 0.514677 0.753425
  21 -23.176736 0.893106 0.008739 -0.208825 -0.945269 0.250718 0.497065 0.741683
  22 -23.220877 0.940849 -0.243581 -0.127741 -0.778696 -0.614260 0.516634 0.731898
female.bmp
  21 -23.176736 0.893106 0.008739 -0.208825 -0.945269 0.250718 0.497065 0.741683
  22 -23.969042 1.099744 -0.177998 -0.594201 -0.691670 -0.410510 0.514677 0.626223
  22 -23.220877 0.940849 -0.243581 -0.127741 -0.778696 -0.614260 0.516634 0.731898
female.bmp
  22 -23.220877 0.940849 -0.243581 -0.127741 -0.778696 -0.614260 0.516634 0.731898
  22 -23.969042 1.099744 -0.177998 -0.594201 -0.691670 -0.410510 0.514677 0.626223
  22 -23.692816 1.134487 -0.351180 -0.175660 -0.203811 -0.963122 0.530333 0.643836
female.bmp
  22 -23.969042 1.099744 -0.177998 -0.594201 -0.691670 -0.410510 0.514677 0.626223
  22 -24.003651 1.240496 -0.207848 -0.784641 -0.021481 -0.619578 0.534247 0.618395
  22 -23.692816 1.134487 -0.351180 -0.175660 -0.203811 -0.963122 0.530333 0.643836
female.bmp
  29 -20.570579 1.309952 0.044153 -0.245445 0.448437 0.859454 0.722114 0.270059
  29 -20.680836 1.046728 0.182559 -0.176429 0.696612 0.695417 0.714286 0.246575
  19 -20.183524 1.260995 0.106883 0.023860 0.639671 0.768278 0.753425 0.277886
female.bmp
  19 -20.183524 1.260995 0.106883 0.023860 0.639671 0.768278 0.753425 0.277886
  29 -20.680836 1.046728 0.182559 -0.176429 0.696612 0.695417 0.714286 0.246575
  19 -20.224593 0.818393 0.445138 -0.104177 0.438611 0.892619 0.757339 0.232877
female.bmp
  29 -20.680836 1.046728 0.182559 -0.176429 0.696612 0.695417 0.714286 0.246575
  20 -20.832090 0.831107 0.306087 -0.078628 0.215621 0.973306 0.704501 0.225049
  19 -20.224593 0.818393 0.445138 -0.104177 0.438611 0.892619 0.757339 0.232877
female.bmp
  19 -20.224593 0.818393 0.445138 -0.104177 0.438611 0.892619 0.757339 0.232877
  20 -20.832090 0.831107 0.306087 -0.078628 0.215621 0.973306 0.704501 0.225049
  20 -20.803786 0.555590 0.276264 -0.310105 0.090421 0.946392 0.710372 0.201566
female.bmp
  20 -20.832090 0.831107 0.306087 -0.078628 0.215621 0.973306 0.704501 0.225049
  20 -21.984080 0.788531 0.303581 -0.501739 -0.187046 0.844554 0.608611 0.221135
  20 -20.803786 0.555590 0.276264 -0.310105 0.090421 0.946392 0.710372 0.201566
female.bmp
  20 -20.803786 0.555590 0.276264 -0.310105 0.090421 0.946392 0.710372 0.201566
  20 -21.984080 0.788531 0.303581 -0.501739 -0.187046 0.844554 0.608611 0.221135
  20 -20.900234 0.430835 0.203919 -0.667931 0.322064 0.670926 0.698630 0.195695
female.bmp
  20 -21.984080 0.788531 0.303581 -0.501739 -0.187046 0.844554 0.608611 0.221135
  20 -22.024700 0.565607 0.098021 -0.664500 -0.713805 0.221184 0.608611 0.203523
  20 -20.900234 0.430835 0.203919 -0.667931 0.322064 0.670926 0.698630 0.195695
female.bmp
  33 -19.459336 -2.024294 0.144437 0.150612 -0.417939 0.895903 0.559687 0.058708
  33 -19.417042 -2.596465 -0.208028 0.698428 -0.412131 0.585103 0.563601 0.095890
  33 -19.157833 -2.114577 -0.088469 0.602349 -0.533198 0.594034 0.581213 0.058708
female.bmp
  33 -19.459336 -2.024294 0.144437 0.150612 -0.417939 0.895903 0.559687 0.058708
  33 -19.649960 -2.512356 -0.046242 0.239468 -0.299769 0.923468 0.544031 0.093933
  33 -19.417042 -2.596465 -0.208028 0.698428 -0.412131 0.585103 0.563601 0.095890
female.bmp
  33 -19.459336 -2.024294 0.144437 0.150612 -0.417939 0.895903 0.559687 0.058708
  33 -19.868063 -1.924877 0.125511 -0.518908 -0.227227 0.824076 0.522505 0.052838
  33 -19.649960 -2.512356 -0.046242 0.239468 -0.299769 0.923468 0.544031 0.093933
female.bmp
  33 -19.459336 -2.024294 0.144437 0.150612 -0.417939 0.895903 0.559687 0.058708
  32 -19.754611 -1.333384 0.341803 -0.359194 -0.218181 0.907401 0.530333 0.005871
  33 -19.868063 -1.924877 0.125511 -0.518908 -0.227227 0.824076 0.522505 0.052838
female.bmp
  33 -19.459336 -2.024294 0.144437 0.150612 -0.417939 0.895903 0.559687 0.058708
  32 -19.272249 -1.573850 0.319370 0.132202 -0.388157 0.912062 0.571429 0.017613
  32 -19.754611 -1.333384 0.341803 -0.359194 -0.218181 0.907401 0.530333 0.005871
female.bmp
  33 -19.459336 -2.024294 0.144437 0.150612 -0.417939 0.895903 0.559687 0.058708
  32 -18.871050 -1.636615 0.110564 0.536012 -0.558929 0.632684 0.596869 0.023483
  32 -19.272249 -1.573850 0.319370 0.132202 -0.388157 0.912062 0.571429 0.017613
female.bmp
  33 -19.459336 -2.024294 0.144437 0.150612 -0.417939 0.895903 0.559687 0.058708
  33 -19.157833 -2.114577 -0.088469 0.602349 -0.533198 0.594034 0.581213 0.058708
  32 -18.871050 -1.636615 0.110564 0.536012 -0.558929 0.632684 0.596869 0.023483
female.bmp
  19 -17.670534 -0.739202 0.421913 0.595966 -0.469885 0.651178 0.941292 0.863014
  19 -17.690535 -0.138897 0.560600 0.575741 0.045971 0.816339 0.864971 0.861057
  19 -17.700535 -0.138788 0.610600 0.547327 0.034512 0.836207 0.866928 0.857143
female.bmp
  19 -17.700535 -0.138788 0.610600 0.547327 0.034512 0.836207 0.866928 0.857143
  19 -17.690535 -0.138897 0.560600 0.575741 0.045971 0.816339 0.864971 0.861057
  19 -17.700535 0.400817 0.429420 0.533599 0.398475 0.745983 0.802348 0.857143
female.bmp
  19 -17.690535 -0.138897 0.560600 0.575741 0.045971 0.816339 0.864971 0.861057
  19 -17.690535 0.370752 0.399486 0.533599 0.398475 0.745983 0.806262 0.859100
  19 -17.700535 0.400817 0.429420 0.533599 0.398475 0.745983 0.802348 0.857143
female.bmp
  19 -17.700535 0.400817 0.429420 0.533599 0.398475 0.745983 0.802348 0.857143
  19 -17.690535 0.370752 0.399486 0.533599 0.398475 0.745983 0.806262 0.859100
  19 -17.670535 0.780073 0.088590 0.553415 0.687279 0.470510 0.759295 0.857143
female.bmp
  19 -17.690535 0.370752 0.399486 0.533599 0.398475 0.745983 0.806262 0.859100
  19 -17.660535 0.740007 0.058678 0.596923 0.668665 0.443362 0.765166 0.859100
  19 -17.670535 0.780073 0.088590 0.553415 0.687279 0.470510 0.759295 0.857143
female.bmp
  19 -17.670535 0.780073 0.088590 0.553415 0.687279 0.470510 0.759295 0.857143
  19 -17.660535 0.740007 0.058678 0.596923 0.668665 0.443362 0.765166 0.859100
  19 -17.640534 0.938848 -0.471758 0.565418 0.816109 -0.119454 0.714286 0.855186
female.bmp
  19 -17.660535 0.740007 0.058678 0.596923 0.668665 0.443362 0.765166 0.859100
  19 -17.630534 0.908870 -0.461693 0.662427 0.745540 -0.073224 0.720157 0.857143
  19 -17.640534 0.938848 -0.471758 0.565418 0.816109 -0.119454 0.714286 0.855186
female.bmp
  19 -17.980534 -0.729115 0.461890 -0.652435 -0.436873 0.619250 0.937378 0.821918
  19 -17.990535 -0.098854 0.580512 -0.716204 0.046671 0.696329 0.861057 0.819961
  19 -17.990535 -0.109029 0.500534 -0.748043 -0.022249 0.663278 0.863014 0.814090
female.bmp
  19 -17.990535 -0.109029 0.500534 -0.748043 -0.022249 0.663278 0.863014 0.814090
  19 -17.990535 -0.098854 0.580512 -0.716204 0.046671 0.696329 0.861057 0.819961
  19 -18.000535 0.370686 0.369485 -0.598519 0.399343 0.694479 0.804305 0.814090
female.bmp
  19 -17.990535 -0.098854 0.580512 -0.716204 0.046671 0.696329 0.861057 0.819961
  19 -18.000535 0.400729 0.389419 -0.670501 0.402746 0.623077 0.802348 0.818004
  19 -18.000535 0.370686 0.369485 -0.598519 0.399343 0.694479 0.804305 0.814090
female.bmp
  19 -18.000535 0.370686 0.369485 -0.598519 0.399343 0.694479 0.804305 0.814090
  19 -18.000535 0.400729 0.389419 -0.670501 0.402746 0.623077 0.802348 0.818004
  19 -17.970535 0.719942 0.028721 -0.629586 0.650870 0.424251 0.759295 0.812133
female.bmp
  19 -18.000535 0.400729 0.389419 -0.670501 0.402746 0.623077 0.802348 0.818004
  19 -17.970535 0.790029 0.068568 -0.661692 0.646424 0.379868 0.759295 0.818004
  19 -17.970535 0.719942 0.028721 -0.629586 0.650870 0.424251 0.759295 0.812133
female.bmp
  19 -17.970535 0.719942 0.028721 -0.629586 0.650870 0.424251 0.759295 0.812133
  19 -17.970535 0.790029 0.068568 -0.661692 0.646424 0.379868 0.759295 0.818004
  19 -17.940534 0.898935 -0.431672 -0.672651 0.730477 -0.118080 0.710372 0.810176
female.bmp
  19 -17.970535 0.790029 0.068568 -0.661692 0.646424 0.379868 0.759295 0.818004
  19 -17.950534 0.968891 -0.451825 -0.584787 0.802500 -0.118394 0.708415 0.816047
  19 -17.940534 0.898935 -0.431672 -0.672651 0.730477 -0.118080 0.710372 0.810176
female.bmp
  19 -17.630534 0.908870 -0.461693 0.662427 0.745540 -0.073224 0.647750 0.422701
  19 -17.630533 0.738171 -0.781320 0.560618 0.531140 -0.635293 0.681018 0.418787
  19 -17.640534 0.938848 -0.471758 0.565418 0.816109 -0.119454 0.641879 0.416830
female.bmp
  19 -17.640534 0.938848 -0.471758 0.565418 0.816109 -0.119454 0.641879 0.416830
  19 -17.630533 0.738171 -0.781320 0.560618 0.531140 -0.635293 0.681018 0.418787
  19 -17.940533 0.758236 -0.751365 -0.655547 0.504009 -0.562346 0.673190 0.373777
female.bmp
  19 -17.630533 0.738171 -0.781320 0.560618 0.531140 -0.635293 0.681018 0.418787
  19 -17.630533 0.387822 -0.940555 0.649713 0.110564 -0.752097 0.726027 0.418787
  19 -17.940533 0.758236 -0.751365 -0.655547 0.504009 -0.562346 0.673190 0.373777
female.bmp
  19 -17.940533 0.758236 -0.751365 -0.655547 0.504009 -0.562346 0.673190 0.373777
  19 -17.630533 0.387822 -0.940555 0.649713 0.110564 -0.752097 0.726027 0.418787
  19 -17.950533 0.417865 -0.920621 -0.641346 0.154415 -0.751553 0.710372 0.373777
female.bmp
  19 -17.630533 0.387822 -0.940555 0.649713 0.110564 -0.752097 0.726027 0.418787
  19 -17.630532 -0.281958 -0.839090 0.729116 -0.168862 -0.663231 0.818004 0.422701
  19 -17.950533 0.417865 -0.920621 -0.641346 0.154415 -0.751553 0.710372 0.373777
female.bmp
  19 -17.950533 0.417865 -0.920621 -0.641346 0.154415 -0.751553 0.710372 0.373777
  19 -17.630532 -0.281958 -0.839090 0.729116 -0.168862 -0.663231 0.818004 0.422701
  19 -17.930532 -0.272046 -0.879112 -0.514626 -0.193522 -0.835290 0.816047 0.377691
female.bmp
  19 -17.630532 -0.281958 -0.839090 0.729116 -0.168862 -0.663231 0.818004 0.422701
  19 -17.930532 -0.601761 -0.748391 -0.537840 -0.437327 -0.720745 0.857143 0.377691
  19 -17.930532 -0.272046 -0.879112 -0.514626 -0.193522 -0.835290 0.816047 0.377691
female.bmp
  19 -17.270535 -0.118700 0.650557 0.842208 0.006444 0.539114 0.015656 0.868885
  19 -17.260535 0.411014 0.519399 0.812598 0.278054 0.512221 0.023483 0.925636
  19 -17.300535 -0.128678 0.660579 0.042963 0.024362 0.998780 0.007828 0.868885
female.bmp
  19 -17.300535 -0.128678 0.660579 0.042963 0.024362 0.998780 0.007828 0.868885
  19 -17.260535 0.411014 0.519399 0.812598 0.278054 0.512221 0.023483 0.925636
  19 -17.300535 0.421036 0.529377 0.019014 0.514395 0.857343 0.019569 0.929550
female.bmp
  19 -17.260535 0.411014 0.519399 0.812598 0.278054 0.512221 0.023483 0.925636
  19 -17.230535 0.790008 0.058569 0.830753 0.469700 0.298716 0.068493 0.970646
  19 -17.300535 0.421036 0.529377 0.019014 0.514395 0.857343 0.019569 0.929550
female.bmp
  19 -17.300535 0.421036 0.529377 0.019014 0.514395 0.857343 0.019569 0.929550
  19 -17.230535 0.790008 0.058569 0.830753 0.469700 0.298716 0.068493 0.970646
  19 -17.270535 0.810007 0.058525 0.113488 0.890592 0.440416 0.066536 0.976517
female.bmp
  19 -17.230535 0.790008 0.058569 0.830753 0.469700 0.298716 0.068493 0.970646
  19 -17.200534 0.898980 -0.411670 0.853784 0.519561 -0.033294 0.117417 0.984344
  19 -17.270535 0.810007 0.058525 0.113488 0.890592 0.440416 0.066536 0.976517
female.bmp
  19 -17.270535 0.810007 0.058525 0.113488 0.890592 0.440416 0.066536 0.976517
  19 -17.200534 0.898980 -0.411670 0.853784 0.519561 -0.033294 0.117417 0.984344
  19 -17.240534 0.918958 -0.421714 0.224441 0.965130 -0.134725 0.117417 0.992172
female.bmp
  19 -17.200534 0.898980 -0.411670 0.853784 0.519561 -0.033294 0.117417 0.984344
  19 -17.240533 0.738237 -0.751320 0.197109 0.652413 -0.731783 0.154599 0.974560
  19 -17.240534 0.918958 -0.421714 0.224441 0.965130 -0.134725 0.117417 0.992172
female.bmp
  19 -17.310533 -1.050535 -0.187407 0.071988 -0.971290 -0.226745 0.925636 0.473581
  19 -17.630533 -0.831126 -0.457888 0.595440 -0.656757 -0.462733 0.892368 0.424658
  19 -17.330533 -0.881213 -0.497778 0.085921 -0.850636 -0.518686 0.894325 0.475538
female.bmp
  19 -17.330533 -0.881213 -0.497778 0.085921 -0.850636 -0.518686 0.894325 0.475538
  19 -17.630533 -0.831126 -0.457888 0.595440 -0.656757 -0.462733 0.892368 0.424658
  19 -17.320532 -0.701782 -0.758171 0.301740 -0.527747 -0.794000 0.857143 0.475538
female.bmp
  19 -17.630533 -0.831126 -0.457888 0.595440 -0.656757 -0.462733 0.892368 0.424658
  19 -17.630532 -0.571586 -0.668456 0.590444 -0.371337 -0.716578 0.853229 0.426614
  19 -17.320532 -0.701782 -0.758171 0.301740 -0.527747 -0.794000 0.857143 0.475538
female.bmp
  19 -17.320532 -0.701782 -0.758171 0.301740 -0.527747 -0.794000 0.857143 0.475538
  19 -17.630532 -0.571586 -0.668456 0.590444 -0.371337 -0.716578 0.853229 0.426614
  19 -17.300532 -0.351958 -0.838936 0.157064 0.320064 -0.934286 0.821918 0.475538
female.bmp
  19 -17.630532 -0.571586 -0.668456 0.590444 -0.371337 -0.716578 0.853229 0.426614
  19 -17.630532 -0.251871 -0.799156 0.782512 -0.140269 -0.606630 0.814090 0.426614
  19 -17.300532 -0.351958 -0.838936 0.157064 0.320064 -0.934286 0.821918 0.475538
female.bmp
  19 -17.300532 -0.351958 -0.838936 0.157064 0.320064 -0.934286 0.821918 0.475538
  19 -17.630532 -0.251871 -0.799156 0.782512 -0.140269 -0.606630 0.814090 0.426614
  19 -17.540533 -0.201586 -0.669265 0.785661 0.080771 0.613361 0.812133 0.448141
female.bmp
  19 -17.630532 -0.251871 -0.799156 0.782512 -0.140269 -0.606630 0.814090 0.426614
  19 -17.260532 -0.161936 -0.829352 0.694503 -0.496429 0.520792 0.810176 0.475538
  19 -17.540533 -0.201586 -0.669265 0.785661 0.080771 0.613361 0.812133 0.448141
female.bmp
  19 -17.490533 -0.471389 -0.578675 -0.043532 -0.460691 -0.886493 0.121331 0.019569
  18 -15.821366 -0.282788 -0.747829 -0.064434 -0.431155 -0.899974 0.138943 0.123288
  18 -15.869746 -0.554073 -0.640294 -0.060172 -0.583085 -0.810179 0.121331 0.119374
female.bmp
  18 -15.869746 -0.554073 -0.640294 -0.060172 -0.583085 -0.810179 0.121331 0.119374
  18 -15.821366 -0.282788 -0.747829 -0.064434 -0.431155 -0.899974 0.138943 0.123288
  18 -13.740324 -0.574252 -0.781202 -0.060172 -0.583085 -0.810179 0.119374 0.238748
female.bmp
  18 -15.821366 -0.282788 -0.747829 -0.064434 -0.431155 -0.899974 0.138943 0.123288
  18 -15.822450 -0.121897 -0.836219 -0.064030 -0.161906 -0.984727 0.152642 0.123288
  18 -13.740324 -0.574252 -0.781202 -0.060172 -0.583085 -0.810179 0.119374 0.238748
female.bmp
  18 -13.740324 -0.574252 -0.781202 -0.060172 -0.583085 -0.810179 0.119374 0.238748
  18 -15.822450 -0.121897 -0.836219 -0.064030 -0.161906 -0.984727 0.152642 0.123288
  18 -13.692741 -0.202172 -0.967729 -0.060160 -0.265197 -0.962316 0.146771 0.242661
female.bmp
  18 -15.822450 -0.121897 -0.836219 -0.064030 -0.161906 -0.984727 0.152642 0.123288
  18 -15.812902 0.017935 -0.814866 -0.068043 -0.014664 -0.997575 0.162427 0.123288
  18 -13.692741 -0.202172 -0.967729 -0.060160 -0.265197 -0.962316 0.146771 0.242661
female.bmp
  18 -13.692741 -0.202172 -0.967729 -0.060160 -0.265197 -0.962316 0.146771 0.242661
  18 -15.812902 0.017935 -0.814866 -0.068043 -0.014664 -0.997575 0.162427 0.123288
  18 -13.675146 0.318578 -1.032610 -0.062498 0.223915 -0.972603 0.187867 0.242661
female.bmp
  18 -15.812902 0.017935 -0.814866 -0.068043 -0.014664 -0.997575 0.162427 0.123288
  18 -15.794568 0.338797 -0.891752 -0.076029 0.175444 -0.981549 0.187867 0.125245
  18 -13.675146 0.318578 -1.032610 -0.062498 0.223915 -0.972603 0.187867 0.242661
female.bmp
  18 -13.807856 0.630886 0.681290 -0.127592 0.635139 0.761787 0.332681 0.244618
  18 -12.397515 0.744918 0.835356 -0.090234 0.622654 0.777278 0.336595 0.360078
  18 -13.763194 1.048468 -0.054802 -0.103724 0.984906 0.138571 0.277886 0.246575
female.bmp
  18 -13.807856 0.630886 0.681290 -0.127592 0.635139 0.761787 0.332681 0.244618
  18 -12.413010 -0.067717 1.087317 -0.079763 0.074093 0.994056 0.385519 0.358121
  18 -12.397515 0.744918 0.835356 -0.090234 0.622654 0.777278 0.336595 0.360078
female.bmp
  18 -13.807856 0.630886 0.681290 -0.127592 0.635139 0.761787 0.332681 0.244618
  18 -13.813954 -0.041617 0.924605 -0.128355 0.099364 0.986738 0.377691 0.244618
  18 -12.413010 -0.067717 1.087317 -0.079763 0.074093 0.994056 0.385519 0.358121
female.bmp
  18 -13.807856 0.630886 0.681290 -0.127592 0.635139 0.761787 0.332681 0.244618
  18 -15.875290 -0.066952 0.644690 -0.128355 0.099364 0.986738 0.369863 0.131115
  18 -13.813954 -0.041617 0.924605 -0.128355 0.099364 0.986738 0.377691 0.244618
female.bmp
  18 -13.807856 0.630886 0.681290 -0.127592 0.635139 0.761787 0.332681 0.244618
  18 -15.878510 0.445420 0.409819 -0.127592 0.635139 0.761787 0.326810 0.131115
  18 -15.875290 -0.066952 0.644690 -0.128355 0.099364 0.986738 0.369863 0.131115
female.bmp
  18 -13.807856 0.630886 0.681290 -0.127592 0.635139 0.761787 0.332681 0.244618
  18 -15.881865 0.739807 -0.027246 -0.107328 0.936270 0.334484 0.281800 0.133072
  18 -15.878510 0.445420 0.409819 -0.127592 0.635139 0.761787 0.326810 0.131115
female.bmp
  18 -13.807856 0.630886 0.681290 -0.127592 0.635139 0.761787 0.332681 0.244618
  18 -13.763194 1.048468 -0.054802 -0.103724 0.984906 0.138571 0.277886 0.246575
  18 -15.881865 0.739807 -0.027246 -0.107328 0.936270 0.334484 0.281800 0.133072
female.bmp
  18 -9.392853 0.053053 1.203361 -0.016039 0.084609 0.996285 0.381605 0.536204
  18 -12.413010 -0.067717 1.087317 -0.079763 0.074093 0.994056 0.385519 0.358121
  18 -9.400541 -0.646046 1.106397 -0.013086 -0.439937 0.897933 0.430528 0.538160
female.bmp
  18 -9.400541 -0.646046 1.106397 -0.013086 -0.439937 0.897933 0.430528 0.538160
  18 -12.413010 -0.067717 1.087317 -0.079763 0.074093 0.994056 0.385519 0.358121
  18 -12.470905 -0.726918 0.981004 -0.071805 -0.479074 0.874833 0.438356 0.354207
female.bmp
  18 -12.413010 -0.067717 1.087317 -0.079763 0.074093 0.994056 0.385519 0.358121
  18 -13.813954 -0.041617 0.924605 -0.128355 0.099364 0.986738 0.377691 0.244618
  18 -12.470905 -0.726918 0.981004 -0.071805 -0.479074 0.874833 0.438356 0.354207
female.bmp
  18 -12.470905 -0.726918 0.981004 -0.071805 -0.479074 0.874833 0.438356 0.354207
  18 -13.813954 -0.041617 0.924605 -0.128355 0.099364 0.986738 0.377691 0.244618
  18 -13.881899 -0.700758 0.808343 -0.130627 -0.509437 0.850536 0.430528 0.240705
female.bmp
  18 -13.813954 -0.041617 0.924605 -0.128355 0.099364 0.986738 0.377691 0.244618
  18 -15.875290 -0.066952 0.644690 -0.128355 0.099364 0.986738 0.369863 0.131115
  18 -13.881899 -0.700758 0.808343 -0.130627 -0.509437 0.850536 0.430528 0.240705
female.bmp
  18 -13.881899 -0.700758 0.808343 -0.130627 -0.509437 0.850536 0.430528 0.240705
  18 -15.875290 -0.066952 0.644690 -0.128355 0.099364 0.986738 0.369863 0.131115
  18 -15.943769 -0.615899 0.509531 -0.111676 -0.564374 0.817931 0.418787 0.125245
female.bmp
  18 -15.875290 -0.066952 0.644690 -0.128355 0.099364 0.986738 0.369863 0.131115
  19 -17.440534 -0.639311 0.371695 -0.089157 -0.589632 0.802736 0.410959 0.037182
  18 -15.943769 -0.615899 0.509531 -0.111676 -0.564374 0.817931 0.418787 0.125245
female.bmp
  18 -9.345813 0.962056 -0.667896 0.059899 0.801031 -0.595619 0.228963 0.534247
  18 -9.424405 -0.123921 -1.103902 0.033396 0.165230 -0.985690 0.176125 0.557730
  18 -9.315109 0.127428 -1.196436 0.053165 0.165884 -0.984711 0.174168 0.532290
female.bmp
  18 -9.315109 0.127428 -1.196436 0.053165 0.165884 -0.984711 0.174168 0.532290
  18 -9.424405 -0.123921 -1.103902 0.033396 0.165230 -0.985690 0.176125 0.557730
  18 -9.350219 -0.795180 -0.955477 -0.060172 -0.583085 -0.810179 0.105675 0.534247
female.bmp
  18 -9.424405 -0.123921 -1.103902 0.033396 0.165230 -0.985690 0.176125 0.557730
  18 -9.534405 -1.043921 -0.903902 -0.148512 -0.595546 -0.789474 0.099804 0.559687
  18 -9.350219 -0.795180 -0.955477 -0.060172 -0.583085 -0.810179 0.105675 0.534247
female.bmp
  18 -9.350219 -0.795180 -0.955477 -0.060172 -0.583085 -0.810179 0.105675 0.534247
  18 -9.534405 -1.043921 -0.903902 -0.148512 -0.595546 -0.789474 0.099804 0.559687
  18 -9.534405 -1.433921 -0.173902 -0.137158 -0.968446 -0.208087 0.054795 0.559687
female.bmp
  18 -9.534405 -1.043921 -0.903902 -0.148512 -0.595546 -0.789474 0.099804 0.559687
  18 -8.964405 -1.583921 -0.133902 -0.206339 -0.960392 -0.187275 0.054795 0.583170
  18 -9.534405 -1.433921 -0.173902 -0.137158 -0.968446 -0.208087 0.054795 0.559687
female.bmp
  18 -9.534405 -1.433921 -0.173902 -0.137158 -0.968446 -0.208087 0.054795 0.559687
  18 -8.964405 -1.583921 -0.133902 -0.206339 -0.960392 -0.187275 0.054795 0.583170
  18 -8.974405 -1.503921 0.616098 -0.199118 -0.882138 0.426831 0.009785 0.589041
female.bmp
  18 -8.964405 -1.583921 -0.133902 -0.206339 -0.960392 -0.187275 0.054795 0.583170
  18 -5.604404 -2.123921 0.636096 -0.130777 -0.890895 0.434975 0.009785 0.726027
  18 -8.974405 -1.503921 0.616098 -0.199118 -0.882138 0.426831 0.009785 0.589041
female.bmp
  12 21.935759 1.615961 -0.683744 -0.099984 0.283637 -0.953705 0.547945 0.831703
  12 21.873394 1.584603 -0.678527 -0.099984 0.283637 -0.953705 0.547945 0.841487
  12 21.870850 1.753965 -0.496017 -0.407176 0.756546 -0.511709 0.573386 0.837573
female.bmp
  12 21.935759 1.615961 -0.683744 -0.099984 0.283637 -0.953705 0.547945 0.831703
  12 21.986628 1.389658 -0.630835 0.519492 -0.441104 -0.731816 0.514677 0.843444
  12 21.873394 1.584603 -0.678527 -0.099984 0.283637 -0.953705 0.547945 0.841487
female.bmp
  12 21.935759 1.615961 -0.683744 -0.099984 0.283637 -0.953705 0.547945 0.831703
  12 22.039097 1.421709 -0.616013 0.457916 -0.601970 -0.654175 0.518591 0.831703
  12 21.986628 1.389658 -0.630835 0.519492 -0.441104 -0.731816 0.514677 0.843444
female.bmp
  12 21.935759 1.615961 -0.683744 -0.099984 0.283637 -0.953705 0.547945 0.831703
  13 22.687668 1.950926 -0.674785 -0.044459 0.230641 -0.972023 0.547945 0.747554
  12 22.039097 1.421709 -0.616013 0.457916 -0.601970 -0.654175 0.518591 0.831703
female.bmp
  12 21.935759 1.615961 -0.683744 -0.099984 0.283637 -0.953705 0.547945 0.831703
  12 21.932722 1.787909 -0.491587 -0.386356 0.808395 -0.444102 0.573386 0.827789
  13 22.687668 1.950926 -0.674785 -0.044459 0.230641 -0.972023 0.547945 0.747554
female.bmp
  12 21.935759 1.615961 -0.683744 -0.099984 0.283637 -0.953705 0.547945 0.831703
  12 21.870850 1.753965 -0.496017 -0.407176 0.756546 -0.511709 0.573386 0.837573
  12 21.932722 1.787909 -0.491587 -0.386356 0.808395 -0.444102 0.573386 0.827789
female.bmp
  14 23.054960 2.150522 -0.298801 -0.048048 0.411200 0.910278 0.542074 0.367906
  13 22.812087 2.037335 -0.247991 -0.042331 0.340656 0.939235 0.542074 0.420744
  14 23.144083 2.031768 -0.306188 0.256003 -0.236957 0.937184 0.565558 0.363992
female.bmp
  14 23.054960 2.150522 -0.298801 -0.048048 0.411200 0.910278 0.542074 0.367906
  14 23.043920 2.254011 -0.403530 -0.290217 0.868331 0.402213 0.516634 0.363992
  13 22.812087 2.037335 -0.247991 -0.042331 0.340656 0.939235 0.542074 0.420744
female.bmp
  14 23.054960 2.150522 -0.298801 -0.048048 0.411200 0.910278 0.542074 0.367906
  14 23.424790 2.356532 -0.380565 -0.201162 0.660240 0.723614 0.530333 0.289628
  14 23.043920 2.254011 -0.403530 -0.290217 0.868331 0.402213 0.516634 0.363992
female.bmp
  14 23.054960 2.150522 -0.298801 -0.048048 0.411200 0.910278 0.542074 0.367906
  14 23.470347 2.322500 -0.339743 -0.048048 0.411200 0.910278 0.544031 0.283757
  14 23.424790 2.356532 -0.380565 -0.201162 0.660240 0.723614 0.530333 0.289628
female.bmp
  14 23.054960 2.150522 -0.298801 -0.048048 0.411200 0.910278 0.542074 0.367906
  14 23.474976 2.246876 -0.327115 0.058931 0.079818 0.995066 0.557730 0.289628
  14 23.470347 2.322500 -0.339743 -0.048048 0.411200 0.910278 0.544031 0.283757
female.bmp
  14 23.054960 2.150522 -0.298801 -0.048048 0.411200 0.910278 0.542074 0.367906
  14 23.144083 2.031768 -0.306188 0.256003 -0.236957 0.937184 0.565558 0.363992
  14 23.474976 2.246876 -0.327115 0.058931 0.079818 0.995066 0.557730 0.289628
female.bmp
  7 24.153056 -0.330980 0.320330 -0.003707 -0.524584 0.851351 0.565558 0.424658
  8 24.958742 -0.409325 0.232814 0.179524 -0.952195 0.247175 0.583170 0.317025
  8 24.590276 -0.345002 0.321670 -0.022355 -0.553869 0.832304 0.565558 0.363992
female.bmp
  7 24.153056 -0.330980 0.320330 -0.003707 -0.524584 0.851351 0.565558 0.424658
  7 24.157980 -0.454494 0.148225 0.003515 -0.978399 0.206696 0.585127 0.434442
  8 24.958742 -0.409325 0.232814 0.179524 -0.952195 0.247175 0.583170 0.317025
female.bmp
  7 24.153056 -0.330980 0.320330 -0.003707 -0.524584 0.851351 0.565558 0.424658
  7 22.996141 -0.465800 0.176555 0.005857 -0.958776 0.284102 0.590998 0.559687
  7 24.157980 -0.454494 0.148225 0.003515 -0.978399 0.206696 0.585127 0.434442
female.bmp
  7 24.153056 -0.330980 0.320330 -0.003707 -0.524584 0.851351 0.565558 0.424658
  7 23.012790 -0.278118 0.320076 0.119362 -0.366142 0.922872 0.565558 0.551859
  7 22.996141 -0.465800 0.176555 0.005857 -0.958776 0.284102 0.590998 0.559687
female.bmp
  7 24.153056 -0.330980 0.320330 -0.003707 -0.524584 0.851351 0.565558 0.424658
  7 24.163796 -0.157833 0.342798 0.008073 0.256301 0.966563 0.542074 0.420744
  7 23.012790 -0.278118 0.320076 0.119362 -0.366142 0.922872 0.565558 0.551859
female.bmp
  7 24.153056 -0.330980 0.320330 -0.003707 -0.524584 0.851351 0.565558 0.424658
  8 24.590276 -0.345002 0.321670 -0.022355 -0.553869 0.832304 0.565558 0.363992
  7 24.163796 -0.157833 0.342798 0.008073 0.256301 0.966563 0.542074 0.420744
female.bmp
  11 23.932203 -1.331440 0.413341 0.115848 0.245370 0.962483 0.542074 0.367906
  10 23.594124 -1.250993 0.430569 0.127164 0.288645 0.948954 0.542074 0.420744
  11 23.937215 -1.514839 0.356422 -0.079293 -0.602530 0.794147 0.565558 0.363992
female.bmp
  11 23.932203 -1.331440 0.413341 0.115848 0.245370 0.962483 0.542074 0.367906
  11 24.009828 -1.223433 0.258393 0.258682 0.855754 0.448072 0.516634 0.363992
  10 23.594124 -1.250993 0.430569 0.127164 0.288645 0.948954 0.542074 0.420744
female.bmp
  11 23.932203 -1.331440 0.413341 0.115848 0.245370 0.962483 0.542074 0.367906
  11 24.444107 -1.390644 0.301316 0.224589 0.543606 0.808735 0.530333 0.287671
  11 24.009828 -1.223433 0.258393 0.258682 0.855754 0.448072 0.516634 0.363992
female.bmp
  11 23.932203 -1.331440 0.413341 0.115848 0.245370 0.962483 0.542074 0.367906
  11 24.457239 -1.470504 0.341936 0.183798 0.233662 0.954788 0.544031 0.283757
  11 24.444107 -1.390644 0.301316 0.224589 0.543606 0.808735 0.530333 0.287671
female.bmp
  11 23.932203 -1.331440 0.413341 0.115848 0.245370 0.962483 0.542074 0.367906
  11 24.409665 -1.551918 0.352351 0.084432 -0.093883 0.991997 0.557730 0.289628
  11 24.457239 -1.470504 0.341936 0.183798 0.233662 0.954788 0.544031 0.283757
female.bmp
  11 23.932203 -1.331440 0.413341 0.115848 0.245370 0.962483 0.542074 0.367906
  11 23.937215 -1.514839 0.356422 -0.079293 -0.602530 0.794147 0.565558 0.363992
  11 24.409665 -1.551918 0.352351 0.084432 -0.093883 0.991997 0.557730 0.289628
female.bmp
  5 24.129553 1.092406 0.145125 -0.735435 0.671125 0.093417 0.542074 0.367906
  5 24.129553 1.092406 0.145125 -0.244966 0.371674 0.895461 0.542074 0.367906
  5 24.189723 0.943420 0.169262 0.161761 -0.317993 0.934192 0.565558 0.363992
female.bmp
  5 24.129553 1.092406 0.145125 -0.735435 0.671125 0.093417 0.542074 0.367906
  5 24.627551 1.240172 0.114086 -0.095308 0.555231 0.826217 0.530333 0.289628
  5 24.129553 1.092406 0.145125 -0.244966 0.371674 0.895461 0.542074 0.367906
female.bmp
  5 24.129553 1.092406 0.145125 -0.735435 0.671125 0.093417 0.542074 0.367906
  5 24.664321 1.183041 0.142088 -0.038718 0.273788 0.961010 0.544031 0.283757
  5 24.627551 1.240172 0.114086 -0.095308 0.555231 0.826217 0.530333 0.289628
female.bmp
  5 24.129553 1.092406 0.145125 -0.735435 0.671125 0.093417 0.542074 0.367906
  5 24.653421 1.105077 0.143752 0.004609 -0.013976 0.999892 0.557730 0.289628
  5 24.664321 1.183041 0.142088 -0.038718 0.273788 0.961010 0.544031 0.283757
female.bmp
  5 24.129553 1.092406 0.145125 -0.735435 0.671125 0.093417 0.542074 0.367906
  5 24.598782 1.035716 0.141839 0.360079 -0.347171 0.865919 0.571429 0.295499
  5 24.653421 1.105077 0.143752 0.004609 -0.013976 0.999892 0.557730 0.289628
female.bmp
  5 24.129553 1.092406 0.145125 -0.735435 0.671125 0.093417 0.542074 0.367906
  5 24.189723 0.943420 0.169262 0.161761 -0.317993 0.934192 0.565558 0.363992
  5 24.598782 1.035716 0.141839 0.360079 -0.347171 0.865919 0.571429 0.295499
female.bmp
  16 20.086772 -2.788890 -0.810593 -0.537578 -0.183823 -0.822933 0.446184 0.937378
  16 19.954950 -2.798809 -0.495276 -0.905241 -0.405995 -0.125325 0.442270 0.958904
  16 19.922483 -2.275431 -0.826970 -0.397805 -0.238743 -0.885863 0.403131 0.935421
female.bmp
  16 20.086772 -2.788890 -0.810593 -0.537578 -0.183823 -0.822933 0.446184 0.937378
  17 20.166218 -3.156241 -0.776097 -0.191014 -0.814366 -0.548017 0.479452 0.939335
  16 19.954950 -2.798809 -0.495276 -0.905241 -0.405995 -0.125325 0.442270 0.958904
female.bmp
  16 20.086772 -2.788890 -0.810593 -0.537578 -0.183823 -0.822933 0.446184 0.937378
  16 20.600478 -2.980056 -0.832089 0.452496 -0.458212 -0.765042 0.477495 0.898239
  17 20.166218 -3.156241 -0.776097 -0.191014 -0.814366 -0.548017 0.479452 0.939335
female.bmp
  16 20.086772 -2.788890 -0.810593 -0.537578 -0.183823 -0.822933 0.446184 0.937378
  16 20.466745 -2.627682 -0.844248 0.269841 0.063458 -0.960812 0.444227 0.898239
  16 20.600478 -2.980056 -0.832089 0.452496 -0.458212 -0.765042 0.477495 0.898239
female.bmp
  16 20.086772 -2.788890 -0.810593 -0.537578 -0.183823 -0.822933 0.446184 0.937378
  16 20.362624 -2.105290 -0.860562 0.332838 0.057497 -0.941229 0.399217 0.890411
  16 20.466745 -2.627682 -0.844248 0.269841 0.063458 -0.960812 0.444227 0.898239
female.bmp
  16 20.086772 -2.788890 -0.810593 -0.537578 -0.183823 -0.822933 0.446184 0.937378
  16 19.922483 -2.275431 -0.826970 -0.397805 -0.238743 -0.885863 0.403131 0.935421
  16 20.362624 -2.105290 -0.860562 0.332838 0.057497 -0.941229 0.399217 0.890411
female.bmp
  12 21.057103 1.365383 -0.081023 -0.043089 0.591719 0.804992 0.726027 0.295499
  2 20.781376 1.106531 0.144532 -0.023860 0.639672 0.768278 0.753425 0.277886
  12 21.164654 1.158283 0.094027 0.245444 0.448438 0.859454 0.722114 0.270059
female.bmp
  12 21.164654 1.158283 0.094027 0.245444 0.448438 0.859454 0.722114 0.270059
  2 20.781376 1.106531 0.144532 -0.023860 0.639672 0.768278 0.753425 0.277886
  12 21.275405 0.892473 0.222786 0.176428 0.696613 0.695416 0.714286 0.246575
female.bmp
  2 20.781376 1.106531 0.144532 -0.023860 0.639672 0.768278 0.753425 0.277886
  2 20.822752 0.666764 0.492373 0.104177 0.438612 0.892618 0.757339 0.232877
  12 21.275405 0.892473 0.222786 0.176428 0.696613 0.695416 0.714286 0.246575
female.bmp
  12 21.275405 0.892473 0.222786 0.176428 0.696613 0.695416 0.714286 0.246575
  2 20.822752 0.666764 0.492373 0.104177 0.438612 0.892618 0.757339 0.232877
  3 21.428167 0.676440 0.350874 0.078628 0.215622 0.973306 0.704501 0.225049
female.bmp
  2 20.822752 0.666764 0.492373 0.104177 0.438612 0.892618 0.757339 0.232877
  3 21.399707 0.400941 0.321036 0.310105 0.090423 0.946392 0.710372 0.201566
  3 21.428167 0.676440 0.350874 0.078628 0.215622 0.973306 0.704501 0.225049
female.bmp
  3 21.428167 0.676440 0.350874 0.078628 0.215622 0.973306 0.704501 0.225049
  3 21.399707 0.400941 0.321036 0.310105 0.090423 0.946392 0.710372 0.201566
  3 22.580132 0.633191 0.348543 0.501733 -0.187046 0.844558 0.608611 0.221135
female.bmp
  12 21.844499 1.588386 -0.732848 0.364929 0.377685 -0.850988 0.651663 0.520548
  12 21.873394 1.584603 -0.678527 0.819812 0.389203 -0.420035 0.647750 0.518591
  12 21.958465 1.347662 -0.683211 0.623184 -0.408455 -0.666938 0.643836 0.544031
female.bmp
  12 21.844499 1.588386 -0.732848 0.364929 0.377685 -0.850988 0.651663 0.520548
  12 21.870850 1.753965 -0.496017 0.736136 0.563077 -0.375564 0.651663 0.487280
  12 21.873394 1.584603 -0.678527 0.819812 0.389203 -0.420035 0.647750 0.518591
female.bmp
  12 21.844499 1.588386 -0.732848 0.364929 0.377685 -0.850988 0.651663 0.520548
  12 21.808500 1.806404 -0.523631 0.209267 0.867760 -0.450777 0.657534 0.487280
  12 21.870850 1.753965 -0.496017 0.736136 0.563077 -0.375564 0.651663 0.487280
female.bmp
  12 21.844499 1.588386 -0.732848 0.364929 0.377685 -0.850988 0.651663 0.520548
  12 20.969366 1.312596 -0.776232 -0.031865 0.316437 -0.948078 0.737769 0.536204
  12 21.808500 1.806404 -0.523631 0.209267 0.867760 -0.450777 0.657534 0.487280
female.bmp
  12 21.844499 1.588386 -0.732848 0.364929 0.377685 -0.850988 0.651663 0.520548
  2 21.338857 1.099404 -0.705858 0.405238 -0.452174 -0.794557 0.710372 0.569472
  12 20.969366 1.312596 -0.776232 -0.031865 0.316437 -0.948078 0.737769 0.536204
female.bmp
  12 21.844499 1.588386 -0.732848 0.364929 0.377685 -0.850988 0.651663 0.520548
  12 21.958465 1.347662 -0.683211 0.623184 -0.408455 -0.666938 0.643836 0.544031
  2 21.338857 1.099404 -0.705858 0.405238 -0.452174 -0.794557 0.710372 0.569472
female.bmp
  3 22.482737 0.805780 -0.320954 0.602974 0.215006 -0.768241 0.616438 0.602740
  3 21.571485 0.727782 -0.474368 0.321885 0.327822 -0.888213 0.696673 0.604697
  3 22.488209 1.049873 -0.086458 0.469226 0.828406 -0.305893 0.614481 0.575342
female.bmp
  3 22.482737 0.805780 -0.320954 0.602974 0.215006 -0.768241 0.616438 0.602740
  3 21.832475 0.453406 -0.294642 0.353349 -0.640205 -0.682116 0.686888 0.628180
  3 21.571485 0.727782 -0.474368 0.321885 0.327822 -0.888213 0.696673 0.604697
female.bmp
  3 22.482737 0.805780 -0.320954 0.602974 0.215006 -0.768241 0.616438 0.602740
  3 22.537466 0.452195 -0.218573 0.528975 -0.616360 -0.583340 0.618395 0.634051
  3 21.832475 0.453406 -0.294642 0.353349 -0.640205 -0.682116 0.686888 0.628180
female.bmp
  3 22.482737 0.805780 -0.320954 0.602974 0.215006 -0.768241 0.616438 0.602740
  3 22.483290 0.803235 -0.257763 0.993289 0.053350 -0.102618 0.612524 0.600783
  3 22.537466 0.452195 -0.218573 0.528975 -0.616360 -0.583340 0.618395 0.634051
female.bmp
  3 22.482737 0.805780 -0.320954 0.602974 0.215006 -0.768241 0.616438 0.602740
  3 22.512241 0.999539 -0.060211 0.918703 0.365140 -0.150527 0.610568 0.579256
  3 22.483290 0.803235 -0.257763 0.993289 0.053350 -0.102618 0.612524 0.600783
female.bmp
  3 22.482737 0.805780 -0.320954 0.602974 0.215006 -0.768241 0.616438 0.602740
  3 22.488209 1.049873 -0.086458 0.469226 0.828406 -0.305893 0.614481 0.575342
  3 22.512241 0.999539 -0.060211 0.918703 0.365140 -0.150527 0.610568 0.579256
female.bmp
  2 19.015878 0.340261 0.490290 -0.230480 0.450117 0.862713 0.915851 0.230920
  2 19.080585 -0.152826 0.623625 -0.132910 0.074104 0.988354 0.915851 0.181996
  2 19.327834 0.406379 0.512913 -0.115273 0.411463 0.904108 0.884540 0.232877
female.bmp
  2 19.015878 0.340261 0.490290 -0.230480 0.450117 0.862713 0.915851 0.230920
  2 18.577227 -0.262650 0.546634 0.740855 -0.023206 0.671264 0.953033 0.180039
  2 19.080585 -0.152826 0.623625 -0.132910 0.074104 0.988354 0.915851 0.181996
female.bmp
  2 19.015878 0.340261 0.490290 -0.230480 0.450117 0.862713 0.915851 0.230920
  2 18.597226 0.217349 0.416633 0.591575 0.398568 0.700844 0.945205 0.227006
  2 18.577227 -0.262650 0.546634 0.740855 -0.023206 0.671264 0.953033 0.180039
female.bmp
  2 19.015878 0.340261 0.490290 -0.230480 0.450117 0.862713 0.915851 0.230920
  2 18.567226 0.567349 0.076632 0.625839 0.650065 0.430976 0.941292 0.258317
  2 18.597226 0.217349 0.416633 0.591575 0.398568 0.700844 0.945205 0.227006
female.bmp
  2 19.015878 0.340261 0.490290 -0.230480 0.450117 0.862713 0.915851 0.230920
  2 18.974001 0.758017 0.138542 -0.359135 0.728206 0.583728 0.913894 0.264188
  2 18.567226 0.567349 0.076632 0.625839 0.650065 0.430976 0.941292 0.258317
female.bmp
  2 19.015878 0.340261 0.490290 -0.230480 0.450117 0.862713 0.915851 0.230920
  2 19.327834 0.406379 0.512913 -0.115273 0.411463 0.904108 0.884540 0.232877
  2 18.974001 0.758017 0.138542 -0.359135 0.728206 0.583728 0.913894 0.264188
female.bmp
  2 20.950697 0.637933 -0.692574 0.255980 -0.240886 -0.936188 0.753425 0.602740
  2 21.338857 1.099404 -0.705858 0.405238 -0.452174 -0.794557 0.710372 0.569472
  12 21.338187 0.884697 -0.549353 0.827616 0.122227 -0.547824 0.714286 0.587084
female.bmp
  2 20.950697 0.637933 -0.692574 0.255980 -0.240886 -0.936188 0.753425 0.602740
  12 20.969366 1.312596 -0.776232 -0.031865 0.316437 -0.948078 0.737769 0.536204
  2 21.338857 1.099404 -0.705858 0.405238 -0.452174 -0.794557 0.710372 0.569472
female.bmp
  2 20.950697 0.637933 -0.692574 0.255980 -0.240886 -0.936188 0.753425 0.602740
  2 20.565477 1.069669 -0.797502 0.020189 0.181446 -0.983194 0.774951 0.549902
  12 20.969366 1.312596 -0.776232 -0.031865 0.316437 -0.948078 0.737769 0.536204
female.bmp
  2 20.950697 0.637933 -0.692574 0.255980 -0.240886 -0.936188 0.753425 0.602740
  2 19.692123 0.601334 -0.964885 0.026270 0.119769 -0.992454 0.857143 0.573386
  2 20.565477 1.069669 -0.797502 0.020189 0.181446 -0.983194 0.774951 0.549902
female.bmp
  2 20.950697 0.637933 -0.692574 0.255980 -0.240886 -0.936188 0.753425 0.602740
  2 19.979303 0.249856 -0.838823 0.246061 -0.355789 -0.901592 0.843444 0.618395
  2 19.692123 0.601334 -0.964885 0.026270 0.119769 -0.992454 0.857143 0.573386
female.bmp
  2 20.950697 0.637933 -0.692574 0.255980 -0.240886 -0.936188 0.753425 0.602740
  2 20.171459 -0.080391 -0.538635 0.300604 -0.235277 -0.924274 0.833659 0.649706
  2 19.979303 0.249856 -0.838823 0.246061 -0.355789 -0.901592 0.843444 0.618395
female.bmp
  2 17.877226 -0.902650 0.526637 -0.918220 0.221979 -0.328020 0.144814 0.919765
  2 17.857227 -0.272650 0.686635 -0.847922 0.007538 0.530068 0.162427 0.868885
  2 17.867227 -0.272650 0.646635 -0.873860 -0.026781 -0.485439 0.158513 0.868885
female.bmp
  2 17.877226 -0.902650 0.526637 -0.918220 0.221979 -0.328020 0.144814 0.919765
  2 17.867226 -0.942650 0.556637 -0.794191 -0.319672 0.516788 0.146771 0.923679
  2 17.857227 -0.272650 0.686635 -0.847922 0.007538 0.530068 0.162427 0.868885
female.bmp
  2 17.877226 -0.902650 0.526637 -0.918220 0.221979 -0.328020 0.144814 0.919765
  2 17.867226 -1.132651 0.136637 -0.904646 0.408905 -0.120052 0.111546 0.935421
  2 17.867226 -0.942650 0.556637 -0.794191 -0.319672 0.516788 0.146771 0.923679
female.bmp
  2 17.877226 -0.902650 0.526637 -0.918220 0.221979 -0.328020 0.144814 0.919765
  2 18.027226 -0.982651 0.106637 -0.694027 0.686464 -0.217010 0.109589 0.925636
  2 17.867226 -1.132651 0.136637 -0.904646 0.408905 -0.120052 0.111546 0.935421
female.bmp
  2 17.877226 -0.902650 0.526637 -0.918220 0.221979 -0.328020 0.144814 0.919765
  2 18.037226 -0.772650 0.426636 -0.697514 0.347921 -0.626439 0.138943 0.909980
  2 18.027226 -0.982651 0.106637 -0.694027 0.686464 -0.217010 0.109589 0.925636
female.bmp
  2 17.877226 -0.902650 0.526637 -0.918220 0.221979 -0.328020 0.144814 0.919765
  2 17.867227 -0.272650 0.646635 -0.873860 -0.026781 -0.485439 0.158513 0.868885
  2 18.037226 -0.772650 0.426636 -0.697514 0.347921 -0.626439 0.138943 0.909980
female.bmp
  2 17.907225 -1.202652 -0.143363 -0.070810 -0.971199 -0.227507 0.088063 0.943249
  2 17.887225 -1.022653 -0.453363 -0.855454 -0.438171 -0.276053 0.064579 0.923679
  2 17.927225 -1.042653 -0.453363 -0.081457 -0.850530 -0.519580 0.062622 0.927593
female.bmp
  2 17.927225 -1.042653 -0.453363 -0.081457 -0.850530 -0.519580 0.062622 0.927593
  2 17.887225 -1.022653 -0.453363 -0.855454 -0.438171 -0.276053 0.064579 0.923679
  2 17.917224 -0.862653 -0.713364 -0.293896 -0.527364 -0.797190 0.045010 0.906067
female.bmp
  2 17.887225 -1.022653 -0.453363 -0.855454 -0.438171 -0.276053 0.064579 0.923679
  2 17.877224 -0.792653 -0.653364 -0.988104 -0.108123 -0.109362 0.048924 0.904110
  2 17.917224 -0.862653 -0.713364 -0.293896 -0.527364 -0.797190 0.045010 0.906067
female.bmp
  2 17.917224 -0.862653 -0.713364 -0.293896 -0.527364 -0.797190 0.045010 0.906067
  2 17.877224 -0.792653 -0.653364 -0.988104 -0.108123 -0.109362 0.048924 0.904110
  2 17.857224 -0.512653 -0.783364 -0.760601 0.390136 -0.518922 0.039139 0.880626
female.bmp
  2 17.877224 -0.792653 -0.653364 -0.988104 -0.108123 -0.109362 0.048924 0.904110
  2 17.877224 -0.762653 -0.623364 -0.872110 0.253537 0.418501 0.050881 0.902153
  2 17.857224 -0.512653 -0.783364 -0.760601 0.390136 -0.518922 0.039139 0.880626
female.bmp
  2 17.857224 -0.512653 -0.783364 -0.760601 0.390136 -0.518922 0.039139 0.880626
  2 17.877224 -0.762653 -0.623364 -0.872110 0.253537 0.418501 0.050881 0.902153
  2 17.867224 -0.492653 -0.743364 -0.729847 0.658778 0.182576 0.043053 0.878669
female.bmp
  1 12.998311 0.584735 0.881771 0.090233 0.622655 0.777276 0.336595 0.360078
  1 14.364692 0.899988 -0.011940 0.103723 0.984906 0.138570 0.277886 0.246575
  1 12.934629 1.014318 0.141836 0.055062 0.987344 0.148726 0.287671 0.360078
female.bmp
  1 12.934629 1.014318 0.141836 0.055062 0.987344 0.148726 0.287671 0.360078
  1 14.364692 0.899988 -0.011940 0.103723 0.984906 0.138570 0.277886 0.246575
  1 14.313722 0.769657 -0.571776 0.077684 0.832324 -0.548818 0.242661 0.246575
female.bmp
  1 14.364692 0.899988 -0.011940 0.103723 0.984906 0.138570 0.277886 0.246575
  1 16.414735 0.618070 -0.427326 0.078115 0.941418 -0.328069 0.248532 0.133072
  1 14.313722 0.769657 -0.571776 0.077684 0.832324 -0.548818 0.242661 0.246575
female.bmp
  1 14.313722 0.769657 -0.571776 0.077684 0.832324 -0.548818 0.242661 0.246575
  1 16.414735 0.618070 -0.427326 0.078115 0.941418 -0.328069 0.248532 0.133072
  1 16.404975 0.357962 -0.727239 0.057271 0.648229 -0.759289 0.211350 0.129159
female.bmp
  1 16.414735 0.618070 -0.427326 0.078115 0.941418 -0.328069 0.248532 0.133072
  2 18.027225 0.447347 -0.583367 0.048353 0.679268 -0.732296 0.215264 0.029354
  1 16.404975 0.357962 -0.727239 0.057271 0.648229 -0.759289 0.211350 0.129159
female.bmp
  1 16.404975 0.357962 -0.727239 0.057271 0.648229 -0.759289 0.211350 0.129159
  2 18.027225 0.447347 -0.583367 0.048353 0.679268 -0.732296 0.215264 0.029354
  2 18.027224 0.227347 -0.693366 0.061932 0.175158 -0.982590 0.189824 0.029354
female.bmp
  1 5.930774 -0.029912 1.087541 -0.097870 0.677093 0.729360 0.342466 0.727984
  1 9.100792 0.710087 0.337617 -0.163170 0.979359 0.119295 0.289628 0.598826
  1 5.880792 0.300087 0.337540 -0.152720 0.985183 0.078042 0.289628 0.727984
female.bmp
  1 5.880792 0.300087 0.337540 -0.152720 0.985183 0.078042 0.289628 0.727984
  1 9.100792 0.710087 0.337617 -0.163170 0.979359 0.119295 0.289628 0.598826
  1 9.100815 0.460086 -0.592383 -0.102519 0.800104 -0.591036 0.232877 0.596869
female.bmp
  1 9.100792 0.710087 0.337617 -0.163170 0.979359 0.119295 0.289628 0.598826
  1 9.930813 0.630086 -0.542363 -0.102519 0.800104 -0.591036 0.234834 0.561644
  1 9.100815 0.460086 -0.592383 -0.102519 0.800104 -0.591036 0.232877 0.596869
female.bmp
  1 9.100815 0.460086 -0.592383 -0.102519 0.800104 -0.591036 0.232877 0.596869
  1 9.930813 0.630086 -0.542363 -0.102519 0.800104 -0.591036 0.234834 0.561644
  1 10.020827 -0.289915 -1.112359 -0.033375 0.165227 -0.985691 0.176125 0.557730
female.bmp
  1 9.930813 0.630086 -0.542363 -0.102519 0.800104 -0.591036 0.234834 0.561644
  1 9.943414 0.802212 -0.620164 -0.059893 0.801030 -0.595620 0.228963 0.534247
  1 10.020827 -0.289915 -1.112359 -0.033375 0.165227 -0.985691 0.176125 0.557730
female.bmp
  1 10.020827 -0.289915 -1.112359 -0.033375 0.165227 -0.985691 0.176125 0.557730
  1 9.943414 0.802212 -0.620164 -0.059893 0.801030 -0.595620 0.228963 0.534247
  1 9.915316 -0.028025 -1.149895 -0.053157 0.165883 -0.984712 0.174168 0.532290
female.bmp
  24 -23.554925 -0.175206 0.273634 0.003707 -0.524585 0.851350 0.565558 0.424658
  25 -23.995738 -0.188581 0.270051 0.022355 -0.553872 0.832302 0.565558 0.363992
  25 -24.364493 -0.249927 0.180294 -0.179524 -0.952196 0.247173 0.583170 0.317025
female.bmp
  24 -23.554925 -0.175206 0.273634 0.003707 -0.524585 0.851350 0.565558 0.424658
  24 -23.565665 -0.002054 0.296064 -0.008073 0.256298 0.966564 0.542074 0.420744
  25 -23.995738 -0.188581 0.270051 0.022355 -0.553872 0.832302 0.565558 0.363992
female.bmp
  24 -23.554925 -0.175206 0.273634 0.003707 -0.524585 0.851350 0.565558 0.424658
  24 -22.414659 -0.122348 0.273364 -0.119363 -0.366144 0.922871 0.565558 0.551859
  24 -23.565665 -0.002054 0.296064 -0.008073 0.256298 0.966564 0.542074 0.420744
female.bmp
  24 -23.554925 -0.175206 0.273634 0.003707 -0.524585 0.851350 0.565558 0.424658
  24 -22.398011 -0.310061 0.129884 -0.005859 -0.958777 0.284100 0.590998 0.559687
  24 -22.414659 -0.122348 0.273364 -0.119363 -0.366144 0.922871 0.565558 0.551859
female.bmp
  24 -23.554925 -0.175206 0.273634 0.003707 -0.524585 0.851350 0.565558 0.424658
  24 -23.559850 -0.298757 0.101555 -0.003515 -0.978399 0.206694 0.585127 0.434442
  24 -22.398011 -0.310061 0.129884 -0.005859 -0.958777 0.284100 0.590998 0.559687
female.bmp
  24 -23.554925 -0.175206 0.273634 0.003707 -0.524585 0.851350 0.565558 0.424658
  25 -24.364493 -0.249927 0.180294 -0.179524 -0.952196 0.247173 0.583170 0.317025
  24 -23.559850 -0.298757 0.101555 -0.003515 -0.978399 0.206694 0.585127 0.434442
female.bmp
  26 -21.909022 -0.904133 -0.163546 -0.071240 0.237516 -0.968768 0.547945 0.841487
  27 -22.044403 -0.934240 -0.166385 -0.039867 0.216823 -0.975397 0.547945 0.831703
  26 -21.965280 -0.668491 0.078131 -0.259294 0.922621 -0.285546 0.573386 0.837573
female.bmp
  26 -21.965280 -0.668491 0.078131 -0.259294 0.922621 -0.285546 0.573386 0.837573
  27 -22.044403 -0.934240 -0.166385 -0.039867 0.216823 -0.975397 0.547945 0.831703
  27 -22.085161 -0.705528 0.076370 -0.240664 0.933753 -0.264925 0.573386 0.827789
female.bmp
  27 -22.044403 -0.934240 -0.166385 -0.039867 0.216823 -0.975397 0.547945 0.831703
  27 -22.859276 -1.092342 -0.157128 -0.125830 0.248050 -0.960541 0.547945 0.747554
  27 -22.085161 -0.705528 0.076370 -0.240664 0.933753 -0.264925 0.573386 0.827789
female.bmp
  27 -22.085161 -0.705528 0.076370 -0.240664 0.933753 -0.264925 0.573386 0.827789
  27 -22.859276 -1.092342 -0.157128 -0.125830 0.248050 -0.960541 0.547945 0.747554
  27 -23.038851 -0.932581 0.094326 -0.248400 0.945234 -0.211732 0.571429 0.737769
female.bmp
  27 -22.859276 -1.092342 -0.157128 -0.125830 0.248050 -0.960541 0.547945 0.747554
  28 -23.039132 -1.104870 -0.134957 -0.113864 0.351908 -0.929083 0.547945 0.726027
  27 -23.038851 -0.932581 0.094326 -0.248400 0.945234 -0.211732 0.571429 0.737769
female.bmp
  27 -23.038851 -0.932581 0.094326 -0.248400 0.945234 -0.211732 0.571429 0.737769
  28 -23.039132 -1.104870 -0.134957 -0.113864 0.351908 -0.929083 0.547945 0.726027
  28 -23.671591 -1.250548 -0.084222 -0.490047 0.386395 -0.781378 0.547945 0.626223
female.bmp
  28 -23.337122 -1.174019 0.368849 -0.115848 0.245367 0.962483 0.542074 0.367906
  28 -23.342135 -1.357418 0.311931 0.079293 -0.602534 0.794145 0.565558 0.363992
  27 -22.998737 -1.093673 0.377239 -0.127165 0.288643 0.948954 0.542074 0.420744
female.bmp
  28 -23.337122 -1.174019 0.368849 -0.115848 0.245367 0.962483 0.542074 0.367906
  28 -23.814584 -1.394497 0.307864 -0.084433 -0.093885 0.991996 0.557730 0.289628
  28 -23.342135 -1.357418 0.311931 0.079293 -0.602534 0.794145 0.565558 0.363992
female.bmp
  28 -23.337122 -1.174019 0.368849 -0.115848 0.245367 0.962483 0.542074 0.367906
  28 -23.860137 -1.322796 0.298702 -0.183799 0.233660 0.954788 0.544031 0.283757
  28 -23.814584 -1.394497 0.307864 -0.084433 -0.093885 0.991996 0.557730 0.289628
female.bmp
  28 -23.337122 -1.174019 0.368849 -0.115848 0.245367 0.962483 0.542074 0.367906
  28 -23.847005 -1.242936 0.258082 -0.224589 0.543605 0.808736 0.530333 0.287671
  28 -23.860137 -1.322796 0.298702 -0.183799 0.233660 0.954788 0.544031 0.283757
female.bmp
  28 -23.337122 -1.174019 0.368849 -0.115848 0.245367 0.962483 0.542074 0.367906
  28 -23.412701 -1.074442 0.225071 -0.258683 0.855754 0.448072 0.516634 0.363992
  28 -23.847005 -1.242936 0.258082 -0.224589 0.543605 0.808736 0.530333 0.287671
female.bmp
  28 -23.337122 -1.174019 0.368849 -0.115848 0.245367 0.962483 0.542074 0.367906
  27 -22.998737 -1.093673 0.377239 -0.127165 0.288643 0.948954 0.542074 0.420744
  28 -23.412701 -1.074442 0.225071 -0.258683 0.855754 0.448072 0.516634 0.363992
female.bmp
  20 -21.887045 0.958494 -0.302717 0.213077 0.232202 -0.949042 0.547945 0.841487
  20 -21.977137 0.970286 -0.309377 0.124132 0.217942 -0.968035 0.547945 0.831703
  20 -21.905517 1.154853 -0.095589 0.125087 0.925586 -0.357273 0.573386 0.837573
female.bmp
  20 -21.905517 1.154853 -0.095589 0.125087 0.925586 -0.357273 0.573386 0.837573
  20 -21.977137 0.970286 -0.309377 0.124132 0.217942 -0.968035 0.547945 0.831703
  20 -21.976317 1.161371 -0.102289 0.125087 0.925586 -0.357273 0.573386 0.827789
female.bmp
  20 -21.977137 0.970286 -0.309377 0.124132 0.217942 -0.968035 0.547945 0.831703
  21 -23.033023 1.141723 -0.327766 0.015855 0.242534 -0.970013 0.547945 0.747554
  20 -21.976317 1.161371 -0.102289 0.125087 0.925586 -0.357273 0.573386 0.827789
female.bmp
  20 -21.976317 1.161371 -0.102289 0.125087 0.925586 -0.357273 0.573386 0.827789
  21 -23.033023 1.141723 -0.327766 0.015855 0.242534 -0.970013 0.547945 0.747554
  21 -23.070120 1.322027 -0.119165 0.123612 0.924387 -0.360873 0.571429 0.737769
female.bmp
  21 -23.033023 1.141723 -0.327766 0.015855 0.242534 -0.970013 0.547945 0.747554
  22 -23.177021 1.177589 -0.313800 0.032072 0.342090 -0.939120 0.547945 0.726027
  21 -23.070120 1.322027 -0.119165 0.123612 0.924387 -0.360873 0.571429 0.737769
female.bmp
  21 -23.070120 1.322027 -0.119165 0.123612 0.924387 -0.360873 0.571429 0.737769
  22 -23.177021 1.177589 -0.313800 0.032072 0.342090 -0.939120 0.547945 0.726027
  22 -23.942443 1.311164 -0.240401 -0.389614 0.491272 -0.779008 0.547945 0.626223
female.bmp
  29 -21.522004 1.555848 -0.387733 -0.482901 -0.819515 0.308549 0.590998 0.559687
  29 -21.495573 1.717847 -0.266664 -0.220064 -0.197855 0.955210 0.565558 0.551859
  30 -22.211136 1.920302 -0.400515 -0.436927 -0.844252 0.310377 0.585127 0.434442
female.bmp
  30 -22.211136 1.920302 -0.400515 -0.436927 -0.844252 0.310377 0.585127 0.434442
  29 -21.495573 1.717847 -0.266664 -0.220064 -0.197855 0.955210 0.565558 0.551859
  30 -22.251063 2.041780 -0.297806 -0.253145 -0.382494 0.888603 0.565558 0.424658
female.bmp
  29 -21.495573 1.717847 -0.266664 -0.220064 -0.197855 0.955210 0.565558 0.551859
  29 -21.458113 1.856274 -0.284962 0.118390 0.281674 0.952178 0.540117 0.551859
  30 -22.251063 2.041780 -0.297806 -0.253145 -0.382494 0.888603 0.565558 0.424658
female.bmp
  30 -22.251063 2.041780 -0.297806 -0.253145 -0.382494 0.888603 0.565558 0.424658
  29 -21.458113 1.856274 -0.284962 0.118390 0.281674 0.952178 0.540117 0.551859
  30 -22.222199 2.189991 -0.298311 0.042330 0.340653 0.939236 0.542074 0.420744
female.bmp
  29 -21.458113 1.856274 -0.284962 0.118390 0.281674 0.952178 0.540117 0.551859
  30 -22.143158 2.284939 -0.389620 0.281678 0.815417 0.505720 0.518591 0.422701
  30 -22.222199 2.189991 -0.298311 0.042330 0.340653 0.939236 0.542074 0.420744
female.bmp
  30 -22.222199 2.189991 -0.298311 0.042330 0.340653 0.939236 0.542074 0.420744
  30 -22.143158 2.284939 -0.389620 0.281678 0.815417 0.505720 0.518591 0.422701
  31 -22.450422 2.412607 -0.446434 0.290218 0.868331 0.402214 0.516634 0.363992
female.bmp
  22 -23.531697 1.247412 0.101687 0.734856 0.671824 0.092945 0.542074 0.367906
  22 -23.592191 1.095658 0.116224 -0.161762 -0.317992 0.934192 0.565558 0.363992
  22 -23.531697 1.247412 0.101687 0.245504 0.373070 0.894733 0.542074 0.367906
female.bmp
  22 -23.531697 1.247412 0.101687 0.734856 0.671824 0.092945 0.542074 0.367906
  22 -24.003720 1.178922 0.091499 -0.360078 -0.347171 0.865919 0.571429 0.295499
  22 -23.592191 1.095658 0.116224 -0.161762 -0.317992 0.934192 0.565558 0.363992
female.bmp
  22 -23.531697 1.247412 0.101687 0.734856 0.671824 0.092945 0.542074 0.367906
  22 -24.055557 1.260388 0.100226 -0.004610 -0.013978 0.999892 0.557730 0.289628
  22 -24.003720 1.178922 0.091499 -0.360078 -0.347171 0.865919 0.571429 0.295499
female.bmp
  22 -23.531697 1.247412 0.101687 0.734856 0.671824 0.092945 0.542074 0.367906
  22 -24.066411 1.338358 0.098557 0.038718 0.273785 0.961011 0.544031 0.283757
  22 -24.055557 1.260388 0.100226 -0.004610 -0.013978 0.999892 0.557730 0.289628
female.bmp
  22 -23.531697 1.247412 0.101687 0.734856 0.671824 0.092945 0.542074 0.367906
  22 -24.029837 1.392663 0.060963 0.095308 0.555230 0.826218 0.530333 0.289628
  22 -24.066411 1.338358 0.098557 0.038718 0.273785 0.961011 0.544031 0.283757
female.bmp
  22 -23.531697 1.247412 0.101687 0.734856 0.671824 0.092945 0.542074 0.367906
  22 -23.531697 1.247412 0.101687 0.245504 0.373070 0.894733 0.542074 0.367906
  22 -24.029837 1.392663 0.060963 0.095308 0.555230 0.826218 0.530333 0.289628
female.bmp
  33 -19.013895 -2.167120 -0.397857 0.822206 -0.563139 -0.082775 0.397260 0.976517
  33 -19.353396 -2.643277 -0.496919 0.906518 -0.403576 -0.123903 0.442270 0.958904
  33 -19.331309 -2.114324 -0.826647 0.397970 -0.241954 -0.884917 0.403131 0.935421
female.bmp
  33 -19.331309 -2.114324 -0.826647 0.397970 -0.241954 -0.884917 0.403131 0.935421
  33 -19.353396 -2.643277 -0.496919 0.906518 -0.403576 -0.123903 0.442270 0.958904
  33 -19.491802 -2.630046 -0.798861 0.537601 -0.186238 -0.822375 0.446184 0.937378
female.bmp
  33 -19.353396 -2.643277 -0.496919 0.906518 -0.403576 -0.123903 0.442270 0.958904
  34 -19.563992 -3.000112 -0.767804 0.193366 -0.816525 -0.543964 0.479452 0.939335
  33 -19.491802 -2.630046 -0.798861 0.537601 -0.186238 -0.822375 0.446184 0.937378
female.bmp
  33 -19.491802 -2.630046 -0.798861 0.537601 -0.186238 -0.822375 0.446184 0.937378
  34 -19.563992 -3.000112 -0.767804 0.193366 -0.816525 -0.543964 0.479452 0.939335
  33 -19.998374 -2.817190 -0.828216 -0.451495 -0.463669 -0.762340 0.477495 0.898239
female.bmp
  34 -19.563992 -3.000112 -0.767804 0.193366 -0.816525 -0.543964 0.479452 0.939335
  33 -19.872176 -2.854993 -0.772134 -0.366695 -0.888224 0.276756 0.483366 0.937378
  33 -19.998374 -2.817190 -0.828216 -0.451495 -0.463669 -0.762340 0.477495 0.898239
female.bmp
  33 -19.998374 -2.817190 -0.828216 -0.451495 -0.463669 -0.762340 0.477495 0.898239
  33 -19.872176 -2.854993 -0.772134 -0.366695 -0.888224 0.276756 0.483366 0.937378
  33 -20.030543 -2.835275 -0.719874 -0.495248 -0.822441 -0.279857 0.481409 0.898239
female.bmp
  34 -19.513661 -3.036339 -0.519702 0.866231 -0.495525 -0.064026 0.561644 0.138943
  33 -19.353396 -2.643277 -0.496919 0.906518 -0.403576 -0.123903 0.581213 0.095890
  34 -19.544001 -3.032537 -0.235686 0.412533 -0.823546 0.389344 0.549902 0.133072
female.bmp
  34 -19.544001 -3.032537 -0.235686 0.412533 -0.823546 0.389344 0.549902 0.133072
  33 -19.353396 -2.643277 -0.496919 0.906518 -0.403576 -0.123903 0.581213 0.095890
  33 -19.417042 -2.596465 -0.208028 0.698428 -0.412131 0.585103 0.563601 0.095890
female.bmp
  33 -19.353396 -2.643277 -0.496919 0.906518 -0.403576 -0.123903 0.581213 0.095890
  33 -19.013895 -2.167120 -0.397857 0.822206 -0.563139 -0.082775 0.598826 0.064579
  33 -19.417042 -2.596465 -0.208028 0.698428 -0.412131 0.585103 0.563601 0.095890
female.bmp
  33 -19.417042 -2.596465 -0.208028 0.698428 -0.412131 0.585103 0.563601 0.095890
  33 -19.013895 -2.167120 -0.397857 0.822206 -0.563139 -0.082775 0.598826 0.064579
  33 -19.157833 -2.114577 -0.088469 0.602349 -0.533198 0.594034 0.581213 0.058708
female.bmp
  33 -19.013895 -2.167120 -0.397857 0.822206 -0.563139 -0.082775 0.598826 0.064579
  32 -18.647152 -1.641491 -0.282940 0.850491 -0.521652 -0.067406 0.616438 0.033268
  33 -19.157833 -2.114577 -0.088469 0.602349 -0.533198 0.594034 0.581213 0.058708
female.bmp
  33 -19.157833 -2.114577 -0.088469 0.602349 -0.533198 0.594034 0.581213 0.058708
  32 -18.647152 -1.641491 -0.282940 0.850491 -0.521652 -0.067406 0.616438 0.033268
  32 -18.871050 -1.636615 0.110564 0.536012 -0.558929 0.632684 0.596869 0.023483
female.bmp
  19 -18.378145 -1.081815 0.022954 0.501197 -0.734811 0.457005 0.943249 0.080235
  19 -17.980534 -0.689268 0.391803 -0.739308 -0.386566 0.551353 0.962818 0.119374
  19 -18.568878 -0.649154 0.504436 0.214696 -0.332786 0.918237 0.915851 0.119374
female.bmp
  19 -18.568878 -0.649154 0.504436 0.214696 -0.332786 0.918237 0.915851 0.119374
  19 -17.980534 -0.689268 0.391803 -0.739308 -0.386566 0.551353 0.962818 0.119374
  19 -18.482732 0.001639 0.585972 0.132909 0.074102 0.988354 0.915851 0.181996
female.bmp
  19 -17.980534 -0.689268 0.391803 -0.739308 -0.386566 0.551353 0.962818 0.119374
  19 -17.990535 -0.109029 0.500534 -0.748043 -0.022249 0.663278 0.953033 0.180039
  19 -18.482732 0.001639 0.585972 0.132909 0.074102 0.988354 0.915851 0.181996
female.bmp
  19 -18.482732 0.001639 0.585972 0.132909 0.074102 0.988354 0.915851 0.181996
  19 -17.990535 -0.109029 0.500534 -0.748043 -0.022249 0.663278 0.953033 0.180039
  19 -18.427811 0.501299 0.439948 0.230477 0.450115 0.862715 0.915851 0.230920
female.bmp
  19 -17.990535 -0.109029 0.500534 -0.748043 -0.022249 0.663278 0.953033 0.180039
  19 -18.000535 0.370686 0.369485 -0.598519 0.399343 0.694479 0.945205 0.227006
  19 -18.427811 0.501299 0.439948 0.230477 0.450115 0.862715 0.915851 0.230920
female.bmp
  19 -18.427811 0.501299 0.439948 0.230477 0.450115 0.862715 0.915851 0.230920
  19 -18.000535 0.370686 0.369485 -0.598519 0.399343 0.694479 0.945205 0.227006
  19 -17.970535 0.719942 0.028721 -0.629586 0.650870 0.424251 0.941292 0.258317
female.bmp
  29 -21.274808 1.744833 -0.730921 -0.819817 0.389201 -0.420028 0.647750 0.518591
  29 -21.245913 1.748616 -0.785243 -0.364930 0.377687 -0.850987 0.651663 0.520548
  29 -21.364394 1.499334 -0.733080 -0.623181 -0.408456 -0.666940 0.643836 0.544031
female.bmp
  29 -21.364394 1.499334 -0.733080 -0.623181 -0.408456 -0.666940 0.643836 0.544031
  29 -21.245913 1.748616 -0.785243 -0.364930 0.377687 -0.850987 0.651663 0.520548
  19 -20.740699 1.251035 -0.753092 -0.405238 -0.452172 -0.794558 0.710372 0.569472
female.bmp
  29 -21.245913 1.748616 -0.785243 -0.364930 0.377687 -0.850987 0.651663 0.520548
  29 -20.375295 1.464268 -0.826106 0.031866 0.316439 -0.948078 0.737769 0.536204
  19 -20.740699 1.251035 -0.753092 -0.405238 -0.452172 -0.794558 0.710372 0.569472
female.bmp
  19 -20.740699 1.251035 -0.753092 -0.405238 -0.452172 -0.794558 0.710372 0.569472
  29 -20.375295 1.464268 -0.826106 0.031866 0.316439 -0.948078 0.737769 0.536204
  19 -20.352539 0.789564 -0.739809 -0.255980 -0.240884 -0.936189 0.753425 0.602740
female.bmp
  29 -20.375295 1.464268 -0.826106 0.031866 0.316439 -0.948078 0.737769 0.536204
  19 -19.977314 1.221120 -0.845003 -0.020188 0.181449 -0.983193 0.774951 0.549902
  19 -20.352539 0.789564 -0.739809 -0.255980 -0.240884 -0.936189 0.753425 0.602740
female.bmp
  19 -20.352539 0.789564 -0.739809 -0.255980 -0.240884 -0.936189 0.753425 0.602740
  19 -19.977314 1.221120 -0.845003 -0.020188 0.181449 -0.983193 0.774951 0.549902
  19 -19.104267 0.755621 -1.002802 -0.026269 0.119771 -0.992454 0.857143 0.573386
female.bmp
  20 -21.889009 0.951766 -0.363139 -0.602975 0.215007 -0.768240 0.616438 0.602740
  20 -21.881451 1.205172 -0.121834 -0.469222 0.828408 -0.305894 0.614481 0.575342
  20 -20.975251 0.882499 -0.519179 -0.321882 0.327825 -0.888213 0.696673 0.604697
female.bmp
  20 -21.889009 0.951766 -0.363139 -0.602975 0.215007 -0.768240 0.616438 0.602740
  20 -21.905517 1.154853 -0.095589 -0.918700 0.365143 -0.150532 0.610568 0.579256
  20 -21.881451 1.205172 -0.121834 -0.469222 0.828408 -0.305894 0.614481 0.575342
female.bmp
  20 -21.889009 0.951766 -0.363139 -0.602975 0.215007 -0.768240 0.616438 0.602740
  20 -21.887045 0.958494 -0.302717 -0.993290 0.053343 -0.102612 0.612524 0.600783
  20 -21.905517 1.154853 -0.095589 -0.918700 0.365143 -0.150532 0.610568 0.579256
female.bmp
  20 -21.889009 0.951766 -0.363139 -0.602975 0.215007 -0.768240 0.616438 0.602740
  20 -21.941432 0.607488 -0.263521 -0.528973 -0.616359 -0.583343 0.618395 0.634051
  20 -21.887045 0.958494 -0.302717 -0.993290 0.053343 -0.102612 0.612524 0.600783
female.bmp
  20 -21.889009 0.951766 -0.363139 -0.602975 0.215007 -0.768240 0.616438 0.602740
  20 -21.236429 0.608283 -0.339482 -0.353348 -0.640204 -0.682117 0.686888 0.628180
  20 -21.941432 0.607488 -0.263521 -0.528973 -0.616359 -0.583343 0.618395 0.634051
female.bmp
  20 -21.889009 0.951766 -0.363139 -0.602975 0.215007 -0.768240 0.616438 0.602740
  20 -20.975251 0.882499 -0.519179 -0.321882 0.327825 -0.888213 0.696673 0.604697
  20 -21.236429 0.608283 -0.339482 -0.353348 -0.640204 -0.682117 0.686888 0.628180
female.bmp
  19 -17.290534 -0.749071 0.481935 0.921970 0.220790 -0.318156 0.144814 0.919765
  19 -17.270535 -0.118788 0.610557 0.878969 -0.027913 -0.476062 0.158513 0.868885
  19 -17.270535 -0.118700 0.650557 0.842208 0.006444 0.539114 0.162427 0.868885
female.bmp
  19 -17.290534 -0.749071 0.481935 0.921970 0.220790 -0.318156 0.144814 0.919765
  19 -17.440534 -0.619290 0.381651 0.704632 0.347021 -0.618927 0.138943 0.909980
  19 -17.270535 -0.118788 0.610557 0.878969 -0.027913 -0.476062 0.158513 0.868885
female.bmp
  19 -17.290534 -0.749071 0.481935 0.921970 0.220790 -0.318156 0.144814 0.919765
  19 -17.430534 -0.829989 0.062111 0.697195 0.685569 -0.209557 0.109589 0.925636
  19 -17.440534 -0.619290 0.381651 0.704632 0.347021 -0.618927 0.138943 0.909980
female.bmp
  19 -17.290534 -0.749071 0.481935 0.921970 0.220790 -0.318156 0.144814 0.919765
  19 -17.270534 -0.979923 0.092439 0.906408 0.407735 -0.110351 0.111546 0.935421
  19 -17.430534 -0.829989 0.062111 0.697195 0.685569 -0.209557 0.109589 0.925636
female.bmp
  19 -17.290534 -0.749071 0.481935 0.921970 0.220790 -0.318156 0.144814 0.919765
  19 -17.280534 -0.788983 0.522022 0.788192 -0.320698 0.525268 0.146771 0.923679
  19 -17.270534 -0.979923 0.092439 0.906408 0.407735 -0.110351 0.111546 0.935421
female.bmp
  19 -17.290534 -0.749071 0.481935 0.921970 0.220790 -0.318156 0.144814 0.919765
  19 -17.270535 -0.118700 0.650557 0.842208 0.006444 0.539114 0.162427 0.868885
  19 -17.280534 -0.788983 0.522022 0.788192 -0.320698 0.525268 0.146771 0.923679
female.bmp
  14 23.415040 2.200431 -0.614952 0.679308 0.109780 -0.725595 0.534247 0.618395
  14 23.420305 2.087912 -0.570099 0.705895 -0.580667 -0.405633 0.514677 0.626223
  14 23.149208 2.025905 -0.691596 0.198916 -0.322768 -0.925339 0.530333 0.643836
female.bmp
  14 23.149208 2.025905 -0.691596 0.198916 -0.322768 -0.925339 0.530333 0.643836
  14 23.420305 2.087912 -0.570099 0.705895 -0.580667 -0.405633 0.514677 0.626223
  13 22.865573 1.815870 -0.579341 0.368670 -0.748257 -0.551538 0.516634 0.731898
female.bmp
  14 23.420305 2.087912 -0.570099 0.705895 -0.580667 -0.405633 0.514677 0.626223
  13 22.810274 1.769411 -0.360746 0.436926 -0.844251 0.310380 0.497065 0.741683
  13 22.865573 1.815870 -0.579341 0.368670 -0.748257 -0.551538 0.516634 0.731898
female.bmp
  13 22.865573 1.815870 -0.579341 0.368670 -0.748257 -0.551538 0.516634 0.731898
  13 22.810274 1.769411 -0.360746 0.436926 -0.844251 0.310380 0.497065 0.741683
  13 22.777070 1.766214 -0.589410 0.417090 -0.697526 -0.582661 0.514677 0.753425
female.bmp
  13 22.810274 1.769411 -0.360746 0.436926 -0.844251 0.310380 0.497065 0.741683
  12 22.116571 1.401590 -0.347511 0.482899 -0.819515 0.308549 0.500978 0.827789
  13 22.777070 1.766214 -0.589410 0.417090 -0.697526 -0.582661 0.514677 0.753425
female.bmp
  8 25.069904 -0.355123 0.247140 0.787139 -0.576510 0.219201 0.514677 0.608611
  8 25.040278 -0.291655 -0.000436 0.789413 -0.197800 -0.581122 0.534247 0.618395
  8 25.122537 -0.218992 0.217172 0.988619 -0.022745 0.148714 0.532290 0.600783
female.bmp
  8 25.122537 -0.218992 0.217172 0.988619 -0.022745 0.148714 0.532290 0.600783
  8 25.040278 -0.291655 -0.000436 0.789413 -0.197800 -0.581122 0.534247 0.618395
  8 25.094732 -0.099286 0.161518 0.860877 0.489977 -0.137162 0.553816 0.604697
female.bmp
  8 25.040278 -0.291655 -0.000436 0.789413 -0.197800 -0.581122 0.534247 0.618395
  8 24.982387 -0.178130 -0.043573 0.486515 0.420831 -0.765640 0.547945 0.626223
  8 25.094732 -0.099286 0.161518 0.860877 0.489977 -0.137162 0.553816 0.604697
female.bmp
  8 25.094732 -0.099286 0.161518 0.860877 0.489977 -0.137162 0.553816 0.604697
  8 24.982387 -0.178130 -0.043573 0.486515 0.420831 -0.765640 0.547945 0.626223
  8 24.995755 -0.042526 0.135404 0.323621 0.912297 -0.250965 0.565558 0.622309
female.bmp
  8 24.982387 -0.178130 -0.043573 0.486515 0.420831 -0.765640 0.547945 0.626223
  7 24.175977 0.023999 0.039501 0.059439 0.951111 -0.303076 0.571429 0.737769
  8 24.995755 -0.042526 0.135404 0.323621 0.912297 -0.250965 0.565558 0.622309
female.bmp
  9 22.568079 -0.823160 0.123579 0.259303 0.922618 -0.285548 0.573386 0.837573
  10 22.680534 -0.864123 0.119785 0.240672 0.933751 -0.264927 0.573386 0.827789
  10 22.639775 -1.092835 -0.122970 0.039868 0.216817 -0.975398 0.547945 0.831703
female.bmp
  10 22.639775 -1.092835 -0.122970 0.039868 0.216817 -0.975398 0.547945 0.831703
  10 22.680534 -0.864123 0.119785 0.240672 0.933751 -0.264927 0.573386 0.827789
  10 23.466463 -1.243231 -0.114722 0.125829 0.248047 -0.960541 0.547945 0.747554
female.bmp
  10 22.680534 -0.864123 0.119785 0.240672 0.933751 -0.264927 0.573386 0.827789
  10 23.636246 -1.081463 0.136485 0.248400 0.945234 -0.211733 0.571429 0.737769
  10 23.466463 -1.243231 -0.114722 0.125829 0.248047 -0.960541 0.547945 0.747554
female.bmp
  10 23.466463 -1.243231 -0.114722 0.125829 0.248047 -0.960541 0.547945 0.747554
  10 23.636246 -1.081463 0.136485 0.248400 0.945234 -0.211733 0.571429 0.737769
  11 23.634209 -1.262290 -0.090463 0.113864 0.351906 -0.929084 0.547945 0.726027
female.bmp
  10 23.636246 -1.081463 0.136485 0.248400 0.945234 -0.211733 0.571429 0.737769
  11 24.268689 -1.398256 -0.040986 0.490045 0.386395 -0.781380 0.547945 0.626223
  11 23.634209 -1.262290 -0.090463 0.113864 0.351906 -0.929084 0.547945 0.726027
female.bmp
  3 22.512241 0.999539 -0.060211 -0.125085 0.925585 -0.357275 0.573386 0.837573
  3 22.573398 1.003385 -0.066921 -0.125085 0.925585 -0.357275 0.573386 0.827789
  3 22.573390 0.814974 -0.264408 -0.124130 0.217939 -0.968036 0.547945 0.831703
female.bmp
  3 22.573390 0.814974 -0.264408 -0.124130 0.217939 -0.968036 0.547945 0.831703
  3 22.573398 1.003385 -0.066921 -0.125085 0.925585 -0.357275 0.573386 0.827789
  4 23.631772 0.988179 -0.287732 -0.015853 0.242532 -0.970014 0.547945 0.747554
female.bmp
  3 22.573398 1.003385 -0.066921 -0.125085 0.925585 -0.357275 0.573386 0.827789
  4 23.659480 1.163165 -0.088202 -0.123608 0.924386 -0.360875 0.571429 0.737769
  4 23.631772 0.988179 -0.287732 -0.015853 0.242532 -0.970014 0.547945 0.747554
female.bmp
  4 23.631772 0.988179 -0.287732 -0.015853 0.242532 -0.970014 0.547945 0.747554
  4 23.659480 1.163165 -0.088202 -0.123608 0.924386 -0.360875 0.571429 0.737769
  5 23.774905 1.022809 -0.270424 -0.032070 0.342087 -0.939121 0.547945 0.726027
female.bmp
  4 23.659480 1.163165 -0.088202 -0.123608 0.924386 -0.360875 0.571429 0.737769
  5 24.530719 1.153449 -0.196401 0.389620 0.491265 -0.779009 0.547945 0.626223
  5 23.774905 1.022809 -0.270424 -0.032070 0.342087 -0.939121 0.547945 0.726027
female.bmp
  17 20.513765 -3.158696 -0.793557 0.213684 0.067865 -0.974543 0.530333 0.968689
  17 20.386325 -3.620466 -0.745308 -0.479395 -0.193455 -0.856012 0.553816 0.921722
  17 20.205574 -3.118442 -0.731126 -0.607736 -0.189183 -0.771276 0.549902 0.982387
female.bmp
  17 20.513765 -3.158696 -0.793557 0.213684 0.067865 -0.974543 0.530333 0.968689
  17 20.609959 -3.696368 -0.750474 0.362035 -0.131474 -0.922846 0.544031 0.906067
  17 20.386325 -3.620466 -0.745308 -0.479395 -0.193455 -0.856012 0.553816 0.921722
female.bmp
  17 20.513765 -3.158696 -0.793557 0.213684 0.067865 -0.974543 0.530333 0.968689
  17 20.728969 -3.153913 -0.645690 0.856521 0.065952 -0.511880 0.504892 0.958904
  17 20.609959 -3.696368 -0.750474 0.362035 -0.131474 -0.922846 0.544031 0.906067
female.bmp
  17 20.513765 -3.158696 -0.793557 0.213684 0.067865 -0.974543 0.530333 0.968689
  16 20.471951 -3.010344 -0.773237 0.153690 0.059590 -0.986321 0.512720 0.984344
  17 20.728969 -3.153913 -0.645690 0.856521 0.065952 -0.511880 0.504892 0.958904
female.bmp
  17 20.513765 -3.158696 -0.793557 0.213684 0.067865 -0.974543 0.530333 0.968689
  17 20.205574 -3.118442 -0.731126 -0.173760 0.042265 -0.983881 0.549902 0.982387
  16 20.471951 -3.010344 -0.773237 0.153690 0.059590 -0.986321 0.512720 0.984344
female.bmp
  16 19.954950 -2.798809 -0.495276 -0.905241 -0.405995 -0.125325 0.581213 0.095890
  16 20.018947 -2.761746 -0.207299 -0.696601 -0.417495 0.583477 0.563601 0.095890
  16 19.612591 -2.329324 -0.403223 -0.820360 -0.565483 -0.085080 0.598826 0.064579
female.bmp
  16 19.612591 -2.329324 -0.403223 -0.820360 -0.565483 -0.085080 0.598826 0.064579
  16 20.018947 -2.761746 -0.207299 -0.696601 -0.417495 0.583477 0.563601 0.095890
  16 19.756457 -2.281906 -0.085018 -0.600104 -0.538282 0.591716 0.581213 0.058708
female.bmp
  16 20.018947 -2.761746 -0.207299 -0.696601 -0.417495 0.583477 0.563601 0.095890
  16 20.056741 -2.190353 0.145519 -0.148535 -0.423050 0.893849 0.559687 0.058708
  16 19.756457 -2.281906 -0.085018 -0.600104 -0.538282 0.591716 0.581213 0.058708
female.bmp
  16 19.756457 -2.281906 -0.085018 -0.600104 -0.538282 0.591716 0.581213 0.058708
  16 20.056741 -2.190353 0.145519 -0.148535 -0.423050 0.893849 0.559687 0.058708
  15 19.471941 -1.809183 0.105885 -0.533652 -0.563985 0.630188 0.596869 0.023483
female.bmp
  16 20.056741 -2.190353 0.145519 -0.148535 -0.423050 0.893849 0.559687 0.058708
  15 19.874537 -1.742465 0.321676 -0.130212 -0.393289 0.910147 0.571429 0.017613
  15 19.471941 -1.809183 0.105885 -0.533652 -0.563985 0.630188 0.596869 0.023483
female.bmp
  2 20.808048 0.119342 0.686054 0.102987 0.205353 0.973254 0.765166 0.183953
  2 20.795295 -0.563415 0.669304 0.064685 -0.016327 0.997772 0.772994 0.127202
  6 21.442118 -0.247020 0.572313 0.247162 -0.212033 0.945491 0.716243 0.142857
female.bmp
  6 21.442118 -0.247020 0.572313 0.247162 -0.212033 0.945491 0.716243 0.142857
  2 20.795295 -0.563415 0.669304 0.064685 -0.016327 0.997772 0.772994 0.127202
  9 21.283726 -0.541955 0.550968 0.357476 0.202051 0.911804 0.729941 0.129159
female.bmp
  2 20.795295 -0.563415 0.669304 0.064685 -0.016327 0.997772 0.772994 0.127202
  9 21.363997 -0.788907 0.681624 0.150456 0.133330 0.979585 0.727984 0.101761
  9 21.283726 -0.541955 0.550968 0.357476 0.202051 0.911804 0.729941 0.129159
female.bmp
  9 21.283726 -0.541955 0.550968 0.357476 0.202051 0.911804 0.729941 0.129159
  9 21.363997 -0.788907 0.681624 0.150456 0.133330 0.979585 0.727984 0.101761
  9 22.564671 -0.877934 0.332117 0.291560 0.822489 0.488370 0.614481 0.080235
female.bmp
  9 21.363997 -0.788907 0.681624 0.150456 0.133330 0.979585 0.727984 0.101761
  9 22.503009 -1.019517 0.491967 0.235395 0.301463 0.923964 0.620352 0.066536
  9 22.564671 -0.877934 0.332117 0.291560 0.822489 0.488370 0.614481 0.080235
female.bmp
  16 20.714411 -2.531007 -0.297791 0.960390 0.033532 0.276635 0.495108 0.088063
  16 20.656193 -1.935583 -0.536499 0.856337 0.022854 -0.515911 0.463796 0.050881
  16 20.744654 -1.973666 -0.260955 0.983208 -0.054005 0.174313 0.487280 0.045010
female.bmp
  16 20.714411 -2.531007 -0.297791 0.960390 0.033532 0.276635 0.495108 0.088063
  16 20.727225 -2.548322 -0.553986 0.953826 0.121450 -0.274712 0.475538 0.088063
  16 20.656193 -1.935583 -0.536499 0.856337 0.022854 -0.515911 0.463796 0.050881
female.bmp
  16 20.714411 -2.531007 -0.297791 0.960390 0.033532 0.276635 0.495108 0.088063
  16 20.774728 -2.957856 -0.559061 0.889140 -0.405094 -0.212905 0.479452 0.119374
  16 20.727225 -2.548322 -0.553986 0.953826 0.121450 -0.274712 0.475538 0.088063
female.bmp
  16 20.714411 -2.531007 -0.297791 0.960390 0.033532 0.276635 0.495108 0.088063
  16 20.741868 -2.973197 -0.337962 0.933911 -0.061166 0.352234 0.497065 0.121331
  16 20.774728 -2.957856 -0.559061 0.889140 -0.405094 -0.212905 0.479452 0.119374
female.bmp
  16 20.714411 -2.531007 -0.297791 0.960390 0.033532 0.276635 0.495108 0.088063
  17 20.586531 -3.077998 -0.106758 0.480680 -0.709286 0.515615 0.516634 0.129159
  16 20.741868 -2.973197 -0.337962 0.933911 -0.061166 0.352234 0.497065 0.121331
female.bmp
  9 22.442424 -1.339439 -0.011202 -0.058629 -0.798495 -0.599140 0.645793 0.013699
  9 21.450096 -1.284722 0.248779 0.064698 -0.962081 0.264979 0.727984 0.052838
  9 21.488570 -1.265225 -0.096966 0.039600 -0.733380 -0.678665 0.718200 0.029354
female.bmp
  9 21.488570 -1.265225 -0.096966 0.039600 -0.733380 -0.678665 0.718200 0.029354
  9 21.450096 -1.284722 0.248779 0.064698 -0.962081 0.264979 0.727984 0.052838
  9 21.125603 -1.339609 -0.062013 0.361786 -0.765234 -0.532474 0.747554 0.031311
female.bmp
  9 21.450096 -1.284722 0.248779 0.064698 -0.962081 0.264979 0.727984 0.052838
  9 21.089299 -1.348144 0.292401 0.282061 -0.881566 0.378528 0.765166 0.052838
  9 21.125603 -1.339609 -0.062013 0.361786 -0.765234 -0.532474 0.747554 0.031311
female.bmp
  9 21.125603 -1.339609 -0.062013 0.361786 -0.765234 -0.532474 0.747554 0.031311
  9 21.089299 -1.348144 0.292401 0.282061 -0.881566 0.378528 0.765166 0.052838
  15 20.623240 -1.530401 -0.588804 0.636743 -0.210109 -0.741898 0.769080 0.015656
female.bmp
  9 21.089299 -1.348144 0.292401 0.282061 -0.881566 0.378528 0.765166 0.052838
  15 20.777038 -1.481343 -0.300985 0.790170 -0.612799 -0.010482 0.788650 0.027397
  15 20.623240 -1.530401 -0.588804 0.636743 -0.210109 -0.741898 0.769080 0.015656
female.bmp
  6 22.895542 -0.461678 0.183236 0.040627 -0.962348 0.268768 0.614481 0.741683
  6 21.811346 -0.458225 -0.195192 0.247730 -0.728195 -0.639031 0.698630 0.714286
  6 22.850860 -0.381797 -0.080435 0.046892 -0.716454 -0.696057 0.620352 0.726027
female.bmp
  6 22.850860 -0.381797 -0.080435 0.046892 -0.716454 -0.696057 0.620352 0.726027
  6 21.811346 -0.458225 -0.195192 0.247730 -0.728195 -0.639031 0.698630 0.714286
  6 22.845715 -0.135014 -0.163329 0.097655 0.219533 -0.970705 0.614481 0.696673
female.bmp
  6 21.811346 -0.458225 -0.195192 0.247730 -0.728195 -0.639031 0.698630 0.714286
  6 21.798574 -0.086570 -0.314815 0.245594 0.225013 -0.942896 0.690802 0.681018
  6 22.845715 -0.135014 -0.163329 0.097655 0.219533 -0.970705 0.614481 0.696673
female.bmp
  6 22.845715 -0.135014 -0.163329 0.097655 0.219533 -0.970705 0.614481 0.696673
  6 21.798574 -0.086570 -0.314815 0.245594 0.225013 -0.942896 0.690802 0.681018
  6 22.905529 0.081241 0.044892 0.082831 0.932502 -0.351539 0.600783 0.675147
female.bmp
  6 21.798574 -0.086570 -0.314815 0.245594 0.225013 -0.942896 0.690802 0.681018
  3 21.496093 0.276132 0.248700 0.667933 0.322066 0.670924 0.682975 0.653620
  6 22.905529 0.081241 0.044892 0.082831 0.932502 -0.351539 0.600783 0.675147
female.bmp
  2 18.932273 0.508473 -0.881794 -0.249133 0.296334 -0.922019 0.931507 0.571429
  2 18.959515 -0.200934 -0.881509 -0.027305 -0.159029 -0.986896 0.945205 0.639922
  2 18.557224 0.257346 -0.823367 0.665925 0.108884 -0.738030 0.958904 0.581213
female.bmp
  2 18.557224 0.257346 -0.823367 0.665925 0.108884 -0.738030 0.958904 0.581213
  2 18.959515 -0.200934 -0.881509 -0.027305 -0.159029 -0.986896 0.945205 0.639922
  2 18.557224 -0.382654 -0.793366 0.523287 -0.194198 -0.829734 0.974560 0.647750
female.bmp
  2 18.959515 -0.200934 -0.881509 -0.027305 -0.159029 -0.986896 0.945205 0.639922
  2 18.964043 -0.686186 -0.758997 -0.117948 -0.365131 -0.923454 0.953033 0.682975
  2 18.557224 -0.382654 -0.793366 0.523287 -0.194198 -0.829734 0.974560 0.647750
female.bmp
  2 18.557224 -0.382654 -0.793366 0.523287 -0.194198 -0.829734 0.974560 0.647750
  2 18.964043 -0.686186 -0.758997 -0.117948 -0.365131 -0.923454 0.953033 0.682975
  2 18.556532 -0.701227 -0.647604 0.544966 -0.438028 -0.714943 0.982387 0.679061
female.bmp
  2 18.964043 -0.686186 -0.758997 -0.117948 -0.365131 -0.923454 0.953033 0.682975
  2 18.557225 -0.972653 -0.423364 0.511888 -0.621753 -0.592785 0.988258 0.710372
  2 18.556532 -0.701227 -0.647604 0.544966 -0.438028 -0.714943 0.982387 0.679061
female.bmp
  17 20.120739 -3.198417 -0.518507 -0.864602 -0.498111 -0.065948 0.481409 0.953033
  17 20.166218 -3.156241 -0.776097 -0.191014 -0.814366 -0.548017 0.479452 0.939335
  17 20.205574 -3.118442 -0.731126 0.551289 -0.771061 0.318661 0.483366 0.951076
female.bmp
  17 20.205574 -3.118442 -0.731126 0.551289 -0.771061 0.318661 0.483366 0.951076
  17 20.166218 -3.156241 -0.776097 -0.191014 -0.814366 -0.548017 0.479452 0.939335
  16 20.471951 -3.010344 -0.773237 0.369897 -0.888392 0.271912 0.483366 0.937378
female.bmp
  17 20.166218 -3.156241 -0.776097 -0.191014 -0.814366 -0.548017 0.479452 0.939335
  16 20.600478 -2.980056 -0.832089 0.452496 -0.458212 -0.765042 0.477495 0.898239
  16 20.471951 -3.010344 -0.773237 0.369897 -0.888392 0.271912 0.483366 0.937378
female.bmp
  16 20.471951 -3.010344 -0.773237 0.369897 -0.888392 0.271912 0.483366 0.937378
  16 20.600478 -2.980056 -0.832089 0.452496 -0.458212 -0.765042 0.477495 0.898239
  16 20.634526 -2.997466 -0.724211 0.497816 -0.819311 -0.284443 0.481409 0.898239
female.bmp
  16 20.600478 -2.980056 -0.832089 0.452496 -0.458212 -0.765042 0.477495 0.898239
  16 20.749895 -2.981097 -0.531800 0.504887 -0.860710 -0.065323 0.483366 0.882583
  16 20.634526 -2.997466 -0.724211 0.497816 -0.819311 -0.284443 0.481409 0.898239
female.bmp
  2 18.547225 -1.112652 -0.183364 0.574038 -0.809325 -0.124390 0.978474 0.086106
  2 18.976304 -1.233446 0.070194 -0.501200 -0.734809 0.457006 0.943249 0.080235
  2 18.557225 -1.072652 0.046636 0.603841 -0.758225 0.245908 0.972603 0.097847
female.bmp
  2 18.557225 -1.072652 0.046636 0.603841 -0.758225 0.245908 0.972603 0.097847
  2 18.976304 -1.233446 0.070194 -0.501200 -0.734809 0.457006 0.943249 0.080235
  2 18.567226 -0.852651 0.436635 0.732850 -0.387519 0.559250 0.962818 0.119374
female.bmp
  2 18.976304 -1.233446 0.070194 -0.501200 -0.734809 0.457006 0.943249 0.080235
  2 19.167038 -0.800783 0.551675 -0.214697 -0.332783 0.918238 0.915851 0.119374
  2 18.567226 -0.852651 0.436635 0.732850 -0.387519 0.559250 0.962818 0.119374
female.bmp
  2 18.567226 -0.852651 0.436635 0.732850 -0.387519 0.559250 0.962818 0.119374
  2 19.167038 -0.800783 0.551675 -0.214697 -0.332783 0.918238 0.915851 0.119374
  2 19.080585 -0.152826 0.623625 -0.132910 0.074104 0.988354 0.915851 0.181996
female.bmp
  2 19.167038 -0.800783 0.551675 -0.214697 -0.332783 0.918238 0.915851 0.119374
  2 20.131062 -0.811071 0.690786 -0.041515 -0.146682 0.988312 0.833659 0.113503
  2 19.080585 -0.152826 0.623625 -0.132910 0.074104 0.988354 0.915851 0.181996
female.bmp
  2 17.807225 0.747348 -0.373367 -0.852705 0.520666 -0.042440 0.117417 0.984344
  2 17.827226 0.637349 0.096633 -0.833300 0.470773 0.289799 0.068493 0.970646
  2 17.867226 0.657349 0.096633 -0.117050 0.890742 0.439179 0.066536 0.976517
female.bmp
  2 17.867226 0.657349 0.096633 -0.117050 0.890742 0.439179 0.066536 0.976517
  2 17.827226 0.637349 0.096633 -0.833300 0.470773 0.289799 0.068493 0.970646
  2 17.887227 0.267350 0.566634 -0.027535 0.514428 0.857092 0.019569 0.929550
female.bmp
  2 17.827226 0.637349 0.096633 -0.833300 0.470773 0.289799 0.068493 0.970646
  2 17.847227 0.257350 0.556634 -0.817683 0.279107 0.503482 0.023483 0.925636
  2 17.887227 0.267350 0.566634 -0.027535 0.514428 0.857092 0.019569 0.929550
female.bmp
  2 17.887227 0.267350 0.566634 -0.027535 0.514428 0.857092 0.019569 0.929550
  2 17.847227 0.257350 0.556634 -0.817683 0.279107 0.503482 0.023483 0.925636
  2 17.897227 -0.282650 0.706635 -0.053634 0.024428 0.998262 0.007828 0.868885
female.bmp
  2 17.847227 0.257350 0.556634 -0.817683 0.279107 0.503482 0.023483 0.925636
  2 17.857227 -0.272650 0.686635 -0.847922 0.007538 0.530068 0.015656 0.868885
  2 17.897227 -0.282650 0.706635 -0.053634 0.024428 0.998262 0.007828 0.868885
female.bmp
  2 18.247226 -1.102651 0.106636 -0.602976 -0.747649 0.278282 0.947162 0.426614
  2 18.237225 -1.172652 -0.163363 -0.647722 -0.751357 -0.126173 0.923679 0.420744
  2 18.257226 -1.162651 0.106637 -0.602976 -0.747649 0.278282 0.951076 0.418787
female.bmp
  2 18.257226 -1.162651 0.106637 -0.602976 -0.747649 0.278282 0.951076 0.418787
  2 18.237225 -1.172652 -0.163363 -0.647722 -0.751357 -0.126173 0.923679 0.420744
  2 18.547225 -1.162651 0.056636 0.664808 -0.723051 0.187692 0.951076 0.373777
female.bmp
  2 18.237225 -1.172652 -0.163363 -0.647722 -0.751357 -0.126173 0.923679 0.420744
  2 18.537225 -1.182652 -0.213364 0.565876 -0.800049 -0.199263 0.925636 0.375734
  2 18.547225 -1.162651 0.056636 0.664808 -0.723051 0.187692 0.951076 0.373777
female.bmp
  2 18.547225 -1.162651 0.056636 0.664808 -0.723051 0.187692 0.951076 0.373777
  2 18.537225 -1.182652 -0.213364 0.565876 -0.800049 -0.199263 0.925636 0.375734
  2 18.557225 -1.072652 0.046636 0.603841 -0.758225 0.245908 0.949119 0.365949
female.bmp
  2 18.537225 -1.182652 -0.213364 0.565876 -0.800049 -0.199263 0.925636 0.375734
  2 18.547225 -1.112652 -0.183364 0.574038 -0.809325 -0.124390 0.925636 0.367906
  2 18.557225 -1.072652 0.046636 0.603841 -0.758225 0.245908 0.949119 0.365949
female.bmp
  1 16.471063 -0.221460 0.692727 0.128354 0.099366 0.986738 0.369863 0.131115
  2 18.047226 -0.272650 0.516635 0.113944 0.071721 0.990895 0.367906 0.035225
  2 18.047226 0.157349 0.356634 0.110259 0.601282 0.791393 0.330724 0.033268
female.bmp
  1 16.471063 -0.221460 0.692727 0.128354 0.099366 0.986738 0.369863 0.131115
  2 18.037226 -0.792650 0.416636 0.079789 -0.589737 0.803644 0.410959 0.037182
  2 18.047226 -0.272650 0.516635 0.113944 0.071721 0.990895 0.367906 0.035225
female.bmp
  1 16.471063 -0.221460 0.692727 0.128354 0.099366 0.986738 0.369863 0.131115
  1 16.532911 -0.771247 0.562691 0.111674 -0.564372 0.817932 0.418787 0.125245
  2 18.037226 -0.792650 0.416636 0.079789 -0.589737 0.803644 0.410959 0.037182
female.bmp
  1 16.471063 -0.221460 0.692727 0.128354 0.099366 0.986738 0.369863 0.131115
  1 14.473959 -0.849397 0.848185 0.130626 -0.509435 0.850537 0.430528 0.240705
  1 16.532911 -0.771247 0.562691 0.111674 -0.564372 0.817932 0.418787 0.125245
female.bmp
  1 16.471063 -0.221460 0.692727 0.128354 0.099366 0.986738 0.369863 0.131115
  1 14.411712 -0.199611 0.978198 0.128354 0.099366 0.986738 0.377691 0.244618
  1 14.473959 -0.849397 0.848185 0.130626 -0.509435 0.850537 0.430528 0.240705
female.bmp
  1 5.990832 -0.859915 -1.292456 -0.032848 0.201003 -0.979040 0.176125 0.720157
  1 9.480823 -1.339915 -0.932371 0.148530 -0.595547 -0.789470 0.099804 0.585127
  1 6.110826 -1.849915 -1.072452 0.078721 -0.585720 -0.806682 0.099804 0.722114
female.bmp
  1 6.110826 -1.849915 -1.072452 0.078721 -0.585720 -0.806682 0.099804 0.722114
  1 9.480823 -1.339915 -0.932371 0.148530 -0.595547 -0.789470 0.099804 0.585127
  1 6.180804 -2.369914 -0.152450 0.137163 -0.968446 -0.208082 0.054795 0.722114
female.bmp
  1 9.480823 -1.339915 -0.932371 0.148530 -0.595547 -0.789470 0.099804 0.585127
  1 9.560803 -1.749914 -0.132369 0.206343 -0.960392 -0.187268 0.054795 0.583170
  1 6.180804 -2.369914 -0.152450 0.137163 -0.968446 -0.208082 0.054795 0.722114
female.bmp
  1 6.180804 -2.369914 -0.152450 0.137163 -0.968446 -0.208082 0.054795 0.722114
  1 9.560803 -1.749914 -0.132369 0.206343 -0.960392 -0.187268 0.054795 0.583170
  1 6.200785 -2.289913 0.637551 0.130767 -0.890894 0.434980 0.009785 0.726027
female.bmp
  1 9.560803 -1.749914 -0.132369 0.206343 -0.960392 -0.187268 0.054795 0.583170
  1 9.580786 -1.669913 0.617632 0.199109 -0.882137 0.426836 0.009785 0.589041
  1 6.200785 -2.289913 0.637551 0.130767 -0.890894 0.434980 0.009785 0.726027
female.bmp
  31 -22.821463 2.246390 -0.445460 -0.574647 -0.748600 0.330725 0.583170 0.317025
  31 -22.550586 2.190364 -0.349092 -0.256003 -0.236955 0.937185 0.565558 0.363992
  31 -22.832057 2.319791 -0.374045 -0.469547 -0.286677 0.835070 0.571429 0.295499
female.bmp
  31 -22.832057 2.319791 -0.374045 -0.469547 -0.286677 0.835070 0.571429 0.295499
  31 -22.550586 2.190364 -0.349092 -0.256003 -0.236955 0.937185 0.565558 0.363992
  31 -22.881479 2.405472 -0.370021 -0.058932 0.079816 0.995066 0.557730 0.289628
female.bmp
  31 -22.550586 2.190364 -0.349092 -0.256003 -0.236955 0.937185 0.565558 0.363992
  31 -22.452542 2.304856 -0.340202 0.048049 0.411200 0.910278 0.542074 0.367906
  31 -22.881479 2.405472 -0.370021 -0.058932 0.079816 0.995066 0.557730 0.289628
female.bmp
  31 -22.881479 2.405472 -0.370021 -0.058932 0.079816 0.995066 0.557730 0.289628
  31 -22.452542 2.304856 -0.340202 0.048049 0.411200 0.910278 0.542074 0.367906
  31 -22.876850 2.481097 -0.382650 0.048049 0.411200 0.910278 0.544031 0.283757
female.bmp
  31 -22.452542 2.304856 -0.340202 0.048049 0.411200 0.910278 0.542074 0.367906
  31 -22.831293 2.515128 -0.423472 0.201163 0.660239 0.723614 0.530333 0.289628
  31 -22.876850 2.481097 -0.382650 0.048049 0.411200 0.910278 0.544031 0.283757
female.bmp
  24 -23.577846 0.179713 -0.007272 -0.059439 0.951111 -0.303075 0.571429 0.737769
  25 -24.385605 -0.025291 -0.083701 -0.486518 0.420831 -0.765638 0.547945 0.626223
  25 -24.398315 0.110388 0.095268 -0.323619 0.912298 -0.250964 0.565558 0.622309
female.bmp
  25 -24.398315 0.110388 0.095268 -0.323619 0.912298 -0.250964 0.565558 0.622309
  25 -24.385605 -0.025291 -0.083701 -0.486518 0.420831 -0.765638 0.547945 0.626223
  25 -24.497807 0.054421 0.121133 -0.860875 0.489979 -0.137166 0.553816 0.604697
female.bmp
  25 -24.385605 -0.025291 -0.083701 -0.486518 0.420831 -0.765638 0.547945 0.626223
  25 -24.444510 -0.138354 -0.040724 -0.789412 -0.197798 -0.581123 0.534247 0.618395
  25 -24.497807 0.054421 0.121133 -0.860875 0.489979 -0.137166 0.553816 0.604697
female.bmp
  25 -24.497807 0.054421 0.121133 -0.860875 0.489979 -0.137166 0.553816 0.604697
  25 -24.444510 -0.138354 -0.040724 -0.789412 -0.197798 -0.581123 0.534247 0.618395
  25 -24.526709 -0.065067 0.176698 -0.988619 -0.022740 0.148710 0.532290 0.600783
female.bmp
  25 -24.444510 -0.138354 -0.040724 -0.789412 -0.197798 -0.581123 0.534247 0.618395
  25 -24.475243 -0.201621 0.206769 -0.787139 -0.576509 0.219200 0.514677 0.608611
  25 -24.526709 -0.065067 0.176698 -0.988619 -0.022740 0.148710 0.532290 0.600783
female.bmp
  34 -19.702263 -2.982365 -0.118060 0.293743 -0.293050 0.909855 0.536204 0.129159
  34 -19.985633 -2.918958 -0.101295 -0.477910 -0.708242 0.519611 0.516634 0.129159
  34 -19.963191 -2.910435 -0.129996 -0.189133 -0.913848 -0.359319 0.514677 0.135029
female.bmp
  34 -19.963191 -2.910435 -0.129996 -0.189133 -0.913848 -0.359319 0.514677 0.135029
  34 -19.985633 -2.918958 -0.101295 -0.477910 -0.708242 0.519611 0.516634 0.129159
  33 -20.138314 -2.812534 -0.333650 -0.933444 -0.062509 0.353234 0.497065 0.121331
female.bmp
  34 -19.985633 -2.918958 -0.101295 -0.477910 -0.708242 0.519611 0.516634 0.129159
  33 -20.117964 -2.377087 -0.292766 -0.960298 0.031711 0.277168 0.495108 0.088063
  33 -20.138314 -2.812534 -0.333650 -0.933444 -0.062509 0.353234 0.497065 0.121331
female.bmp
  33 -20.138314 -2.812534 -0.333650 -0.933444 -0.062509 0.353234 0.497065 0.121331
  33 -20.117964 -2.377087 -0.292766 -0.960298 0.031711 0.277168 0.495108 0.088063
  33 -20.182744 -2.801885 -0.554586 -0.887918 -0.409187 -0.210161 0.479452 0.119374
female.bmp
  33 -20.117964 -2.377087 -0.292766 -0.960298 0.031711 0.277168 0.495108 0.088063
  33 -20.127829 -2.390632 -0.547166 -0.954429 0.116812 -0.274628 0.475538 0.088063
  33 -20.182744 -2.801885 -0.554586 -0.887918 -0.409187 -0.210161 0.479452 0.119374
female.bmp
  32 -20.180113 -1.324731 -0.296846 -0.788097 -0.615515 -0.006743 0.788650 0.027397
  26 -20.496443 -1.194253 0.256989 -0.282058 -0.881568 0.378526 0.765166 0.052838
  32 -20.025619 -1.367597 -0.585280 -0.636564 -0.216077 -0.740336 0.769080 0.015656
female.bmp
  32 -20.025619 -1.367597 -0.585280 -0.636564 -0.216077 -0.740336 0.769080 0.015656
  26 -20.496443 -1.194253 0.256989 -0.282058 -0.881568 0.378526 0.765166 0.052838
  26 -20.532596 -1.186964 -0.107346 -0.361782 -0.765233 -0.532477 0.747554 0.031311
female.bmp
  26 -20.496443 -1.194253 0.256989 -0.282058 -0.881568 0.378526 0.765166 0.052838
  26 -20.847299 -1.130054 0.203336 -0.064698 -0.962082 0.264977 0.727984 0.052838
  26 -20.532596 -1.186964 -0.107346 -0.361782 -0.765233 -0.532477 0.747554 0.031311
female.bmp
  26 -20.532596 -1.186964 -0.107346 -0.361782 -0.765233 -0.532477 0.747554 0.031311
  26 -20.847299 -1.130054 0.203336 -0.064698 -0.962082 0.264977 0.727984 0.052838
  26 -20.885771 -1.110557 -0.142409 -0.039601 -0.733379 -0.678666 0.718200 0.029354
female.bmp
  26 -20.847299 -1.130054 0.203336 -0.064698 -0.962082 0.264977 0.727984 0.052838
  26 -21.839626 -1.184771 -0.056651 0.058624 -0.798495 -0.599141 0.645793 0.013699
  26 -20.885771 -1.110557 -0.142409 -0.039601 -0.733379 -0.678666 0.718200 0.029354
female.bmp
  26 -20.690722 -0.389312 0.505636 -0.357476 0.202052 0.911804 0.729941 0.129159
  23 -20.850305 -0.091964 0.532026 -0.247163 -0.212032 0.945491 0.716243 0.142857
  26 -20.859488 -0.323078 0.333498 -0.640593 -0.061767 0.765392 0.716243 0.129159
female.bmp
  26 -20.859488 -0.323078 0.333498 -0.640593 -0.061767 0.765392 0.716243 0.129159
  23 -20.850305 -0.091964 0.532026 -0.247163 -0.212032 0.945491 0.716243 0.142857
  23 -22.283644 -0.120123 0.317208 -0.192787 -0.351530 0.916111 0.579256 0.127202
female.bmp
  23 -20.850305 -0.091964 0.532026 -0.247163 -0.212032 0.945491 0.716243 0.142857
  23 -20.924183 0.148484 0.503269 -0.188158 0.275253 0.942779 0.706458 0.166341
  23 -22.283644 -0.120123 0.317208 -0.192787 -0.351530 0.916111 0.579256 0.127202
female.bmp
  23 -22.283644 -0.120123 0.317208 -0.192787 -0.351530 0.916111 0.579256 0.127202
  23 -20.924183 0.148484 0.503269 -0.188158 0.275253 0.942779 0.706458 0.166341
  23 -22.275981 0.047615 0.319504 -0.188158 0.275253 0.942779 0.575342 0.148728
female.bmp
  23 -20.924183 0.148484 0.503269 -0.188158 0.275253 0.942779 0.706458 0.166341
  23 -22.290201 0.209693 0.198556 -0.191775 0.833175 0.518693 0.569472 0.162427
  23 -22.275981 0.047615 0.319504 -0.188158 0.275253 0.942779 0.575342 0.148728
female.bmp
  19 -17.980534 -0.689268 0.391803 -0.739308 -0.386566 0.551353 0.962818 0.119374
  19 -18.378145 -1.081815 0.022954 0.501197 -0.734811 0.457005 0.943249 0.080235
  19 -17.960533 -0.920120 0.002307 -0.607422 -0.757442 0.239416 0.972603 0.097847
female.bmp
  19 -17.960533 -0.920120 0.002307 -0.607422 -0.757442 0.239416 0.972603 0.097847
  19 -18.378145 -1.081815 0.022954 0.501197 -0.734811 0.457005 0.943249 0.080235
  19 -17.950533 -0.960623 -0.227605 -0.573713 -0.808587 -0.130541 0.978474 0.086106
female.bmp
  19 -18.378145 -1.081815 0.022954 0.501197 -0.734811 0.457005 0.943249 0.080235
  19 -18.379338 -1.154618 -0.258113 0.694912 -0.716593 -0.059932 0.954990 0.070450
  19 -17.950533 -0.960623 -0.227605 -0.573713 -0.808587 -0.130541 0.978474 0.086106
female.bmp
  19 -17.950533 -0.960623 -0.227605 -0.573713 -0.808587 -0.130541 0.978474 0.086106
  19 -18.379338 -1.154618 -0.258113 0.694912 -0.716593 -0.059932 0.954990 0.070450
  19 -17.950533 -0.821170 -0.477911 -0.506316 -0.621094 -0.598236 0.984344 0.076321
female.bmp
  19 -18.379338 -1.154618 -0.258113 0.694912 -0.716593 -0.059932 0.954990 0.070450
  19 -18.393905 -1.031254 -0.545461 0.554468 -0.480268 -0.679638 0.964775 0.060665
  19 -17.950533 -0.821170 -0.477911 -0.506316 -0.621094 -0.598236 0.984344 0.076321
female.bmp
  19 -17.950533 -0.821170 -0.477911 -0.506316 -0.621094 -0.598236 0.988258 0.710372
  19 -18.366191 -0.531719 -0.796651 0.117948 -0.365129 -0.923455 0.953033 0.682975
  19 -17.950532 -0.551652 -0.698501 -0.537840 -0.437327 -0.720745 0.982387 0.679061
female.bmp
  19 -17.950532 -0.551652 -0.698501 -0.537840 -0.437327 -0.720745 0.982387 0.679061
  19 -18.366191 -0.531719 -0.796651 0.117948 -0.365129 -0.923455 0.953033 0.682975
  19 -17.950532 -0.221958 -0.839222 -0.514626 -0.193522 -0.835290 0.974560 0.647750
female.bmp
  19 -18.366191 -0.531719 -0.796651 0.117948 -0.365129 -0.923455 0.953033 0.682975
  19 -18.361357 -0.049301 -0.928746 0.027305 -0.159027 -0.986897 0.945205 0.639922
  19 -17.950532 -0.221958 -0.839222 -0.514626 -0.193522 -0.835290 0.974560 0.647750
female.bmp
  19 -17.950532 -0.221958 -0.839222 -0.514626 -0.193522 -0.835290 0.974560 0.647750
  19 -18.361357 -0.049301 -0.928746 0.027305 -0.159027 -0.986897 0.945205 0.639922
  19 -17.950533 0.407974 -0.870599 -0.657847 0.109741 -0.745114 0.958904 0.581213
female.bmp
  19 -18.361357 -0.049301 -0.928746 0.027305 -0.159027 -0.986897 0.945205 0.639922
  19 -18.334115 0.660106 -0.929031 0.249131 0.296337 -0.922019 0.931507 0.571429
  19 -17.950533 0.407974 -0.870599 -0.657847 0.109741 -0.745114 0.958904 0.581213
female.bmp
  23 -21.209551 -0.305309 -0.234998 -0.247732 -0.728192 -0.639035 0.698630 0.714286
  23 -22.243876 0.018142 -0.204138 -0.097654 0.219535 -0.970705 0.614481 0.696673
  23 -21.206834 0.062992 -0.365178 -0.245593 0.225016 -0.942896 0.690802 0.681018
female.bmp
  23 -21.209551 -0.305309 -0.234998 -0.247732 -0.728192 -0.639035 0.698630 0.714286
  23 -22.259166 -0.231373 -0.129921 -0.046891 -0.716453 -0.696058 0.620352 0.726027
  23 -22.243876 0.018142 -0.204138 -0.097654 0.219535 -0.970705 0.614481 0.696673
female.bmp
  23 -21.209551 -0.305309 -0.234998 -0.247732 -0.728192 -0.639035 0.698630 0.714286
  23 -22.303752 -0.307601 0.143578 -0.040629 -0.962348 0.268766 0.614481 0.741683
  23 -22.259166 -0.231373 -0.129921 -0.046891 -0.716453 -0.696058 0.620352 0.726027
female.bmp
  23 -21.209551 -0.305309 -0.234998 -0.247732 -0.728192 -0.639035 0.698630 0.714286
  26 -20.859488 -0.323078 0.333498 -0.640593 -0.061767 0.765392 0.700587 0.727984
  23 -22.303752 -0.307601 0.143578 -0.040629 -0.962348 0.268766 0.614481 0.741683
female.bmp
  23 -21.209551 -0.305309 -0.234998 -0.247732 -0.728192 -0.639035 0.698630 0.714286
  26 -21.009380 -0.515556 -0.198935 -0.778234 -0.224896 -0.586323 0.718200 0.727984
  26 -20.859488 -0.323078 0.333498 -0.640593 -0.061767 0.765392 0.700587 0.727984
female.bmp
  19 -17.950533 -0.960623 -0.227605 -0.573713 -0.808587 -0.130541 0.925636 0.367906
  19 -17.940533 -1.030688 -0.257452 -0.564740 -0.799319 -0.205323 0.925636 0.375734
  19 -17.960533 -0.920120 0.002307 -0.607422 -0.757442 0.239416 0.949119 0.365949
female.bmp
  19 -17.960533 -0.920120 0.002307 -0.607422 -0.757442 0.239416 0.949119 0.365949
  19 -17.940533 -1.030688 -0.257452 -0.564740 -0.799319 -0.205323 0.925636 0.375734
  19 -17.960533 -1.010120 0.002504 -0.667714 -0.722191 0.180550 0.951076 0.373777
female.bmp
  19 -17.940533 -1.030688 -0.257452 -0.564740 -0.799319 -0.205323 0.925636 0.375734
  19 -17.640533 -1.020579 -0.207474 0.648070 -0.752189 -0.119231 0.923679 0.420744
  19 -17.960533 -1.010120 0.002504 -0.667714 -0.722191 0.180550 0.951076 0.373777
female.bmp
  19 -17.960533 -1.010120 0.002504 -0.667714 -0.722191 0.180550 0.951076 0.373777
  19 -17.640533 -1.020579 -0.207474 0.648070 -0.752189 -0.119231 0.923679 0.420744
  19 -17.660533 -1.009988 0.062504 0.598996 -0.748425 0.284717 0.951076 0.418787
female.bmp
  19 -17.640533 -1.020579 -0.207474 0.648070 -0.752189 -0.119231 0.923679 0.420744
  19 -17.650533 -0.949989 0.062373 0.598996 -0.748425 0.284717 0.947162 0.426614
  19 -17.660533 -1.009988 0.062504 0.598996 -0.748425 0.284717 0.951076 0.418787
female.bmp
  19 -17.270532 -0.641629 -0.688303 0.989079 -0.109398 -0.098766 0.048924 0.904110
  19 -17.290533 -0.831147 -0.467888 0.910781 0.318677 0.262533 0.064579 0.919765
  19 -17.290533 -0.871191 -0.487800 0.857798 -0.439275 -0.266872 0.064579 0.923679
female.bmp
  19 -17.270532 -0.641629 -0.688303 0.989079 -0.109398 -0.098766 0.048924 0.904110
  19 -17.280532 -0.611563 -0.658368 0.867899 0.252415 0.427829 0.050881 0.902153
  19 -17.290533 -0.831147 -0.467888 0.910781 0.318677 0.262533 0.064579 0.919765
female.bmp
  19 -17.270532 -0.641629 -0.688303 0.989079 -0.109398 -0.098766 0.048924 0.904110
  19 -17.260532 -0.351914 -0.818936 0.766617 0.389147 -0.510747 0.039139 0.880626
  19 -17.280532 -0.611563 -0.658368 0.867899 0.252415 0.427829 0.050881 0.902153
female.bmp
  19 -17.270532 -0.641629 -0.688303 0.989079 -0.109398 -0.098766 0.048924 0.904110
  19 -17.320532 -0.701782 -0.758171 0.301740 -0.527747 -0.794000 0.045010 0.906067
  19 -17.260532 -0.351914 -0.818936 0.766617 0.389147 -0.510747 0.039139 0.880626
female.bmp
  19 -17.270532 -0.641629 -0.688303 0.989079 -0.109398 -0.098766 0.048924 0.904110
  19 -17.290533 -0.871191 -0.487800 0.857798 -0.439275 -0.266872 0.064579 0.923679
  19 -17.320532 -0.701782 -0.758171 0.301740 -0.527747 -0.794000 0.045010 0.906067
female.bmp
  19 -17.230533 0.367931 -0.890510 0.836703 0.042018 -0.546043 0.172211 0.931507
  19 -17.240533 0.338041 -0.840445 0.860958 -0.112876 0.495995 0.168297 0.927593
  19 -17.250532 -0.172024 -0.869330 0.766136 -0.547221 -0.337023 0.185910 0.878669
female.bmp
  19 -17.230533 0.367931 -0.890510 0.836703 0.042018 -0.546043 0.172211 0.931507
  19 -17.200533 0.728259 -0.741298 0.838912 0.334859 -0.429065 0.150685 0.968689
  19 -17.240533 0.338041 -0.840445 0.860958 -0.112876 0.495995 0.168297 0.927593
female.bmp
  19 -17.230533 0.367931 -0.890510 0.836703 0.042018 -0.546043 0.172211 0.931507
  19 -17.240533 0.738237 -0.751320 0.197109 0.652413 -0.731783 0.154599 0.974560
  19 -17.200533 0.728259 -0.741298 0.838912 0.334859 -0.429065 0.150685 0.968689
female.bmp
  19 -17.230533 0.367931 -0.890510 0.836703 0.042018 -0.546043 0.172211 0.931507
  19 -17.270533 0.377909 -0.900532 0.148777 0.155946 -0.976497 0.176125 0.935421
  19 -17.240533 0.738237 -0.751320 0.197109 0.652413 -0.731783 0.154599 0.974560
female.bmp
  19 -17.230533 0.367931 -0.890510 0.836703 0.042018 -0.546043 0.172211 0.931507
  19 -17.250532 -0.172024 -0.869330 0.766136 -0.547221 -0.337023 0.185910 0.878669
  19 -17.270533 0.377909 -0.900532 0.148777 0.155946 -0.976497 0.176125 0.935421
female.bmp
  13 22.687668 1.950926 -0.674785 -0.044459 0.230641 -0.972023 0.547945 0.747554
  13 22.674282 2.133900 -0.466360 -0.347811 0.895158 -0.278783 0.571429 0.737769
  13 22.789602 1.996456 -0.663109 -0.118299 0.252556 -0.960323 0.547945 0.726027
female.bmp
  13 22.789602 1.996456 -0.663109 -0.118299 0.252556 -0.960323 0.547945 0.726027
  13 22.674282 2.133900 -0.466360 -0.347811 0.895158 -0.278783 0.571429 0.737769
  14 23.334112 2.244655 -0.637199 0.153554 0.494672 -0.855407 0.547945 0.626223
female.bmp
  13 22.674282 2.133900 -0.466360 -0.347811 0.895158 -0.278783 0.571429 0.737769
  14 23.323712 2.359987 -0.504948 -0.144570 0.935938 -0.321122 0.565558 0.622309
  14 23.334112 2.244655 -0.637199 0.153554 0.494672 -0.855407 0.547945 0.626223
female.bmp
  14 23.334112 2.244655 -0.637199 0.153554 0.494672 -0.855407 0.547945 0.626223
  14 23.323712 2.359987 -0.504948 -0.144570 0.935938 -0.321122 0.565558 0.622309
  14 23.418068 2.357155 -0.485228 0.476825 0.849693 -0.225076 0.553816 0.604697
female.bmp
  7 24.157980 -0.454494 0.148225 0.003515 -0.978399 0.206696 0.497065 0.741683
  7 22.996141 -0.465800 0.176555 0.005857 -0.958776 0.284102 0.500978 0.827789
  7 24.036762 -0.397392 -0.091453 -0.019514 -0.743381 -0.668583 0.514677 0.753425
female.bmp
  7 24.036762 -0.397392 -0.091453 -0.019514 -0.743381 -0.668583 0.514677 0.753425
  7 22.996141 -0.465800 0.176555 0.005857 -0.958776 0.284102 0.500978 0.827789
  7 23.015817 -0.396371 -0.083046 -0.019514 -0.743381 -0.668583 0.518591 0.831703
female.bmp
  7 22.996141 -0.465800 0.176555 0.005857 -0.958776 0.284102 0.500978 0.827789
  6 22.895542 -0.461678 0.183236 0.040627 -0.962348 0.268768 0.497065 0.841487
  7 23.015817 -0.396371 -0.083046 -0.019514 -0.743381 -0.668583 0.518591 0.831703
female.bmp
  7 23.015817 -0.396371 -0.083046 -0.019514 -0.743381 -0.668583 0.518591 0.831703
  6 22.895542 -0.461678 0.183236 0.040627 -0.962348 0.268768 0.497065 0.841487
  6 22.850860 -0.381797 -0.080435 0.046892 -0.716454 -0.696057 0.514677 0.843444
female.bmp
  14 23.429629 2.283838 -0.358378 0.491700 -0.169064 -0.854194 0.544031 0.273973
  14 23.474976 2.246876 -0.327115 0.491700 -0.169064 -0.854194 0.557730 0.289628
  14 23.434475 2.165457 -0.332642 0.491700 -0.169064 -0.854194 0.571429 0.295499
female.bmp
  14 23.429629 2.283838 -0.358378 0.491700 -0.169064 -0.854194 0.544031 0.273973
  14 23.470347 2.322500 -0.339743 0.537593 -0.139829 -0.831530 0.544031 0.283757
  14 23.474976 2.246876 -0.327115 0.491700 -0.169064 -0.854194 0.557730 0.289628
female.bmp
  14 23.429629 2.283838 -0.358378 0.491700 -0.169064 -0.854194 0.544031 0.273973
  14 23.424790 2.356532 -0.380565 0.491700 -0.169064 -0.854194 0.530333 0.289628
  14 23.470347 2.322500 -0.339743 0.537593 -0.139829 -0.831530 0.544031 0.283757
female.bmp
  14 23.429629 2.283838 -0.358378 0.491700 -0.169064 -0.854194 0.544031 0.273973
  14 23.347855 2.362025 -0.422407 0.456249 -0.173106 -0.872852 0.518591 0.295499
  14 23.424790 2.356532 -0.380565 0.491700 -0.169064 -0.854194 0.530333 0.289628
female.bmp
  8 25.063551 -0.182887 0.300941 0.628987 -0.215476 -0.746958 0.544031 0.273973
  8 25.081906 -0.273609 0.348192 0.598581 -0.203972 -0.774659 0.557730 0.289628
  8 25.030185 -0.353827 0.320083 0.598581 -0.203972 -0.774659 0.571429 0.295499
female.bmp
  8 25.063551 -0.182887 0.300941 0.628987 -0.215476 -0.746958 0.544031 0.273973
  8 25.113723 -0.182237 0.341958 0.628987 -0.215476 -0.746958 0.544031 0.283757
  8 25.081906 -0.273609 0.348192 0.598581 -0.203972 -0.774659 0.557730 0.289628
female.bmp
  8 25.063551 -0.182887 0.300941 0.628987 -0.215476 -0.746958 0.544031 0.273973
  8 25.085006 -0.110504 0.300369 0.652076 -0.240078 -0.719138 0.530333 0.289628
  8 25.113723 -0.182237 0.341958 0.628987 -0.215476 -0.746958 0.544031 0.283757
female.bmp
  8 25.063551 -0.182887 0.300941 0.628987 -0.215476 -0.746958 0.544031 0.273973
  8 25.035746 -0.063182 0.245286 0.652076 -0.240078 -0.719138 0.518591 0.295499
  8 25.085006 -0.110504 0.300369 0.652076 -0.240078 -0.719138 0.530333 0.289628
female.bmp
  11 24.396507 -1.470774 0.321648 0.339160 -0.354413 -0.871414 0.544031 0.273973
  11 24.409665 -1.551918 0.352351 0.279867 -0.372105 -0.884993 0.557730 0.289628
  11 24.323256 -1.576041 0.345168 0.229901 -0.382874 -0.894736 0.571429 0.295499
female.bmp
  11 24.396507 -1.470774 0.321648 0.339160 -0.354413 -0.871414 0.544031 0.273973
  11 24.457239 -1.470504 0.341936 0.382511 -0.353241 -0.853760 0.544031 0.283757
  11 24.409665 -1.551918 0.352351 0.279867 -0.372105 -0.884993 0.557730 0.289628
female.bmp
  11 24.396507 -1.470774 0.321648 0.339160 -0.354413 -0.871414 0.544031 0.273973
  11 24.444107 -1.390644 0.301316 0.339160 -0.354413 -0.871414 0.530333 0.287671
  11 24.457239 -1.470504 0.341936 0.382511 -0.353241 -0.853760 0.544031 0.283757
female.bmp
  11 24.396507 -1.470774 0.321648 0.339160 -0.354413 -0.871414 0.544031 0.273973
  11 24.375968 -1.331200 0.253114 0.299840 -0.322539 -0.897811 0.518591 0.295499
  11 24.444107 -1.390644 0.301316 0.339160 -0.354413 -0.871414 0.530333 0.287671
female.bmp
  5 24.618940 1.155738 0.128116 0.481980 -0.147483 -0.863680 0.544031 0.273973
  5 24.653421 1.105077 0.143752 0.414599 -0.163180 -0.895254 0.557730 0.289628
  5 24.598782 1.035716 0.141839 0.379160 -0.190679 -0.905472 0.571429 0.295499
female.bmp
  5 24.618940 1.155738 0.128116 0.481980 -0.147483 -0.863680 0.544031 0.273973
  5 24.664321 1.183041 0.142088 0.524292 -0.143977 -0.839279 0.544031 0.283757
  5 24.653421 1.105077 0.143752 0.414599 -0.163180 -0.895254 0.557730 0.289628
female.bmp
  5 24.618940 1.155738 0.128116 0.481980 -0.147483 -0.863680 0.544031 0.273973
  5 24.627551 1.240172 0.114086 0.481980 -0.147483 -0.863680 0.530333 0.289628
  5 24.664321 1.183041 0.142088 0.524292 -0.143977 -0.839279 0.544031 0.283757
female.bmp
  5 24.618940 1.155738 0.128116 0.481980 -0.147483 -0.863680 0.544031 0.273973
  5 24.562461 1.281439 0.058767 0.481980 -0.147483 -0.863680 0.518591 0.295499
  5 24.627551 1.240172 0.114086 0.481980 -0.147483 -0.863680 0.530333 0.289628
female.bmp
  9 22.564671 -0.877934 0.332117 0.291560 0.822489 0.488370 0.516634 0.569472
  10 22.680534 -0.864123 0.119785 0.240672 0.933751 -0.264927 0.499022 0.557730
  9 22.568079 -0.823160 0.123579 0.259303 0.922618 -0.285548 0.499022 0.571429
female.bmp
  9 22.564671 -0.877934 0.332117 0.291560 0.822489 0.488370 0.516634 0.569472
  10 22.666628 -0.906599 0.326914 0.233679 0.836129 0.496268 0.518591 0.551859
  10 22.680534 -0.864123 0.119785 0.240672 0.933751 -0.264927 0.499022 0.557730
female.bmp
  9 22.564671 -0.877934 0.332117 0.291560 0.822489 0.488370 0.516634 0.569472
  10 22.646245 -1.038994 0.464958 0.172309 0.308557 0.935469 0.540117 0.551859
  10 22.666628 -0.906599 0.326914 0.233679 0.836129 0.496268 0.518591 0.551859
female.bmp
  9 22.564671 -0.877934 0.332117 0.291560 0.822489 0.488370 0.516634 0.569472
  9 22.503009 -1.019517 0.491967 0.235395 0.301463 0.923964 0.540117 0.567515
  10 22.646245 -1.038994 0.464958 0.172309 0.308557 0.935469 0.540117 0.551859
female.bmp
  7 23.012790 -0.278118 0.320076 0.119362 -0.366142 0.922872 0.565558 0.551859
  6 22.875345 -0.271911 0.367030 0.192785 -0.351528 0.916112 0.567515 0.565558
  7 22.996141 -0.465800 0.176555 0.005857 -0.958776 0.284102 0.590998 0.559687
female.bmp
  7 23.012790 -0.278118 0.320076 0.119362 -0.366142 0.922872 0.565558 0.551859
  6 22.877815 -0.107138 0.360400 0.188156 0.275256 0.942779 0.540117 0.567515
  6 22.875345 -0.271911 0.367030 0.192785 -0.351528 0.916112 0.567515 0.565558
female.bmp
  7 23.012790 -0.278118 0.320076 0.119362 -0.366142 0.922872 0.565558 0.551859
  7 23.024023 -0.098195 0.330141 0.091065 0.309716 0.946458 0.540117 0.551859
  6 22.877815 -0.107138 0.360400 0.188156 0.275256 0.942779 0.540117 0.567515
female.bmp
  7 23.012790 -0.278118 0.320076 0.119362 -0.366142 0.922872 0.565558 0.551859
  7 24.163796 -0.157833 0.342798 0.008073 0.256301 0.966563 0.542074 0.420744
  7 23.024023 -0.098195 0.330141 0.091065 0.309716 0.946458 0.540117 0.551859
female.bmp
  6 22.881950 0.058264 0.249382 0.191774 0.833176 0.518691 0.569472 0.162427
  6 21.515919 -0.003681 0.553883 0.188156 0.275256 0.942779 0.706458 0.166341
  6 22.877815 -0.107138 0.360400 0.188156 0.275256 0.942779 0.575342 0.148728
female.bmp
  6 22.881950 0.058264 0.249382 0.191774 0.833176 0.518691 0.569472 0.162427
  6 21.450800 0.201103 0.430502 0.300962 0.634659 0.711779 0.708415 0.187867
  6 21.515919 -0.003681 0.553883 0.188156 0.275256 0.942779 0.706458 0.166341
female.bmp
  6 22.881950 0.058264 0.249382 0.191774 0.833176 0.518691 0.569472 0.162427
  3 21.496093 0.276132 0.248700 0.667933 0.322066 0.670924 0.698630 0.195695
  6 21.450800 0.201103 0.430502 0.300962 0.634659 0.711779 0.708415 0.187867
female.bmp
  6 22.881950 0.058264 0.249382 0.191774 0.833176 0.518691 0.569472 0.162427
  6 22.905529 0.081241 0.044892 0.082831 0.932502 -0.351539 0.565558 0.180039
  3 21.496093 0.276132 0.248700 0.667933 0.322066 0.670924 0.698630 0.195695
female.bmp
  9 21.488570 -1.265225 -0.096966 0.039600 -0.733380 -0.678665 0.741683 0.782779
  9 22.502029 -1.056778 -0.118206 0.071242 0.237515 -0.968768 0.649706 0.776908
  9 22.442424 -1.339439 -0.011202 -0.058629 -0.798495 -0.599140 0.667319 0.804305
female.bmp
  9 21.488570 -1.265225 -0.096966 0.039600 -0.733380 -0.678665 0.741683 0.782779
  9 21.680727 -0.931374 -0.151914 0.241313 0.180565 -0.953501 0.718200 0.751468
  9 22.502029 -1.056778 -0.118206 0.071242 0.237515 -0.968768 0.649706 0.776908
female.bmp
  9 21.488570 -1.265225 -0.096966 0.039600 -0.733380 -0.678665 0.741683 0.782779
  2 21.189903 -0.612350 -0.257405 0.190778 -0.178491 -0.965269 0.755382 0.716243
  9 21.680727 -0.931374 -0.151914 0.241313 0.180565 -0.953501 0.718200 0.751468
female.bmp
  9 21.488570 -1.265225 -0.096966 0.039600 -0.733380 -0.678665 0.741683 0.782779
  9 21.125603 -1.339609 -0.062013 0.361786 -0.765234 -0.532474 0.774951 0.782779
  2 21.189903 -0.612350 -0.257405 0.190778 -0.178491 -0.965269 0.755382 0.716243
female.bmp
  3 22.503616 1.029111 0.191088 0.331297 0.839111 0.431434 0.612524 0.254403
  3 22.488209 1.049873 -0.086458 0.469226 0.828406 -0.305893 0.616438 0.268102
  2 21.265032 0.963218 -0.005927 0.746331 0.532551 0.399224 0.714286 0.258317
female.bmp
  3 22.503616 1.029111 0.191088 0.331297 0.839111 0.431434 0.612524 0.254403
  3 22.512241 0.999539 -0.060211 0.918703 0.365140 -0.150527 0.610568 0.268102
  3 22.488209 1.049873 -0.086458 0.469226 0.828406 -0.305893 0.616438 0.268102
female.bmp
  3 22.503616 1.029111 0.191088 0.331297 0.839111 0.431434 0.612524 0.254403
  3 22.532724 0.998558 0.170613 0.732507 0.653507 0.190688 0.608611 0.254403
  3 22.512241 0.999539 -0.060211 0.918703 0.365140 -0.150527 0.610568 0.268102
female.bmp
  3 22.503616 1.029111 0.191088 0.331297 0.839111 0.431434 0.612524 0.254403
  3 22.541694 0.850434 0.316486 0.482993 0.382685 0.787572 0.610568 0.240705
  3 22.532724 0.998558 0.170613 0.732507 0.653507 0.190688 0.608611 0.254403
female.bmp
  2 18.977191 -1.309085 -0.220457 -0.694914 -0.716591 -0.059932 0.954990 0.070450
  2 18.992064 -1.182886 -0.498221 -0.554469 -0.480268 -0.679637 0.964775 0.060665
  15 19.244014 -1.813601 -0.285433 -0.848774 -0.524172 -0.069474 0.943249 0.021526
female.bmp
  2 18.977191 -1.309085 -0.220457 -0.694914 -0.716591 -0.059932 0.954990 0.070450
  2 18.557225 -0.972653 -0.423364 0.511888 -0.621753 -0.592785 0.984344 0.076321
  2 18.992064 -1.182886 -0.498221 -0.554469 -0.480268 -0.679637 0.964775 0.060665
female.bmp
  2 18.977191 -1.309085 -0.220457 -0.694914 -0.716591 -0.059932 0.954990 0.070450
  2 18.547225 -1.112652 -0.183364 0.574038 -0.809325 -0.124390 0.978474 0.086106
  2 18.557225 -0.972653 -0.423364 0.511888 -0.621753 -0.592785 0.984344 0.076321
female.bmp
  2 18.977191 -1.309085 -0.220457 -0.694914 -0.716591 -0.059932 0.954990 0.070450
  2 18.976304 -1.233446 0.070194 -0.501200 -0.734809 0.457006 0.943249 0.080235
  2 18.547225 -1.112652 -0.183364 0.574038 -0.809325 -0.124390 0.978474 0.086106
female.bmp
  12 22.034456 1.506452 -0.162144 0.716956 0.053972 0.695026 0.641879 0.299413
  12 22.027281 1.534819 -0.211579 0.941610 0.307839 0.136406 0.637965 0.307241
  12 21.951597 1.689855 -0.184456 0.511118 0.533995 0.673504 0.645793 0.320939
female.bmp
  12 22.034456 1.506452 -0.162144 0.716956 0.053972 0.695026 0.641879 0.299413
  12 22.058226 1.364261 -0.330122 0.986853 0.134008 -0.090352 0.634051 0.293542
  12 22.027281 1.534819 -0.211579 0.941610 0.307839 0.136406 0.637965 0.307241
female.bmp
  12 22.034456 1.506452 -0.162144 0.716956 0.053972 0.695026 0.641879 0.299413
  12 22.067374 1.325548 -0.319275 0.852072 -0.508535 0.123956 0.637965 0.287671
  12 22.058226 1.364261 -0.330122 0.986853 0.134008 -0.090352 0.634051 0.293542
female.bmp
  12 22.034456 1.506452 -0.162144 0.716956 0.053972 0.695026 0.641879 0.299413
  2 21.265032 0.963218 -0.005927 0.746331 0.532551 0.399224 0.714286 0.258317
  12 22.067374 1.325548 -0.319275 0.852072 -0.508535 0.123956 0.637965 0.287671
female.bmp
  2 18.227225 0.747347 -0.413368 -0.660638 0.746395 -0.080317 0.647750 0.422701
  2 18.237224 0.587347 -0.733368 -0.553087 0.531861 -0.641263 0.681018 0.418787
  2 18.227224 0.567347 -0.713368 -0.677463 0.465557 -0.569474 0.682975 0.422701
female.bmp
  2 18.227224 0.567347 -0.713368 -0.677463 0.465557 -0.569474 0.682975 0.422701
  2 18.237224 0.587347 -0.733368 -0.553087 0.531861 -0.641263 0.681018 0.418787
  2 18.237224 0.217346 -0.843367 -0.765446 0.088102 -0.637441 0.724070 0.424658
female.bmp
  2 18.237224 0.587347 -0.733368 -0.553087 0.531861 -0.641263 0.681018 0.418787
  2 18.237224 0.237346 -0.893367 -0.641468 0.111396 -0.759019 0.726027 0.418787
  2 18.237224 0.217346 -0.843367 -0.765446 0.088102 -0.637441 0.724070 0.424658
female.bmp
  2 18.237224 0.217346 -0.843367 -0.765446 0.088102 -0.637441 0.724070 0.424658
  2 18.237224 0.237346 -0.893367 -0.641468 0.111396 -0.759019 0.726027 0.418787
  2 18.227224 -0.432654 -0.793365 -0.722180 -0.167930 -0.671010 0.818004 0.422701
female.bmp
  2 17.867226 -1.132651 0.136637 -0.904646 0.408905 -0.120052 0.111546 0.935421
  2 17.857226 -1.182651 0.146637 -0.829690 -0.536065 0.155723 0.111546 0.941292
  2 17.867226 -0.942650 0.556637 -0.794191 -0.319672 0.516788 0.146771 0.923679
female.bmp
  2 17.867226 -1.132651 0.136637 -0.904646 0.408905 -0.120052 0.111546 0.935421
  2 17.867225 -1.192652 -0.143363 -0.826040 -0.536292 -0.173347 0.088063 0.939335
  2 17.857226 -1.182651 0.146637 -0.829690 -0.536065 0.155723 0.111546 0.941292
female.bmp
  2 17.867226 -1.132651 0.136637 -0.904646 0.408905 -0.120052 0.111546 0.935421
  2 17.877225 -1.142652 -0.143363 -0.913284 0.402238 0.064161 0.088063 0.935421
  2 17.867225 -1.192652 -0.143363 -0.826040 -0.536292 -0.173347 0.088063 0.939335
female.bmp
  2 17.867226 -1.132651 0.136637 -0.904646 0.408905 -0.120052 0.111546 0.935421
  2 18.027226 -0.982651 0.106637 -0.694027 0.686464 -0.217010 0.109589 0.925636
  2 17.877225 -1.142652 -0.143363 -0.913284 0.402238 0.064161 0.088063 0.935421
female.bmp
  2 18.547225 0.747347 -0.383369 0.674821 0.729607 -0.110862 0.941292 0.287671
  2 18.920878 0.753374 -0.724334 -0.328621 0.682695 -0.652637 0.921722 0.309198
  2 18.547224 0.567347 -0.673368 0.615261 0.524418 -0.588591 0.943249 0.301370
female.bmp
  2 18.547225 0.747347 -0.383369 0.674821 0.729607 -0.110862 0.941292 0.287671
  2 18.924128 0.962831 -0.369064 -0.434185 0.898256 -0.067967 0.915851 0.289628
  2 18.920878 0.753374 -0.724334 -0.328621 0.682695 -0.652637 0.921722 0.309198
female.bmp
  2 18.547225 0.747347 -0.383369 0.674821 0.729607 -0.110862 0.941292 0.287671
  2 18.974001 0.758017 0.138542 -0.359135 0.728206 0.583728 0.913894 0.264188
  2 18.924128 0.962831 -0.369064 -0.434185 0.898256 -0.067967 0.915851 0.289628
female.bmp
  2 18.547225 0.747347 -0.383369 0.674821 0.729607 -0.110862 0.941292 0.287671
  2 18.567226 0.567349 0.076632 0.625839 0.650065 0.430976 0.941292 0.258317
  2 18.974001 0.758017 0.138542 -0.359135 0.728206 0.583728 0.913894 0.264188
female.bmp
  1 12.962620 -1.295692 -0.317696 0.043162 -0.909326 -0.413839 0.068493 0.352250
  1 14.412271 -1.159893 -0.251582 0.080906 -0.912432 -0.401150 0.076321 0.232877
  1 13.084972 -1.345022 0.491993 0.060480 -0.947590 0.313711 0.025440 0.344423
female.bmp
  1 13.084972 -1.345022 0.491993 0.060480 -0.947590 0.313711 0.025440 0.344423
  1 14.412271 -1.159893 -0.251582 0.080906 -0.912432 -0.401150 0.076321 0.232877
  1 14.494185 -1.219425 0.378217 0.103966 -0.956016 0.274272 0.037182 0.228963
female.bmp
  1 14.412271 -1.159893 -0.251582 0.080906 -0.912432 -0.401150 0.076321 0.232877
  1 16.532087 -1.031409 -0.137248 0.062443 -0.968011 -0.243015 0.082192 0.113503
  1 14.494185 -1.219425 0.378217 0.103966 -0.956016 0.274272 0.037182 0.228963
female.bmp
  1 14.494185 -1.219425 0.378217 0.103966 -0.956016 0.274272 0.037182 0.228963
  1 16.532087 -1.031409 -0.137248 0.062443 -0.968011 -0.243015 0.082192 0.113503
  1 16.552858 -1.011254 0.182693 0.060480 -0.947590 0.313711 0.056751 0.111546
female.bmp
  1 14.339254 -0.730291 -0.741491 0.060180 -0.583088 -0.810177 0.119374 0.238748
  1 12.868792 -0.716190 -0.887585 0.042114 -0.488928 -0.871307 0.119374 0.358121
  1 14.297233 -0.350498 -0.931469 0.060160 -0.265199 -0.962315 0.146771 0.242661
female.bmp
  1 14.297233 -0.350498 -0.931469 0.060160 -0.265199 -0.962315 0.146771 0.242661
  1 12.868792 -0.716190 -0.887585 0.042114 -0.488928 -0.871307 0.119374 0.358121
  1 14.275000 0.169404 -0.991533 0.062498 0.223913 -0.972603 0.187867 0.242661
female.bmp
  1 12.868792 -0.716190 -0.887585 0.042114 -0.488928 -0.871307 0.119374 0.358121
  1 12.815296 0.033560 -1.077620 0.035926 0.093126 -0.995006 0.176125 0.360078
  1 14.275000 0.169404 -0.991533 0.062498 0.223913 -0.972603 0.187867 0.242661
female.bmp
  1 14.275000 0.169404 -0.991533 0.062498 0.223913 -0.972603 0.187867 0.242661
  1 12.815296 0.033560 -1.077620 0.035926 0.093126 -0.995006 0.176125 0.360078
  1 12.873167 0.813880 -0.707956 0.024564 0.781556 -0.623351 0.236791 0.360078
female.bmp
  31 -22.740613 2.403250 -0.680105 -0.153555 0.494674 -0.855406 0.547945 0.626223
  31 -22.721503 2.517252 -0.536793 0.144571 0.935938 -0.321121 0.565558 0.622309
  30 -22.084394 2.286556 -0.516680 0.347812 0.895158 -0.278781 0.571429 0.737769
female.bmp
  31 -22.740613 2.403250 -0.680105 -0.153555 0.494674 -0.855406 0.547945 0.626223
  31 -22.824570 2.515751 -0.528135 -0.476829 0.849692 -0.225073 0.553816 0.604697
  31 -22.721503 2.517252 -0.536793 0.144571 0.935938 -0.321121 0.565558 0.622309
female.bmp
  31 -22.740613 2.403250 -0.680105 -0.153555 0.494674 -0.855406 0.547945 0.626223
  31 -22.896686 2.445886 -0.497832 -0.911401 0.410349 -0.031000 0.532290 0.600783
  31 -22.824570 2.515751 -0.528135 -0.476829 0.849692 -0.225073 0.553816 0.604697
female.bmp
  31 -22.740613 2.403250 -0.680105 -0.153555 0.494674 -0.855406 0.547945 0.626223
  31 -22.826055 2.350468 -0.655333 -0.679312 0.109783 -0.725592 0.534247 0.618395
  31 -22.896686 2.445886 -0.497832 -0.911401 0.410349 -0.031000 0.532290 0.600783
female.bmp
  24 -22.414659 -0.122348 0.273364 -0.119363 -0.366144 0.922871 0.565558 0.551859
  24 -22.425892 0.057578 0.283390 -0.091066 0.309714 0.946459 0.540117 0.551859
  24 -23.565665 -0.002054 0.296064 -0.008073 0.256298 0.966564 0.542074 0.420744
female.bmp
  24 -22.414659 -0.122348 0.273364 -0.119363 -0.366144 0.922871 0.565558 0.551859
  23 -22.275981 0.047615 0.319504 -0.188158 0.275253 0.942779 0.540117 0.567515
  24 -22.425892 0.057578 0.283390 -0.091066 0.309714 0.946459 0.540117 0.551859
female.bmp
  24 -22.414659 -0.122348 0.273364 -0.119363 -0.366144 0.922871 0.565558 0.551859
  23 -22.283644 -0.120123 0.317208 -0.192787 -0.351530 0.916111 0.567515 0.565558
  23 -22.275981 0.047615 0.319504 -0.188158 0.275253 0.942779 0.540117 0.567515
female.bmp
  24 -22.414659 -0.122348 0.273364 -0.119363 -0.366144 0.922871 0.565558 0.551859
  24 -22.398011 -0.310061 0.129884 -0.005859 -0.958777 0.284100 0.590998 0.559687
  23 -22.283644 -0.120123 0.317208 -0.192787 -0.351530 0.916111 0.567515 0.565558
female.bmp
  27 -23.038851 -0.932581 0.094326 -0.248400 0.945234 -0.211732 0.504892 0.432485
  27 -22.069232 -0.757717 0.284751 -0.233977 0.842352 0.485487 0.518591 0.551859
  27 -22.085161 -0.705528 0.076370 -0.240664 0.933753 -0.264925 0.499022 0.557730
female.bmp
  27 -22.085161 -0.705528 0.076370 -0.240664 0.933753 -0.264925 0.499022 0.557730
  27 -22.069232 -0.757717 0.284751 -0.233977 0.842352 0.485487 0.518591 0.551859
  26 -21.961875 -0.723266 0.286669 -0.291553 0.822490 0.488372 0.516634 0.569472
female.bmp
  27 -22.069232 -0.757717 0.284751 -0.233977 0.842352 0.485487 0.518591 0.551859
  27 -22.048837 -0.891388 0.412877 -0.172306 0.308557 0.935469 0.540117 0.551859
  26 -21.961875 -0.723266 0.286669 -0.291553 0.822490 0.488372 0.516634 0.569472
female.bmp
  26 -21.961875 -0.723266 0.286669 -0.291553 0.822490 0.488372 0.516634 0.569472
  27 -22.048837 -0.891388 0.412877 -0.172306 0.308557 0.935469 0.540117 0.551859
  26 -21.900213 -0.864850 0.446518 -0.235393 0.301459 0.923966 0.540117 0.567515
female.bmp
  31 -22.836132 2.442434 -0.401285 -0.491696 -0.169062 -0.854198 0.544031 0.273973
  31 -22.831293 2.515128 -0.423472 -0.491696 -0.169062 -0.854198 0.530333 0.289628
  31 -22.754357 2.520621 -0.465314 -0.456244 -0.173114 -0.872853 0.518591 0.295499
female.bmp
  31 -22.836132 2.442434 -0.401285 -0.491696 -0.169062 -0.854198 0.544031 0.273973
  31 -22.876850 2.481097 -0.382650 -0.537592 -0.139832 -0.831530 0.544031 0.283757
  31 -22.831293 2.515128 -0.423472 -0.491696 -0.169062 -0.854198 0.530333 0.289628
female.bmp
  31 -22.836132 2.442434 -0.401285 -0.491696 -0.169062 -0.854198 0.544031 0.273973
  31 -22.881479 2.405472 -0.370021 -0.491696 -0.169062 -0.854198 0.557730 0.289628
  31 -22.876850 2.481097 -0.382650 -0.537592 -0.139832 -0.831530 0.544031 0.283757
female.bmp
  31 -22.836132 2.442434 -0.401285 -0.491696 -0.169062 -0.854198 0.544031 0.273973
  31 -22.832057 2.319791 -0.374045 -0.491696 -0.169062 -0.854198 0.571429 0.295499
  31 -22.881479 2.405472 -0.370021 -0.491696 -0.169062 -0.854198 0.557730 0.289628
female.bmp
  25 -24.467637 -0.029450 0.260615 -0.628983 -0.215474 -0.746962 0.544031 0.273973
  25 -24.488606 0.052700 0.257193 -0.652077 -0.240077 -0.719138 0.530333 0.289628
  25 -24.438743 0.096822 0.192641 -0.652077 -0.240077 -0.719138 0.518591 0.295499
female.bmp
  25 -24.467637 -0.029450 0.260615 -0.628983 -0.215474 -0.746962 0.544031 0.273973
  25 -24.517999 -0.018807 0.298699 -0.628983 -0.215474 -0.746962 0.544031 0.283757
  25 -24.488606 0.052700 0.257193 -0.652077 -0.240077 -0.719138 0.530333 0.289628
female.bmp
  25 -24.467637 -0.029450 0.260615 -0.628983 -0.215474 -0.746962 0.544031 0.273973
  25 -24.486742 -0.122840 0.298210 -0.598575 -0.203969 -0.774664 0.557730 0.289628
  25 -24.517999 -0.018807 0.298699 -0.628983 -0.215474 -0.746962 0.544031 0.283757
female.bmp
  25 -24.467637 -0.029450 0.260615 -0.628983 -0.215474 -0.746962 0.544031 0.273973
  25 -24.435790 -0.191059 0.276996 -0.598575 -0.203969 -0.774664 0.571429 0.295499
  25 -24.486742 -0.122840 0.298210 -0.598575 -0.203969 -0.774664 0.557730 0.289628
female.bmp
  28 -23.799431 -1.324350 0.268496 -0.339159 -0.354410 -0.871415 0.544031 0.273973
  28 -23.847005 -1.242936 0.258082 -0.339159 -0.354410 -0.871415 0.530333 0.287671
  28 -23.780863 -1.172495 0.218544 -0.299842 -0.322538 -0.897811 0.518591 0.295499
female.bmp
  28 -23.799431 -1.324350 0.268496 -0.339159 -0.354410 -0.871415 0.544031 0.273973
  28 -23.860137 -1.322796 0.298702 -0.382509 -0.353238 -0.853762 0.544031 0.283757
  28 -23.847005 -1.242936 0.258082 -0.339159 -0.354410 -0.871415 0.530333 0.287671
female.bmp
  28 -23.799431 -1.324350 0.268496 -0.339159 -0.354410 -0.871415 0.544031 0.273973
  28 -23.814584 -1.394497 0.307864 -0.279867 -0.372101 -0.884995 0.557730 0.289628
  28 -23.860137 -1.322796 0.298702 -0.382509 -0.353238 -0.853762 0.544031 0.283757
female.bmp
  28 -23.799431 -1.324350 0.268496 -0.339159 -0.354410 -0.871415 0.544031 0.273973
  28 -23.716386 -1.427616 0.291731 -0.229901 -0.382870 -0.894738 0.571429 0.295499
  28 -23.814584 -1.394497 0.307864 -0.279867 -0.372101 -0.884995 0.557730 0.289628
female.bmp
  22 -24.021278 1.308226 0.074998 -0.481977 -0.147480 -0.863682 0.544031 0.273973
  22 -24.029837 1.392663 0.060963 -0.481977 -0.147480 -0.863682 0.530333 0.289628
  22 -23.964480 1.436693 0.015249 -0.481977 -0.147480 -0.863682 0.518591 0.295499
female.bmp
  22 -24.021278 1.308226 0.074998 -0.481977 -0.147480 -0.863682 0.544031 0.273973
  22 -24.066411 1.338358 0.098557 -0.524287 -0.143974 -0.839282 0.544031 0.283757
  22 -24.029837 1.392663 0.060963 -0.481977 -0.147480 -0.863682 0.530333 0.289628
female.bmp
  22 -24.021278 1.308226 0.074998 -0.481977 -0.147480 -0.863682 0.544031 0.273973
  22 -24.055557 1.260388 0.100226 -0.414595 -0.163177 -0.895257 0.557730 0.289628
  22 -24.066411 1.338358 0.098557 -0.524287 -0.143974 -0.839282 0.544031 0.283757
female.bmp
  22 -24.021278 1.308226 0.074998 -0.481977 -0.147480 -0.863682 0.544031 0.273973
  22 -24.003720 1.178922 0.091499 -0.379156 -0.190675 -0.905474 0.571429 0.295499
  22 -24.055557 1.260388 0.100226 -0.414595 -0.163177 -0.895257 0.557730 0.289628
female.bmp
  26 -20.532596 -1.186964 -0.107346 -0.361782 -0.765233 -0.532477 0.774951 0.782779
  26 -20.885771 -1.110557 -0.142409 -0.039601 -0.733379 -0.678666 0.741683 0.782779
  19 -20.591744 -0.460720 -0.304642 -0.190777 -0.178488 -0.965270 0.755382 0.716243
female.bmp
  19 -20.591744 -0.460720 -0.304642 -0.190777 -0.178488 -0.965270 0.755382 0.716243
  26 -20.885771 -1.110557 -0.142409 -0.039601 -0.733379 -0.678666 0.741683 0.782779
  26 -21.077927 -0.776705 -0.197357 -0.241312 0.180568 -0.953501 0.718200 0.751468
female.bmp
  26 -20.885771 -1.110557 -0.142409 -0.039601 -0.733379 -0.678666 0.741683 0.782779
  26 -21.909022 -0.904133 -0.163546 -0.071240 0.237516 -0.968768 0.649706 0.776908
  26 -21.077927 -0.776705 -0.197357 -0.241312 0.180568 -0.953501 0.718200 0.751468
female.bmp
  26 -21.077927 -0.776705 -0.197357 -0.241312 0.180568 -0.953501 0.718200 0.751468
  26 -21.909022 -0.904133 -0.163546 -0.071240 0.237516 -0.968768 0.649706 0.776908
  26 -21.965280 -0.668491 0.078131 -0.259294 0.922621 -0.285546 0.634051 0.759295
female.bmp
  29 -21.439888 1.660709 -0.202365 -0.716961 0.053974 0.695021 0.641879 0.299413
  29 -21.473301 1.477219 -0.369143 -0.852073 -0.508534 0.123955 0.637965 0.287671
  29 -20.668150 1.121589 -0.055841 -0.746328 0.532551 0.399229 0.714286 0.258317
female.bmp
  29 -21.439888 1.660709 -0.202365 -0.716961 0.053974 0.695021 0.641879 0.299413
  29 -21.464153 1.515932 -0.379990 -0.986852 0.134013 -0.090353 0.634051 0.293542
  29 -21.473301 1.477219 -0.369143 -0.852073 -0.508534 0.123955 0.637965 0.287671
female.bmp
  29 -21.439888 1.660709 -0.202365 -0.716961 0.053974 0.695021 0.641879 0.299413
  29 -21.432714 1.689076 -0.251801 -0.941610 0.307843 0.136393 0.637965 0.307241
  29 -21.464153 1.515932 -0.379990 -0.986852 0.134013 -0.090353 0.634051 0.293542
female.bmp
  29 -21.439888 1.660709 -0.202365 -0.716961 0.053974 0.695021 0.641879 0.299413
  29 -21.357523 1.841525 -0.234324 -0.511115 0.533994 0.673507 0.645793 0.320939
  29 -21.432714 1.689076 -0.251801 -0.941610 0.307843 0.136393 0.637965 0.307241
female.bmp
  29 -20.462535 1.519639 -0.121249 0.043089 0.591718 0.804993 0.726027 0.295499
  29 -20.380351 1.726342 -0.263797 0.217261 0.838357 0.499955 0.731898 0.315068
  29 -21.251884 1.990798 -0.331577 -0.156344 0.914331 0.373571 0.653620 0.336595
female.bmp
  29 -20.462535 1.519639 -0.121249 0.043089 0.591718 0.804993 0.726027 0.295499
  19 -20.030509 1.617536 -0.244066 0.212169 0.860741 0.462719 0.763209 0.309198
  29 -20.380351 1.726342 -0.263797 0.217261 0.838357 0.499955 0.731898 0.315068
female.bmp
  29 -20.462535 1.519639 -0.121249 0.043089 0.591718 0.804993 0.726027 0.295499
  19 -20.183524 1.260995 0.106883 0.023860 0.639671 0.768278 0.753425 0.277886
  19 -20.030509 1.617536 -0.244066 0.212169 0.860741 0.462719 0.763209 0.309198
female.bmp
  29 -20.462535 1.519639 -0.121249 0.043089 0.591718 0.804993 0.726027 0.295499
  29 -20.570579 1.309952 0.044153 -0.245445 0.448437 0.859454 0.722114 0.270059
  19 -20.183524 1.260995 0.106883 0.023860 0.639671 0.768278 0.753425 0.277886
female.bmp
  19 -18.482732 0.001639 0.585972 0.132909 0.074102 0.988354 0.915851 0.181996
  19 -18.427811 0.501299 0.439948 0.230477 0.450115 0.862715 0.915851 0.230920
  19 -18.729982 0.560844 0.475262 0.115273 0.411461 0.904108 0.884540 0.232877
female.bmp
  19 -18.729982 0.560844 0.475262 0.115273 0.411461 0.904108 0.884540 0.232877
  19 -18.427811 0.501299 0.439948 0.230477 0.450115 0.862715 0.915851 0.230920
  19 -18.375843 0.909648 0.091307 0.359133 0.728205 0.583730 0.913894 0.264188
female.bmp
  19 -18.427811 0.501299 0.439948 0.230477 0.450115 0.862715 0.915851 0.230920
  19 -17.970535 0.719942 0.028721 -0.629586 0.650870 0.424251 0.941292 0.258317
  19 -18.375843 0.909648 0.091307 0.359133 0.728205 0.583730 0.913894 0.264188
female.bmp
  19 -18.375843 0.909648 0.091307 0.359133 0.728205 0.583730 0.913894 0.264188
  19 -17.970535 0.719942 0.028721 -0.629586 0.650870 0.424251 0.941292 0.258317
  19 -17.940534 0.898935 -0.431672 -0.672651 0.730477 -0.118080 0.941292 0.287671
female.bmp
  20 -21.909836 1.175131 0.148891 -0.331312 0.839106 0.431433 0.612524 0.254403
  20 -21.936430 1.153864 0.125643 -0.732529 0.653486 0.190674 0.608611 0.254403
  20 -21.945510 1.005751 0.271521 -0.482999 0.382684 0.787569 0.610568 0.240705
female.bmp
  20 -21.909836 1.175131 0.148891 -0.331312 0.839106 0.431433 0.612524 0.254403
  20 -21.905517 1.154853 -0.095589 -0.918700 0.365143 -0.150532 0.610568 0.268102
  20 -21.936430 1.153864 0.125643 -0.732529 0.653486 0.190674 0.608611 0.254403
female.bmp
  20 -21.909836 1.175131 0.148891 -0.331312 0.839106 0.431433 0.612524 0.254403
  20 -21.881451 1.205172 -0.121834 -0.469222 0.828408 -0.305894 0.616438 0.268102
  20 -21.905517 1.154853 -0.095589 -0.918700 0.365143 -0.150532 0.610568 0.268102
female.bmp
  20 -21.909836 1.175131 0.148891 -0.331312 0.839106 0.431433 0.612524 0.254403
  29 -20.668150 1.121589 -0.055841 -0.746328 0.532551 0.399229 0.714286 0.258317
  20 -21.881451 1.205172 -0.121834 -0.469222 0.828408 -0.305894 0.616438 0.268102
female.bmp
  19 -17.280533 -0.990513 -0.177539 0.913063 0.401059 0.073945 0.088063 0.935421
  19 -17.270534 -0.979923 0.092439 0.906408 0.407735 -0.110351 0.111546 0.935421
  19 -17.270533 -1.040535 -0.187429 0.827157 -0.537358 -0.164493 0.088063 0.939335
female.bmp
  19 -17.280533 -0.990513 -0.177539 0.913063 0.401059 0.073945 0.088063 0.935421
  19 -17.430534 -0.829989 0.062111 0.697195 0.685569 -0.209557 0.109589 0.925636
  19 -17.270534 -0.979923 0.092439 0.906408 0.407735 -0.110351 0.111546 0.935421
female.bmp
  19 -17.280533 -0.990513 -0.177539 0.913063 0.401059 0.073945 0.088063 0.935421
  19 -17.440533 -0.830470 -0.157889 0.699740 0.686612 0.197300 0.090020 0.925636
  19 -17.430534 -0.829989 0.062111 0.697195 0.685569 -0.209557 0.109589 0.925636
female.bmp
  19 -17.280533 -0.990513 -0.177539 0.913063 0.401059 0.073945 0.088063 0.935421
  19 -17.450533 -0.680973 -0.388216 0.701592 0.552285 0.450278 0.072407 0.909980
  19 -17.440533 -0.830470 -0.157889 0.699740 0.686612 0.197300 0.090020 0.925636
female.bmp
  18 -13.763194 1.048468 -0.054802 -0.103724 0.984906 0.138571 0.277886 0.246575
  18 -15.814195 0.774488 -0.467266 -0.078115 0.941419 -0.328068 0.248532 0.133072
  18 -15.881865 0.739807 -0.027246 -0.107328 0.936270 0.334484 0.281800 0.133072
female.bmp
  18 -13.763194 1.048468 -0.054802 -0.103724 0.984906 0.138571 0.277886 0.246575
  18 -13.715495 0.924280 -0.616320 -0.077684 0.832325 -0.548817 0.242661 0.246575
  18 -15.814195 0.774488 -0.467266 -0.078115 0.941419 -0.328068 0.248532 0.133072
female.bmp
  18 -13.763194 1.048468 -0.054802 -0.103724 0.984906 0.138571 0.277886 0.246575
  18 -12.342893 1.172539 0.099314 -0.055062 0.987344 0.148728 0.287671 0.360078
  18 -13.715495 0.924280 -0.616320 -0.077684 0.832325 -0.548817 0.242661 0.246575
female.bmp
  18 -13.763194 1.048468 -0.054802 -0.103724 0.984906 0.138571 0.277886 0.246575
  18 -12.397515 0.744918 0.835356 -0.090234 0.622654 0.777278 0.336595 0.360078
  18 -12.342893 1.172539 0.099314 -0.055062 0.987344 0.148728 0.287671 0.360078
female.bmp
  18 -13.816163 -1.009451 -0.295146 -0.080906 -0.912431 -0.401152 0.076321 0.232877
  18 -15.936120 -0.879038 -0.173183 -0.062442 -0.968010 -0.243019 0.082192 0.113503
  18 -15.907408 -0.767223 -0.342219 -0.046161 -0.821587 -0.568211 0.097847 0.115460
female.bmp
  18 -13.816163 -1.009451 -0.295146 -0.080906 -0.912431 -0.401152 0.076321 0.232877
  18 -13.902798 -1.066113 0.334762 -0.103967 -0.956016 0.274270 0.037182 0.228963
  18 -15.936120 -0.879038 -0.173183 -0.062442 -0.968010 -0.243019 0.082192 0.113503
female.bmp
  18 -13.816163 -1.009451 -0.295146 -0.080906 -0.912431 -0.401152 0.076321 0.232877
  18 -12.491711 -1.191667 0.446424 -0.060480 -0.947591 0.313710 0.025440 0.344423
  18 -13.902798 -1.066113 0.334762 -0.103967 -0.956016 0.274270 0.037182 0.228963
female.bmp
  18 -13.816163 -1.009451 -0.295146 -0.080906 -0.912431 -0.401152 0.076321 0.232877
  18 -12.365940 -1.143043 -0.363772 -0.043162 -0.909326 -0.413841 0.068493 0.352250
  18 -12.491711 -1.191667 0.446424 -0.060480 -0.947591 0.313710 0.025440 0.344423
female.bmp
  14 23.423881 2.092056 -0.404057 0.574646 -0.748601 0.330725 0.583170 0.317025
  13 22.845466 1.880565 -0.244960 0.253144 -0.382491 0.888605 0.565558 0.424658
  13 22.810274 1.769411 -0.360746 0.436926 -0.844251 0.310380 0.585127 0.434442
female.bmp
  13 22.810274 1.769411 -0.360746 0.436926 -0.844251 0.310380 0.585127 0.434442
  13 22.845466 1.880565 -0.244960 0.253144 -0.382491 0.888605 0.565558 0.424658
  12 22.099049 1.568070 -0.227189 0.220065 -0.197849 0.955210 0.565558 0.551859
female.bmp
  13 22.845466 1.880565 -0.244960 0.253144 -0.382491 0.888605 0.565558 0.424658
  12 22.052680 1.702017 -0.244741 -0.118390 0.281676 0.952178 0.540117 0.551859
  12 22.099049 1.568070 -0.227189 0.220065 -0.197849 0.955210 0.565558 0.551859
female.bmp
  13 22.674282 2.133900 -0.466360 -0.347811 0.895158 -0.278783 0.504892 0.432485
  12 21.932722 1.787909 -0.491587 -0.386356 0.808395 -0.444102 0.499022 0.557730
  12 21.968999 1.832681 -0.325516 -0.290776 0.851321 0.436694 0.518591 0.551859
female.bmp
  12 21.968999 1.832681 -0.325516 -0.290776 0.851321 0.436694 0.518591 0.551859
  12 21.932722 1.787909 -0.491587 -0.386356 0.808395 -0.444102 0.499022 0.557730
  12 21.888202 1.816546 -0.314957 -0.249355 0.884642 0.393993 0.516634 0.569472
female.bmp
  12 21.932722 1.787909 -0.491587 -0.386356 0.808395 -0.444102 0.499022 0.557730
  12 21.870850 1.753965 -0.496017 -0.407176 0.756546 -0.511709 0.499022 0.571429
  12 21.888202 1.816546 -0.314957 -0.249355 0.884642 0.393993 0.516634 0.569472
female.bmp
  8 24.590276 -0.345002 0.321670 -0.022355 -0.553869 0.832304 0.565558 0.363992
  8 24.564202 -0.152017 0.338315 -0.076191 -0.159511 0.984252 0.542074 0.367906
  7 24.163796 -0.157833 0.342798 0.008073 0.256301 0.966563 0.542074 0.420744
female.bmp
  7 24.163796 -0.157833 0.342798 0.008073 0.256301 0.966563 0.542074 0.420744
  8 24.564202 -0.152017 0.338315 -0.076191 -0.159511 0.984252 0.542074 0.367906
  8 24.564202 -0.152017 0.338315 -0.302379 0.634745 0.711102 0.542074 0.367906
female.bmp
  8 24.564202 -0.152017 0.338315 -0.076191 -0.159511 0.984252 0.542074 0.367906
  8 24.564202 -0.152017 0.338315 -0.592500 0.406051 0.695749 0.542074 0.367906
  8 24.564202 -0.152017 0.338315 -0.302379 0.634745 0.711102 0.542074 0.367906
female.bmp
  7 24.175977 0.023999 0.039501 0.059439 0.951111 -0.303076 0.504892 0.432485
  7 23.006351 0.071488 0.019021 0.030487 0.926628 -0.374742 0.499022 0.557730
  7 23.019299 0.045275 0.214841 0.114427 0.869971 0.479643 0.518591 0.551859
female.bmp
  7 23.019299 0.045275 0.214841 0.114427 0.869971 0.479643 0.518591 0.551859
  7 23.006351 0.071488 0.019021 0.030487 0.926628 -0.374742 0.499022 0.557730
  6 22.881950 0.058264 0.249382 0.191774 0.833176 0.518691 0.516634 0.569472
female.bmp
  7 23.006351 0.071488 0.019021 0.030487 0.926628 -0.374742 0.499022 0.557730
  6 22.905529 0.081241 0.044892 0.082831 0.932502 -0.351539 0.499022 0.571429
  6 22.881950 0.058264 0.249382 0.191774 0.833176 0.518691 0.516634 0.569472
female.bmp
  5 24.548766 0.931859 0.056328 0.364737 -0.872389 0.325429 0.583170 0.317025
  4 23.763467 0.857390 0.201605 0.139416 -0.487333 0.862015 0.565558 0.424658
  4 23.775499 0.736655 0.039190 0.208823 -0.945268 0.250721 0.585127 0.434442
female.bmp
  4 23.775499 0.736655 0.039190 0.208823 -0.945268 0.250721 0.585127 0.434442
  4 23.763467 0.857390 0.201605 0.139416 -0.487333 0.862015 0.565558 0.424658
  3 22.695075 0.668578 0.254014 0.313403 -0.364099 0.877046 0.565558 0.551859
female.bmp
  4 23.763467 0.857390 0.201605 0.139416 -0.487333 0.862015 0.565558 0.424658
  3 22.671606 0.868636 0.259112 0.052680 0.378894 0.923939 0.540117 0.551859
  3 22.695075 0.668578 0.254014 0.313403 -0.364099 0.877046 0.565558 0.551859
female.bmp
  17 20.728969 -3.153913 -0.645690 0.856521 0.065952 -0.511880 0.504892 0.958904
  17 20.758465 -3.712763 -0.604263 0.904701 -0.092644 -0.415851 0.520548 0.904110
  17 20.609959 -3.696368 -0.750474 0.362035 -0.131474 -0.922846 0.544031 0.906067
female.bmp
  17 20.609959 -3.696368 -0.750474 0.362035 -0.131474 -0.922846 0.544031 0.906067
  17 20.758465 -3.712763 -0.604263 0.904701 -0.092644 -0.415851 0.520548 0.904110
  17 20.552602 -4.183305 -0.666797 0.054080 -0.591324 -0.804619 0.567515 0.876712
female.bmp
  17 20.758465 -3.712763 -0.604263 0.904701 -0.092644 -0.415851 0.520548 0.904110
  17 20.694362 -4.244865 -0.516750 0.600984 -0.764135 -0.234342 0.544031 0.870841
  17 20.552602 -4.183305 -0.666797 0.054080 -0.591324 -0.804619 0.567515 0.876712
female.bmp
  11 24.439979 -1.472190 0.221108 0.985721 -0.164187 -0.037367 0.532290 0.600783
  11 24.268689 -1.398256 -0.040986 0.490045 0.386395 -0.781380 0.547945 0.626223
  11 24.421071 -1.369619 0.187618 0.901791 0.386175 -0.194014 0.553816 0.604697
female.bmp
  11 24.421071 -1.369619 0.187618 0.901791 0.386175 -0.194014 0.553816 0.604697
  11 24.268689 -1.398256 -0.040986 0.490045 0.386395 -0.781380 0.547945 0.626223
  11 24.333269 -1.302320 0.168599 0.457828 0.859388 -0.227697 0.565558 0.622309
female.bmp
  11 24.268689 -1.398256 -0.040986 0.490045 0.386395 -0.781380 0.547945 0.626223
  10 23.636246 -1.081463 0.136485 0.248400 0.945234 -0.211733 0.571429 0.737769
  11 24.333269 -1.302320 0.168599 0.457828 0.859388 -0.227697 0.565558 0.622309
female.bmp
  5 24.679319 1.142621 0.029210 0.981989 0.186358 0.031128 0.532290 0.600783
  5 24.530719 1.153449 -0.196401 0.389620 0.491265 -0.779009 0.547945 0.626223
  5 24.607835 1.253216 -0.004830 0.686151 0.702342 -0.189510 0.553816 0.604697
female.bmp
  5 24.607835 1.253216 -0.004830 0.686151 0.702342 -0.189510 0.553816 0.604697
  5 24.530719 1.153449 -0.196401 0.389620 0.491265 -0.779009 0.547945 0.626223
  5 24.496430 1.278392 -0.035736 0.061079 0.952401 -0.298666 0.565558 0.622309
female.bmp
  5 24.530719 1.153449 -0.196401 0.389620 0.491265 -0.779009 0.547945 0.626223
  4 23.659480 1.163165 -0.088202 -0.123608 0.924386 -0.360875 0.571429 0.737769
  5 24.496430 1.278392 -0.035736 0.061079 0.952401 -0.298666 0.565558 0.622309
female.bmp
  17 20.694362 -4.244865 -0.516750 0.600984 -0.764135 -0.234342 0.647750 0.859100
  17 20.758465 -3.712763 -0.604263 0.904701 -0.092644 -0.415851 0.681018 0.894325
  17 20.737645 -4.131380 -0.329807 0.805886 -0.412480 0.424745 0.636008 0.878669
female.bmp
  17 20.737645 -4.131380 -0.329807 0.805886 -0.412480 0.424745 0.636008 0.878669
  17 20.758465 -3.712763 -0.604263 0.904701 -0.092644 -0.415851 0.681018 0.894325
  17 20.766617 -3.654922 -0.404294 0.981327 0.004686 0.192288 0.659491 0.908023
female.bmp
  17 20.758465 -3.712763 -0.604263 0.904701 -0.092644 -0.415851 0.681018 0.894325
  17 20.728969 -3.153913 -0.645690 0.856521 0.065952 -0.511880 0.700587 0.951076
  17 20.766617 -3.654922 -0.404294 0.981327 0.004686 0.192288 0.659491 0.908023
female.bmp
  8 24.988283 -0.396191 0.030688 0.467816 -0.806180 -0.362246 0.514677 0.626223
  8 24.217259 -0.417301 -0.091284 -0.025662 -0.785407 -0.618448 0.516634 0.731898
  8 24.718888 -0.326256 -0.174825 0.202195 -0.282552 -0.937700 0.530333 0.643836
female.bmp
  8 24.718888 -0.326256 -0.174825 0.202195 -0.282552 -0.937700 0.530333 0.643836
  8 24.217259 -0.417301 -0.091284 -0.025662 -0.785407 -0.618448 0.516634 0.731898
  8 24.231998 -0.168047 -0.164460 0.023288 0.318071 -0.947781 0.547945 0.726027
female.bmp
  8 24.217259 -0.417301 -0.091284 -0.025662 -0.785407 -0.618448 0.516634 0.731898
  7 24.041575 -0.182355 -0.175334 0.005284 0.208308 -0.978049 0.547945 0.747554
  8 24.231998 -0.168047 -0.164460 0.023288 0.318071 -0.947781 0.547945 0.726027
female.bmp
  2 20.781376 1.106531 0.144532 -0.023860 0.639672 0.768278 0.753425 0.277886
  12 21.057103 1.365383 -0.081023 -0.043089 0.591719 0.804992 0.726027 0.295499
  2 20.618672 1.466086 -0.196566 -0.212170 0.860742 0.462718 0.763209 0.309198
female.bmp
  2 20.618672 1.466086 -0.196566 -0.212170 0.860742 0.462718 0.763209 0.309198
  12 21.057103 1.365383 -0.081023 -0.043089 0.591719 0.804992 0.726027 0.295499
  12 20.983828 1.576565 -0.224316 -0.217261 0.838358 0.499954 0.731898 0.315068
female.bmp
  12 21.057103 1.365383 -0.081023 -0.043089 0.591719 0.804992 0.726027 0.295499
  12 21.855360 1.841020 -0.292101 0.156349 0.914331 0.373568 0.653620 0.336595
  12 20.983828 1.576565 -0.224316 -0.217261 0.838358 0.499954 0.731898 0.315068
female.bmp
  9 22.568079 -0.823160 0.123579 0.259303 0.922618 -0.285548 0.612524 0.090020
  9 21.462284 -0.477746 0.378939 0.640595 -0.061768 0.765391 0.716243 0.129159
  9 22.564671 -0.877934 0.332117 0.291560 0.822489 0.488370 0.614481 0.080235
female.bmp
  9 22.564671 -0.877934 0.332117 0.291560 0.822489 0.488370 0.614481 0.080235
  9 21.462284 -0.477746 0.378939 0.640595 -0.061768 0.765391 0.716243 0.129159
  9 21.283726 -0.541955 0.550968 0.357476 0.202051 0.911804 0.729941 0.129159
female.bmp
  9 21.462284 -0.477746 0.378939 0.640595 -0.061768 0.765391 0.716243 0.129159
  6 21.442118 -0.247020 0.572313 0.247162 -0.212033 0.945491 0.716243 0.142857
  9 21.283726 -0.541955 0.550968 0.357476 0.202051 0.911804 0.729941 0.129159
female.bmp
  2 17.877224 0.217346 -0.863366 -0.138103 0.156128 -0.978035 0.722114 0.477495
  2 18.237224 -0.412653 -0.763365 -0.776142 -0.139268 -0.614987 0.814090 0.426614
  2 17.897224 -0.332654 -0.843365 -0.150573 -0.635257 -0.757480 0.798434 0.477495
female.bmp
  2 17.897224 -0.332654 -0.843365 -0.150573 -0.635257 -0.757480 0.798434 0.477495
  2 18.237224 -0.412653 -0.763365 -0.776142 -0.139268 -0.614987 0.814090 0.426614
  2 17.857224 -0.322654 -0.833365 -0.763192 -0.546232 -0.345208 0.804305 0.479452
female.bmp
  2 18.237224 -0.412653 -0.763365 -0.776142 -0.139268 -0.614987 0.814090 0.426614
  2 17.867224 -0.312653 -0.783365 -0.700677 -0.495526 0.513328 0.810176 0.475538
  2 17.857224 -0.322654 -0.833365 -0.763192 -0.546232 -0.345208 0.804305 0.479452
female.bmp
  2 18.537224 -0.422654 -0.833366 -0.059205 -0.406835 -0.911581 0.749511 0.974560
  2 18.227224 -0.432654 -0.793365 -0.059205 -0.406835 -0.911581 0.755382 0.925636
  2 18.467224 0.047346 -1.033367 -0.059205 -0.406835 -0.911581 0.819961 0.972603
female.bmp
  2 18.467224 0.047346 -1.033367 -0.059205 -0.406835 -0.911581 0.819961 0.972603
  2 18.227224 -0.432654 -0.793365 -0.059205 -0.406835 -0.911581 0.755382 0.925636
  2 18.287224 0.107346 -1.053367 -0.094113 -0.405672 -0.909161 0.829746 0.954990
female.bmp
  2 18.227224 -0.432654 -0.793365 -0.059205 -0.406835 -0.911581 0.755382 0.925636
  2 18.157224 0.017346 -0.993366 -0.169115 -0.394686 -0.903119 0.823875 0.931507
  2 18.287224 0.107346 -1.053367 -0.094113 -0.405672 -0.909161 0.829746 0.954990
female.bmp
  2 18.367224 -0.392654 -0.863366 0.000001 0.824273 -0.566193 0.524462 0.172211
  2 18.407224 -0.402654 -0.883366 0.000001 0.824273 -0.566193 0.545988 0.183953
  2 18.337224 -0.402654 -0.883365 0.000001 0.824273 -0.566193 0.502935 0.183953
female.bmp
  2 18.337224 -0.402654 -0.883365 0.000001 0.824273 -0.566193 0.502935 0.183953
  2 18.407224 -0.402654 -0.883366 0.000001 0.824273 -0.566193 0.545988 0.183953
  2 18.367224 -0.422654 -0.923365 0.000001 0.824273 -0.566193 0.524462 0.221135
female.bmp
  2 18.407224 -0.402654 -0.883366 0.000001 0.824273 -0.566193 0.545988 0.183953
  2 18.407224 -0.412654 -0.903366 0.000001 0.824273 -0.566193 0.545988 0.209393
  2 18.367224 -0.422654 -0.923365 0.000001 0.824273 -0.566193 0.524462 0.221135
female.bmp
  2 17.847224 0.587347 -0.713367 -0.188412 0.652659 -0.733851 0.154599 0.974560
  2 17.877224 0.217346 -0.863366 -0.138103 0.156128 -0.978035 0.176125 0.935421
  2 17.837224 0.217346 -0.843366 -0.830754 0.043092 -0.554969 0.172211 0.931507
female.bmp
  2 17.837224 0.217346 -0.843366 -0.830754 0.043092 -0.554969 0.172211 0.931507
  2 17.877224 0.217346 -0.863366 -0.138103 0.156128 -0.978035 0.176125 0.935421
  2 17.857224 -0.322654 -0.833365 -0.763192 -0.546232 -0.345208 0.185910 0.878669
female.bmp
  2 17.877224 0.217346 -0.863366 -0.138103 0.156128 -0.978035 0.176125 0.935421
  2 17.897224 -0.332654 -0.843365 -0.150573 -0.635257 -0.757480 0.189824 0.878669
  2 17.857224 -0.322654 -0.833365 -0.763192 -0.546232 -0.345208 0.185910 0.878669
female.bmp
  2 18.237225 -1.012653 -0.443364 -0.674398 -0.570117 -0.469206 0.898239 0.420744
  2 18.237224 -0.752653 -0.663364 -0.708035 -0.369130 -0.602021 0.857143 0.422701
  2 18.537224 -1.032653 -0.493364 0.524559 -0.639650 -0.561860 0.900196 0.377691
female.bmp
  2 18.537224 -1.032653 -0.493364 0.524559 -0.639650 -0.561860 0.900196 0.377691
  2 18.237224 -0.752653 -0.663364 -0.708035 -0.369130 -0.602021 0.857143 0.422701
  2 18.534103 -0.749475 -0.705648 0.544966 -0.438028 -0.714943 0.857143 0.377691
female.bmp
  2 18.237224 -0.752653 -0.663364 -0.708035 -0.369130 -0.602021 0.857143 0.422701
  2 18.227224 -0.432654 -0.793365 -0.722180 -0.167930 -0.671010 0.818004 0.422701
  2 18.534103 -0.749475 -0.705648 0.544966 -0.438028 -0.714943 0.857143 0.377691
female.bmp
  2 18.017225 0.567348 -0.373367 0.072484 0.993546 -0.087251 0.240705 0.031311
  1 16.476051 0.588416 0.022520 0.107327 0.936270 0.334483 0.281800 0.133072
  2 18.067226 0.447348 -0.023367 0.100844 0.878257 0.467435 0.285714 0.031311
female.bmp
  2 18.067226 0.447348 -0.023367 0.100844 0.878257 0.467435 0.285714 0.031311
  1 16.476051 0.588416 0.022520 0.107327 0.936270 0.334483 0.281800 0.133072
  1 16.478391 0.288520 0.452586 0.127592 0.635140 0.761786 0.326810 0.131115
female.bmp
  1 16.476051 0.588416 0.022520 0.107327 0.936270 0.334483 0.281800 0.133072
  1 14.408308 0.480323 0.718046 0.127592 0.635140 0.761786 0.332681 0.244618
  1 16.478391 0.288520 0.452586 0.127592 0.635140 0.761786 0.326810 0.131115
female.bmp
  1 9.100792 0.710087 0.337617 -0.163170 0.979359 0.119295 0.289628 0.598826
  1 5.930774 -0.029912 1.087541 -0.097870 0.677093 0.729360 0.342466 0.727984
  1 9.240775 0.330088 1.057621 -0.124607 0.608635 0.783605 0.342466 0.592955
female.bmp
  1 9.240775 0.330088 1.057621 -0.124607 0.608635 0.783605 0.342466 0.592955
  1 5.930774 -0.029912 1.087541 -0.097870 0.677093 0.729360 0.342466 0.727984
  1 9.370770 -0.389912 1.277625 0.026739 0.092071 0.995393 0.381605 0.592955
female.bmp
  1 5.930774 -0.029912 1.087541 -0.097870 0.677093 0.729360 0.342466 0.727984
  1 6.030767 -0.859912 1.397545 -0.011774 0.111701 0.993672 0.381605 0.727984
  1 9.370770 -0.389912 1.277625 0.026739 0.092071 0.995393 0.381605 0.592955
female.bmp
  1 9.920797 0.910087 0.167637 -0.093184 0.995539 -0.014804 0.279843 0.565558
  1 9.960771 0.430088 1.217638 -0.018539 0.509602 0.860211 0.340509 0.565558
  1 9.964875 1.042505 0.289726 0.019470 0.992204 0.123096 0.281800 0.536204
female.bmp
  1 9.964875 1.042505 0.289726 0.019470 0.992204 0.123096 0.281800 0.536204
  1 9.960771 0.430088 1.217638 -0.018539 0.509602 0.860211 0.340509 0.565558
  1 9.968372 0.652680 1.019811 0.090233 0.622655 0.777276 0.336595 0.536204
female.bmp
  1 9.960771 0.430088 1.217638 -0.018539 0.509602 0.860211 0.340509 0.565558
  1 10.050770 -0.279912 1.247641 0.020629 0.038128 0.999060 0.381605 0.565558
  1 9.968372 0.652680 1.019811 0.090233 0.622655 0.777276 0.336595 0.536204
female.bmp
  30 -22.084394 2.286556 -0.516680 0.347812 0.895158 -0.278781 0.504892 0.432485
  29 -21.370412 1.992910 -0.377909 0.290776 0.851320 0.436696 0.518591 0.551859
  29 -21.338156 1.942167 -0.531807 0.386357 0.808396 -0.444099 0.499022 0.557730
female.bmp
  29 -21.338156 1.942167 -0.531807 0.386357 0.808396 -0.444099 0.499022 0.557730
  29 -21.370412 1.992910 -0.377909 0.290776 0.851320 0.436696 0.518591 0.551859
  29 -21.294129 1.968217 -0.364825 0.249356 0.884641 0.393995 0.516634 0.569472
female.bmp
  29 -21.370412 1.992910 -0.377909 0.290776 0.851320 0.436696 0.518591 0.551859
  29 -21.378422 1.813370 -0.287901 0.118390 0.281674 0.952178 0.540117 0.567515
  29 -21.294129 1.968217 -0.364825 0.249356 0.884641 0.393995 0.516634 0.569472
female.bmp
  27 -23.038851 -0.932581 0.094326 -0.248400 0.945234 -0.211732 0.571429 0.737769
  28 -23.671591 -1.250548 -0.084222 -0.490047 0.386395 -0.781378 0.547945 0.626223
  28 -23.728396 -1.142898 0.123827 -0.457826 0.859389 -0.227697 0.565558 0.622309
female.bmp
  28 -23.728396 -1.142898 0.123827 -0.457826 0.859389 -0.227697 0.565558 0.622309
  28 -23.671591 -1.250548 -0.084222 -0.490047 0.386395 -0.781378 0.547945 0.626223
  28 -23.814177 -1.219909 0.144099 -0.901792 0.386171 -0.194020 0.553816 0.604697
female.bmp
  28 -23.671591 -1.250548 -0.084222 -0.490047 0.386395 -0.781378 0.547945 0.626223
  28 -23.842878 -1.324482 0.177874 -0.985721 -0.164189 -0.037375 0.532290 0.600783
  28 -23.814177 -1.219909 0.144099 -0.901792 0.386171 -0.194020 0.553816 0.604697
female.bmp
  21 -23.070120 1.322027 -0.119165 0.123612 0.924387 -0.360873 0.571429 0.737769
  22 -23.942443 1.311164 -0.240401 -0.389614 0.491272 -0.779008 0.547945 0.626223
  22 -23.898436 1.433603 -0.079243 -0.061080 0.952402 -0.298662 0.565558 0.622309
female.bmp
  22 -23.898436 1.433603 -0.079243 -0.061080 0.952402 -0.298662 0.565558 0.622309
  22 -23.942443 1.311164 -0.240401 -0.389614 0.491272 -0.779008 0.547945 0.626223
  22 -24.010094 1.405691 -0.057951 -0.686153 0.702340 -0.189508 0.553816 0.604697
female.bmp
  22 -23.942443 1.311164 -0.240401 -0.389614 0.491272 -0.779008 0.547945 0.626223
  22 -24.081414 1.297942 -0.014321 -0.981988 0.186360 0.031129 0.532290 0.600783
  22 -24.010094 1.405691 -0.057951 -0.686153 0.702340 -0.189508 0.553816 0.604697
female.bmp
  22 -23.950989 1.087105 0.012828 -0.364736 -0.872390 0.325429 0.583170 0.317025
  21 -23.176736 0.893106 0.008739 -0.208825 -0.945269 0.250718 0.585127 0.434442
  21 -23.174759 1.010709 0.151448 -0.139418 -0.487335 0.862013 0.565558 0.424658
female.bmp
  21 -23.174759 1.010709 0.151448 -0.139418 -0.487335 0.862013 0.565558 0.424658
  21 -23.176736 0.893106 0.008739 -0.208825 -0.945269 0.250718 0.585127 0.434442
  20 -22.098987 0.823983 0.209032 -0.313399 -0.364104 0.877046 0.565558 0.551859
female.bmp
  21 -23.176736 0.893106 0.008739 -0.208825 -0.945269 0.250718 0.585127 0.434442
  21 -22.122172 0.659023 0.043383 -0.337800 -0.910879 0.237047 0.590998 0.559687
  20 -22.098987 0.823983 0.209032 -0.313399 -0.364104 0.877046 0.565558 0.551859
female.bmp
  34 -20.123037 -2.997082 -0.643067 -0.857109 0.060432 -0.511578 0.700587 0.951076
  34 -20.151770 -3.546355 -0.602166 -0.904683 -0.097839 -0.414700 0.681018 0.894325
  34 -20.172182 -3.499627 -0.402166 -0.981198 0.002361 0.192990 0.659491 0.908023
female.bmp
  34 -20.172182 -3.499627 -0.402166 -0.981198 0.002361 0.192990 0.659491 0.908023
  34 -20.151770 -3.546355 -0.602166 -0.904683 -0.097839 -0.414700 0.681018 0.894325
  34 -20.124374 -3.973907 -0.317475 -0.804178 -0.413008 0.427460 0.636008 0.878669
female.bmp
  34 -20.151770 -3.546355 -0.602166 -0.904683 -0.097839 -0.414700 0.681018 0.894325
  34 -20.090084 -4.079732 -0.506750 -0.598568 -0.767354 -0.229965 0.647750 0.859100
  34 -20.124374 -3.973907 -0.317475 -0.804178 -0.413008 0.427460 0.636008 0.878669
female.bmp
  34 -19.513661 -3.036339 -0.519702 0.939573 -0.313529 -0.137486 0.577299 0.980431
  34 -19.685389 -3.494772 -0.567119 0.942186 -0.291518 -0.165234 0.581213 0.925636
  34 -19.600577 -2.952789 -0.730094 0.607817 -0.191096 -0.770741 0.549902 0.982387
female.bmp
  34 -19.600577 -2.952789 -0.730094 0.607817 -0.191096 -0.770741 0.549902 0.982387
  34 -19.685389 -3.494772 -0.567119 0.942186 -0.291518 -0.165234 0.581213 0.925636
  34 -19.775047 -3.459974 -0.734900 0.479425 -0.196237 -0.855361 0.553816 0.921722
female.bmp
  34 -19.685389 -3.494772 -0.567119 0.942186 -0.291518 -0.165234 0.581213 0.925636
  34 -19.802596 -4.020941 -0.564146 0.745221 -0.591090 -0.308640 0.581213 0.880626
  34 -19.775047 -3.459974 -0.734900 0.479425 -0.196237 -0.855361 0.553816 0.921722
female.bmp
  30 -22.178264 1.914437 -0.638811 -0.417089 -0.697525 -0.582663 0.514677 0.753425
  29 -21.444532 1.575967 -0.656234 -0.457914 -0.601972 -0.654175 0.518591 0.831703
  29 -21.522004 1.555848 -0.387733 -0.482901 -0.819515 0.308549 0.500978 0.827789
female.bmp
  29 -21.522004 1.555848 -0.387733 -0.482901 -0.819515 0.308549 0.500978 0.827789
  29 -21.444532 1.575967 -0.656234 -0.457914 -0.601972 -0.654175 0.518591 0.831703
  29 -21.464153 1.515932 -0.379990 -0.536936 -0.800873 0.265145 0.497065 0.841487
female.bmp
  29 -21.444532 1.575967 -0.656234 -0.457914 -0.601972 -0.654175 0.518591 0.831703
  29 -21.392556 1.541329 -0.680704 -0.519490 -0.441105 -0.731818 0.514677 0.843444
  29 -21.464153 1.515932 -0.379990 -0.536936 -0.800873 0.265145 0.497065 0.841487
female.bmp
  24 -23.438633 -0.241707 -0.138135 0.019514 -0.743379 -0.668585 0.514677 0.753425
  24 -22.417688 -0.240688 -0.129732 0.019514 -0.743379 -0.668585 0.518591 0.831703
  24 -22.398011 -0.310061 0.129884 -0.005859 -0.958777 0.284100 0.500978 0.827789
female.bmp
  24 -22.398011 -0.310061 0.129884 -0.005859 -0.958777 0.284100 0.500978 0.827789
  24 -22.417688 -0.240688 -0.129732 0.019514 -0.743379 -0.668585 0.518591 0.831703
  23 -22.303752 -0.307601 0.143578 -0.040629 -0.962348 0.268766 0.497065 0.841487
female.bmp
  24 -22.417688 -0.240688 -0.129732 0.019514 -0.743379 -0.668585 0.518591 0.831703
  23 -22.259166 -0.231373 -0.129921 -0.046891 -0.716453 -0.696058 0.514677 0.843444
  23 -22.303752 -0.307601 0.143578 -0.040629 -0.962348 0.268766 0.497065 0.841487
female.bmp
  30 -22.088529 2.101816 -0.714553 0.044461 0.230647 -0.972021 0.547945 0.747554
  30 -22.275684 1.968526 -0.629661 -0.368669 -0.748257 -0.551539 0.516634 0.731898
  30 -22.199380 2.151778 -0.703798 0.118299 0.252559 -0.960323 0.547945 0.726027
female.bmp
  30 -22.199380 2.151778 -0.703798 0.118299 0.252559 -0.960323 0.547945 0.726027
  30 -22.275684 1.968526 -0.629661 -0.368669 -0.748257 -0.551539 0.516634 0.731898
  31 -22.551302 2.171680 -0.730472 -0.198915 -0.322764 -0.925341 0.530333 0.643836
female.bmp
  30 -22.275684 1.968526 -0.629661 -0.368669 -0.748257 -0.551539 0.516634 0.731898
  31 -22.817886 2.242245 -0.611502 -0.705896 -0.580666 -0.405633 0.514677 0.626223
  31 -22.551302 2.171680 -0.730472 -0.198915 -0.322764 -0.925341 0.530333 0.643836
female.bmp
  24 -23.443136 -0.023869 -0.212474 -0.005283 0.208311 -0.978048 0.547945 0.747554
  25 -23.622409 -0.260999 -0.132417 0.025663 -0.785407 -0.618448 0.516634 0.731898
  25 -23.634875 -0.014433 -0.215181 -0.023289 0.318072 -0.947781 0.547945 0.726027
female.bmp
  25 -23.634875 -0.014433 -0.215181 -0.023289 0.318072 -0.947781 0.547945 0.726027
  25 -23.622409 -0.260999 -0.132417 0.025663 -0.785407 -0.618448 0.516634 0.731898
  25 -24.122995 -0.168723 -0.226750 -0.202195 -0.282550 -0.937701 0.530333 0.643836
female.bmp
  25 -23.622409 -0.260999 -0.132417 0.025663 -0.785407 -0.618448 0.516634 0.731898
  25 -24.393432 -0.243309 -0.009492 -0.467816 -0.806179 -0.362249 0.514677 0.626223
  25 -24.122995 -0.168723 -0.226750 -0.202195 -0.282550 -0.937701 0.530333 0.643836
female.bmp
  25 -23.968055 -0.005410 0.289605 0.829928 -0.023646 0.557369 0.542074 0.367906
  25 -23.968055 -0.005410 0.289605 0.016940 -0.510156 0.859915 0.542074 0.367906
  25 -23.968055 -0.005410 0.289605 0.032350 0.828283 0.559375 0.542074 0.367906
female.bmp
  25 -23.968055 -0.005410 0.289605 0.032350 0.828283 0.559375 0.542074 0.367906
  25 -23.968055 -0.005410 0.289605 0.016940 -0.510156 0.859915 0.542074 0.367906
  24 -23.565665 -0.002054 0.296064 -0.008073 0.256298 0.966564 0.542074 0.420744
female.bmp
  25 -23.968055 -0.005410 0.289605 0.016940 -0.510156 0.859915 0.542074 0.367906
  25 -23.995738 -0.188581 0.270051 0.022355 -0.553872 0.832302 0.565558 0.363992
  24 -23.565665 -0.002054 0.296064 -0.008073 0.256298 0.966564 0.542074 0.420744
female.bmp
  34 -20.090084 -4.079732 -0.506750 -0.598568 -0.767354 -0.229965 0.544031 0.870841
  34 -20.151770 -3.546355 -0.602166 -0.904683 -0.097839 -0.414700 0.520548 0.904110
  34 -19.943224 -4.025306 -0.657979 -0.052659 -0.595635 -0.801527 0.567515 0.876712
female.bmp
  34 -19.943224 -4.025306 -0.657979 -0.052659 -0.595635 -0.801527 0.567515 0.876712
  34 -20.151770 -3.546355 -0.602166 -0.904683 -0.097839 -0.414700 0.520548 0.904110
  34 -20.007253 -3.535806 -0.740382 -0.362255 -0.137444 -0.921890 0.544031 0.906067
female.bmp
  34 -20.151770 -3.546355 -0.602166 -0.904683 -0.097839 -0.414700 0.520548 0.904110
  34 -20.123037 -2.997082 -0.643067 -0.857109 0.060432 -0.511578 0.504892 0.958904
  34 -20.007253 -3.535806 -0.740382 -0.362255 -0.137444 -0.921890 0.544031 0.906067
female.bmp
  22 -23.898436 1.433603 -0.079243 -0.061080 0.952402 -0.298662 0.504892 0.313112
  22 -24.010094 1.405691 -0.057951 -0.686153 0.702340 -0.189508 0.522505 0.272016
  22 -23.964480 1.436693 0.015249 -0.202685 0.888511 0.411663 0.518591 0.295499
female.bmp
  22 -23.964480 1.436693 0.015249 -0.202685 0.888511 0.411663 0.518591 0.295499
  22 -24.010094 1.405691 -0.057951 -0.686153 0.702340 -0.189508 0.522505 0.272016
  22 -24.021278 1.308226 0.074998 -0.840996 0.272045 0.467673 0.544031 0.273973
female.bmp
  22 -24.010094 1.405691 -0.057951 -0.686153 0.702340 -0.189508 0.522505 0.272016
  22 -24.081414 1.297942 -0.014321 -0.981988 0.186360 0.031129 0.544031 0.266145
  22 -24.021278 1.308226 0.074998 -0.840996 0.272045 0.467673 0.544031 0.273973
female.bmp
  23 -22.313773 0.232051 -0.006003 -0.082829 0.932503 -0.351537 0.499022 0.571429
  24 -22.407910 0.230013 -0.018177 -0.030485 0.926629 -0.374740 0.499022 0.557730
  23 -22.290201 0.209693 0.198556 -0.191775 0.833175 0.518693 0.516634 0.569472
female.bmp
  23 -22.290201 0.209693 0.198556 -0.191775 0.833175 0.518693 0.516634 0.569472
  24 -22.407910 0.230013 -0.018177 -0.030485 0.926629 -0.374740 0.499022 0.557730
  24 -22.421168 0.201023 0.168059 -0.114428 0.869970 0.479644 0.518591 0.551859
female.bmp
  24 -22.407910 0.230013 -0.018177 -0.030485 0.926629 -0.374740 0.499022 0.557730
  24 -23.577846 0.179713 -0.007272 -0.059439 0.951111 -0.303075 0.504892 0.432485
  24 -22.421168 0.201023 0.168059 -0.114428 0.869970 0.479644 0.518591 0.551859
female.bmp
  19 -20.224593 0.818393 0.445138 -0.104177 0.438611 0.892619 0.757339 0.232877
  20 -20.803786 0.555590 0.276264 -0.310105 0.090421 0.946392 0.710372 0.201566
  19 -20.209888 0.270970 0.638818 -0.102987 0.205351 0.973255 0.765166 0.183953
female.bmp
  19 -20.209888 0.270970 0.638818 -0.102987 0.205351 0.973255 0.765166 0.183953
  20 -20.803786 0.555590 0.276264 -0.310105 0.090421 0.946392 0.710372 0.201566
  23 -20.858921 0.355727 0.388853 -0.300962 0.634655 0.711783 0.708415 0.187867
female.bmp
  20 -20.803786 0.555590 0.276264 -0.310105 0.090421 0.946392 0.710372 0.201566
  20 -20.900234 0.430835 0.203919 -0.667931 0.322064 0.670926 0.698630 0.195695
  23 -20.858921 0.355727 0.388853 -0.300962 0.634655 0.711783 0.708415 0.187867
female.bmp
  33 -19.331309 -2.114324 -0.826647 0.397970 -0.241954 -0.884917 0.403131 0.935421
  33 -19.491802 -2.630046 -0.798861 0.537601 -0.186238 -0.822375 0.446184 0.937378
  33 -19.755430 -1.947488 -0.856427 -0.333711 0.051526 -0.941266 0.399217 0.890411
female.bmp
  33 -19.755430 -1.947488 -0.856427 -0.333711 0.051526 -0.941266 0.399217 0.890411
  33 -19.491802 -2.630046 -0.798861 0.537601 -0.186238 -0.822375 0.446184 0.937378
  33 -19.864900 -2.463524 -0.838464 -0.270745 0.057600 -0.960926 0.444227 0.898239
female.bmp
  33 -19.491802 -2.630046 -0.798861 0.537601 -0.186238 -0.822375 0.446184 0.937378
  33 -19.998374 -2.817190 -0.828216 -0.451495 -0.463669 -0.762340 0.477495 0.898239
  33 -19.864900 -2.463524 -0.838464 -0.270745 0.057600 -0.960926 0.444227 0.898239
female.bmp
  29 -20.375295 1.464268 -0.826106 0.031866 0.316439 -0.948078 0.737769 0.536204
  29 -21.245913 1.748616 -0.785243 -0.364930 0.377687 -0.850987 0.651663 0.520548
  29 -21.214428 1.958076 -0.573499 -0.209273 0.867759 -0.450775 0.657534 0.487280
female.bmp
  29 -21.214428 1.958076 -0.573499 -0.209273 0.867759 -0.450775 0.657534 0.487280
  29 -21.245913 1.748616 -0.785243 -0.364930 0.377687 -0.850987 0.651663 0.520548
  29 -21.276777 1.905636 -0.545885 -0.736144 0.563070 -0.375560 0.651663 0.487280
female.bmp
  29 -21.245913 1.748616 -0.785243 -0.364930 0.377687 -0.850987 0.651663 0.520548
  29 -21.274808 1.744833 -0.730921 -0.819817 0.389201 -0.420028 0.647750 0.518591
  29 -21.276777 1.905636 -0.545885 -0.736144 0.563070 -0.375560 0.651663 0.487280
female.bmp
  19 -18.375843 0.909648 0.091307 0.359133 0.728205 0.583730 0.913894 0.264188
  19 -17.940534 0.898935 -0.431672 -0.672651 0.730477 -0.118080 0.941292 0.287671
  19 -18.325970 1.114463 -0.416299 0.434182 0.898258 -0.067965 0.915851 0.289628
female.bmp
  19 -18.325970 1.114463 -0.416299 0.434182 0.898258 -0.067965 0.915851 0.289628
  19 -17.940534 0.898935 -0.431672 -0.672651 0.730477 -0.118080 0.941292 0.287671
  19 -18.333022 0.907661 -0.762252 0.328619 0.682697 -0.652636 0.921722 0.309198
female.bmp
  19 -17.940534 0.898935 -0.431672 -0.672651 0.730477 -0.118080 0.941292 0.287671
  19 -17.940533 0.718324 -0.711277 -0.608256 0.525202 -0.595136 0.943249 0.301370
  19 -18.333022 0.907661 -0.762252 0.328619 0.682697 -0.652636 0.921722 0.309198
female.bmp
  33 -19.872176 -2.854993 -0.772134 -0.366695 -0.888224 0.276756 0.483366 0.937378
  34 -19.563992 -3.000112 -0.767804 0.193366 -0.816525 -0.543964 0.479452 0.939335
  34 -19.600577 -2.952789 -0.730094 -0.548452 -0.771266 0.323032 0.483366 0.951076
female.bmp
  34 -19.600577 -2.952789 -0.730094 -0.548452 -0.771266 0.323032 0.483366 0.951076
  34 -19.563992 -3.000112 -0.767804 0.193366 -0.816525 -0.543964 0.479452 0.939335
  34 -19.513661 -3.036339 -0.519702 0.866231 -0.495525 -0.064026 0.481409 0.953033
female.bmp
  34 -19.563992 -3.000112 -0.767804 0.193366 -0.816525 -0.543964 0.479452 0.939335
  33 -19.353396 -2.643277 -0.496919 0.906518 -0.403576 -0.123903 0.442270 0.958904
  34 -19.513661 -3.036339 -0.519702 0.866231 -0.495525 -0.064026 0.481409 0.953033
female.bmp
  19 -17.630532 -0.281958 -0.839090 0.729116 -0.168862 -0.663231 0.818004 0.422701
  19 -17.630532 -0.601651 -0.698391 0.713972 -0.370044 -0.594400 0.857143 0.422701
  19 -17.930532 -0.601761 -0.748391 -0.537840 -0.437327 -0.720745 0.857143 0.377691
female.bmp
  19 -17.930532 -0.601761 -0.748391 -0.537840 -0.437327 -0.720745 0.857143 0.377691
  19 -17.630532 -0.601651 -0.698391 0.713972 -0.370044 -0.594400 0.857143 0.422701
  19 -17.930532 -0.881301 -0.537779 -0.519336 -0.638975 -0.567451 0.900196 0.377691
female.bmp
  19 -17.630532 -0.601651 -0.698391 0.713972 -0.370044 -0.594400 0.857143 0.422701
  19 -17.640533 -0.861191 -0.487823 0.678640 -0.570997 -0.461963 0.898239 0.420744
  19 -17.930532 -0.881301 -0.537779 -0.519336 -0.638975 -0.567451 0.900196 0.377691
female.bmp
  19 -17.550532 0.177625 -1.030095 0.178277 -0.394907 -0.901258 0.823875 0.931507
  19 -17.630532 -0.281958 -0.839090 0.068443 -0.406915 -0.910898 0.755382 0.925636
  19 -17.680532 0.267472 -1.100292 0.103327 -0.405796 -0.908104 0.829746 0.954990
female.bmp
  19 -17.680532 0.267472 -1.100292 0.103327 -0.405796 -0.908104 0.829746 0.954990
  19 -17.630532 -0.281958 -0.839090 0.068443 -0.406915 -0.910898 0.755382 0.925636
  19 -17.870532 0.207516 -1.080161 0.068443 -0.406915 -0.910898 0.819961 0.972603
female.bmp
  19 -17.630532 -0.281958 -0.839090 0.068443 -0.406915 -0.910898 0.755382 0.925636
  19 -17.930532 -0.272046 -0.879112 0.068443 -0.406915 -0.910898 0.749511 0.974560
  19 -17.870532 0.207516 -1.080161 0.068443 -0.406915 -0.910898 0.819961 0.972603
female.bmp
  19 -17.260532 -0.161936 -0.829352 0.694503 -0.496429 0.520792 0.810176 0.475538
  19 -17.630532 -0.251871 -0.799156 0.782512 -0.140269 -0.606630 0.814090 0.426614
  19 -17.250532 -0.172024 -0.869330 0.766136 -0.547221 -0.337023 0.804305 0.479452
female.bmp
  19 -17.250532 -0.172024 -0.869330 0.766136 -0.547221 -0.337023 0.804305 0.479452
  19 -17.630532 -0.251871 -0.799156 0.782512 -0.140269 -0.606630 0.814090 0.426614
  19 -17.290532 -0.172046 -0.879330 0.157861 -0.635455 -0.755828 0.798434 0.477495
female.bmp
  19 -17.630532 -0.251871 -0.799156 0.782512 -0.140269 -0.606630 0.814090 0.426614
  19 -17.270533 0.377909 -0.900532 0.148777 0.155946 -0.976497 0.722114 0.477495
  19 -17.290532 -0.172046 -0.879330 0.157861 -0.635455 -0.755828 0.798434 0.477495
female.bmp
  19 -17.770532 -0.232111 -0.909199 0.007130 0.824270 -0.566152 0.524462 0.172211
  19 -17.730532 -0.242133 -0.919177 0.007130 0.824270 -0.566152 0.502935 0.183953
  19 -17.800532 -0.242133 -0.919178 0.007130 0.824270 -0.566152 0.545988 0.183953
female.bmp
  19 -17.800532 -0.242133 -0.919178 0.007130 0.824270 -0.566152 0.545988 0.183953
  19 -17.730532 -0.242133 -0.919177 0.007130 0.824270 -0.566152 0.502935 0.183953
  19 -17.760532 -0.272221 -0.959112 0.007130 0.824270 -0.566152 0.524462 0.221135
female.bmp
  19 -17.730532 -0.242133 -0.919177 0.007130 0.824270 -0.566152 0.502935 0.183953
  19 -17.730532 -0.262199 -0.949134 0.007130 0.824270 -0.566152 0.502935 0.209393
  19 -17.760532 -0.272221 -0.959112 0.007130 0.824270 -0.566152 0.524462 0.221135
female.bmp
  19 -17.630533 0.718236 -0.751277 0.684133 0.464675 -0.562174 0.682975 0.422701
  19 -17.630533 0.377931 -0.890533 0.772353 0.087110 -0.629192 0.724070 0.424658
  19 -17.630533 0.738171 -0.781320 0.560618 0.531140 -0.635293 0.681018 0.418787
female.bmp
  19 -17.630533 0.738171 -0.781320 0.560618 0.531140 -0.635293 0.681018 0.418787
  19 -17.630533 0.377931 -0.890533 0.772353 0.087110 -0.629192 0.724070 0.424658
  19 -17.630533 0.387822 -0.940555 0.649713 0.110564 -0.752097 0.726027 0.418787
female.bmp
  19 -17.630533 0.377931 -0.890533 0.772353 0.087110 -0.629192 0.724070 0.424658
  19 -17.630532 -0.281958 -0.839090 0.729116 -0.168862 -0.663231 0.818004 0.422701
  19 -17.630533 0.387822 -0.940555 0.649713 0.110564 -0.752097 0.726027 0.418787
female.bmp
  18 -12.215064 0.195225 -1.121185 -0.035925 0.093128 -0.995006 0.176125 0.360078
  18 -12.281057 -0.567012 -0.928469 -0.042113 -0.488926 -0.871308 0.119374 0.358121
  18 -13.675146 0.318578 -1.032610 -0.062498 0.223915 -0.972603 0.187867 0.242661
female.bmp
  18 -13.675146 0.318578 -1.032610 -0.062498 0.223915 -0.972603 0.187867 0.242661
  18 -12.281057 -0.567012 -0.928469 -0.042113 -0.488926 -0.871308 0.119374 0.358121
  18 -13.692741 -0.202172 -0.967729 -0.060160 -0.265197 -0.962316 0.146771 0.242661
female.bmp
  18 -12.281057 -0.567012 -0.928469 -0.042113 -0.488926 -0.871308 0.119374 0.358121
  18 -13.740324 -0.574252 -0.781202 -0.060172 -0.583085 -0.810179 0.119374 0.238748
  18 -13.692741 -0.202172 -0.967729 -0.060160 -0.265197 -0.962316 0.146771 0.242661
female.bmp
  18 -9.454404 -0.113921 1.246098 -0.020650 0.038126 0.999060 0.381605 0.565558
  18 -9.364403 0.596079 1.216098 0.018517 0.509599 0.860213 0.340509 0.565558
  18 -9.377021 0.805491 0.970797 -0.090234 0.622654 0.777278 0.336595 0.536204
female.bmp
  18 -9.377021 0.805491 0.970797 -0.090234 0.622654 0.777278 0.336595 0.536204
  18 -9.364403 0.596079 1.216098 0.018517 0.509599 0.860213 0.340509 0.565558
  18 -9.372189 1.192815 0.244603 -0.019470 0.992204 0.123095 0.281800 0.536204
female.bmp
  18 -9.364403 0.596079 1.216098 0.018517 0.509599 0.860213 0.340509 0.565558
  18 -9.314405 1.076079 0.176098 0.093185 0.995539 -0.014801 0.279843 0.565558
  18 -9.372189 1.192815 0.244603 -0.019470 0.992204 0.123095 0.281800 0.536204
female.bmp
  18 -8.974405 -1.503921 0.616098 -0.199118 -0.882138 0.426831 0.009785 0.589041
  18 -9.524405 -1.363921 0.606098 -0.130777 -0.890895 0.434975 0.009785 0.563601
  18 -9.534405 -1.433921 -0.173902 -0.137158 -0.968446 -0.208087 0.054795 0.559687
female.bmp
  18 -9.534405 -1.433921 -0.173902 -0.137158 -0.968446 -0.208087 0.054795 0.559687
  18 -9.524405 -1.363921 0.606098 -0.130777 -0.890895 0.434975 0.009785 0.563601
  18 -9.384763 -1.242720 -0.219737 -0.062442 -0.968010 -0.243019 0.060665 0.536204
female.bmp
  18 -9.524405 -1.363921 0.606098 -0.130777 -0.890895 0.434975 0.009785 0.563601
  18 -9.421092 -1.200589 0.550916 -0.023471 -0.916416 0.399539 0.017613 0.536204
  18 -9.384763 -1.242720 -0.219737 -0.062442 -0.968010 -0.243019 0.060665 0.536204
female.bmp
  8 25.122537 -0.218992 0.217172 0.988619 -0.022745 0.148714 0.544031 0.266145
  8 25.063551 -0.182887 0.300941 0.857025 0.136528 0.496858 0.544031 0.273973
  8 25.069904 -0.355123 0.247140 0.787139 -0.576510 0.219201 0.571429 0.277886
female.bmp
  8 25.069904 -0.355123 0.247140 0.787139 -0.576510 0.219201 0.571429 0.277886
  8 25.063551 -0.182887 0.300941 0.857025 0.136528 0.496858 0.544031 0.273973
  8 25.030185 -0.353827 0.320083 0.330107 -0.553569 0.764585 0.571429 0.295499
female.bmp
  11 24.396507 -1.470774 0.321648 0.900428 -0.193051 0.389822 0.544031 0.273973
  11 24.323256 -1.576041 0.345168 0.214270 -0.615129 0.758752 0.571429 0.295499
  11 24.362660 -1.595600 0.257049 0.633970 -0.767143 0.097848 0.571429 0.277886
female.bmp
  11 24.362660 -1.595600 0.257049 0.633970 -0.767143 0.097848 0.571429 0.277886
  11 24.323256 -1.576041 0.345168 0.214270 -0.615129 0.758752 0.571429 0.295499
  11 24.242802 -1.631861 0.261435 0.043360 -0.965527 0.256665 0.583170 0.317025
female.bmp
  11 23.937215 -1.514839 0.356422 -0.079293 -0.602530 0.794147 0.565558 0.363992
  10 23.594124 -1.250993 0.430569 0.127164 0.288645 0.948954 0.542074 0.420744
  10 23.569479 -1.425779 0.392588 -0.043819 -0.499855 0.865000 0.565558 0.424658
female.bmp
  10 23.569479 -1.425779 0.392588 -0.043819 -0.499855 0.865000 0.565558 0.424658
  10 23.594124 -1.250993 0.430569 0.127164 0.288645 0.948954 0.542074 0.420744
  10 22.597982 -1.227917 0.438908 0.010383 -0.492629 0.870177 0.565558 0.551859
female.bmp
  3 22.512241 0.999539 -0.060211 -0.125085 0.925585 -0.357275 0.573386 0.837573
  3 22.573390 0.814974 -0.264408 -0.124130 0.217939 -0.968036 0.547945 0.831703
  3 22.483290 0.803235 -0.257763 -0.213074 0.232201 -0.949043 0.547945 0.841487
female.bmp
  3 22.483290 0.803235 -0.257763 -0.213074 0.232201 -0.949043 0.547945 0.841487
  3 22.573390 0.814974 -0.264408 -0.124130 0.217939 -0.968036 0.547945 0.831703
  3 22.561477 0.515804 -0.171911 0.710286 -0.378894 -0.593239 0.514677 0.843444
female.bmp
  5 24.618940 1.155738 0.128116 0.840997 0.272046 0.467670 0.544031 0.273973
  5 24.607835 1.253216 -0.004830 0.686151 0.702342 -0.189510 0.522505 0.272016
  5 24.562461 1.281439 0.058767 0.202684 0.888512 0.411662 0.518591 0.295499
female.bmp
  5 24.562461 1.281439 0.058767 0.202684 0.888512 0.411662 0.518591 0.295499
  5 24.607835 1.253216 -0.004830 0.686151 0.702342 -0.189510 0.522505 0.272016
  5 24.496430 1.278392 -0.035736 0.061079 0.952401 -0.298666 0.504892 0.313112
female.bmp
  16 20.749895 -2.981097 -0.531800 0.984796 0.046059 -0.167495 0.694716 0.984344
  16 20.741868 -2.973197 -0.337962 0.933078 -0.105529 0.343846 0.675147 0.982387
  17 20.733960 -3.188986 -0.398213 0.968242 0.010446 0.249795 0.681018 0.964775
female.bmp
  17 20.733960 -3.188986 -0.398213 0.968242 0.010446 0.249795 0.681018 0.964775
  16 20.741868 -2.973197 -0.337962 0.933078 -0.105529 0.343846 0.675147 0.982387
  17 20.563847 -3.070413 -0.135531 0.792870 -0.171026 0.584899 0.651663 0.982387
female.bmp
  17 20.303952 -3.145482 -0.120724 -0.292077 -0.298717 0.908548 0.536204 0.129159
  17 20.563847 -3.070413 -0.135531 0.191947 -0.911342 -0.364160 0.514677 0.135029
  17 20.586531 -3.077998 -0.106758 0.480680 -0.709286 0.515615 0.516634 0.129159
female.bmp
  17 20.586531 -3.077998 -0.106758 0.480680 -0.709286 0.515615 0.516634 0.129159
  17 20.563847 -3.070413 -0.135531 0.191947 -0.911342 -0.364160 0.514677 0.135029
  16 20.741868 -2.973197 -0.337962 0.933911 -0.061166 0.352234 0.497065 0.121331
female.bmp
  16 19.612591 -2.329324 -0.403223 -0.820360 -0.565483 -0.085080 0.598826 0.064579
  16 19.756457 -2.281906 -0.085018 -0.600104 -0.538282 0.591716 0.581213 0.058708
  15 19.244014 -1.813601 -0.285433 -0.848774 -0.524172 -0.069474 0.616438 0.033268
female.bmp
  15 19.244014 -1.813601 -0.285433 -0.848774 -0.524172 -0.069474 0.616438 0.033268
  16 19.756457 -2.281906 -0.085018 -0.600104 -0.538282 0.591716 0.581213 0.058708
  15 19.471941 -1.809183 0.105885 -0.533652 -0.563985 0.630188 0.596869 0.023483
female.bmp
  6 22.895542 -0.461678 0.183236 0.040627 -0.962348 0.268768 0.614481 0.741683
  9 21.462284 -0.477746 0.378939 0.640595 -0.061768 0.765391 0.700587 0.727984
  6 21.811346 -0.458225 -0.195192 0.247730 -0.728195 -0.639031 0.698630 0.714286
female.bmp
  6 21.811346 -0.458225 -0.195192 0.247730 -0.728195 -0.639031 0.698630 0.714286
  9 21.462284 -0.477746 0.378939 0.640595 -0.061768 0.765391 0.700587 0.727984
  9 21.612180 -0.670225 -0.153492 0.778234 -0.224901 -0.586320 0.718200 0.727984
female.bmp
  3 21.571485 0.727782 -0.474368 0.321885 0.327822 -0.888213 0.696673 0.604697
  3 21.832475 0.453406 -0.294642 0.353349 -0.640205 -0.682116 0.686888 0.628180
  2 21.207532 0.031622 -0.406703 0.209563 -0.236601 -0.948738 0.741683 0.659491
female.bmp
  2 21.207532 0.031622 -0.406703 0.209563 -0.236601 -0.948738 0.741683 0.659491
  3 21.832475 0.453406 -0.294642 0.353349 -0.640205 -0.682116 0.686888 0.628180
  6 21.671203 0.147748 -0.270409 0.850970 0.048610 -0.522959 0.698630 0.657534
female.bmp
  16 20.774728 -2.957856 -0.559061 0.889140 -0.405094 -0.212905 0.479452 0.882583
  16 20.615923 -2.547536 -0.713395 0.701430 0.154712 -0.695745 0.442270 0.886497
  16 20.727225 -2.548322 -0.553986 0.953826 0.121450 -0.274712 0.442270 0.872798
female.bmp
  16 20.727225 -2.548322 -0.553986 0.953826 0.121450 -0.274712 0.442270 0.872798
  16 20.615923 -2.547536 -0.713395 0.701430 0.154712 -0.695745 0.442270 0.886497
  16 20.656193 -1.935583 -0.536499 0.856337 0.022854 -0.515911 0.395303 0.874755
female.bmp
  15 19.471941 -1.809183 0.105885 -0.533652 -0.563985 0.630188 0.921722 0.031311
  15 19.874537 -1.742465 0.321676 -0.130212 -0.393289 0.910147 0.894325 0.035225
  15 19.690401 -1.314601 0.468051 -0.095310 -0.396250 0.913182 0.902153 0.062622
female.bmp
  15 19.690401 -1.314601 0.468051 -0.095310 -0.396250 0.913182 0.902153 0.062622
  15 19.874537 -1.742465 0.321676 -0.130212 -0.393289 0.910147 0.894325 0.035225
  15 20.354196 -1.503669 0.339098 0.360602 -0.221629 0.906006 0.847358 0.046967
female.bmp
  2 17.887225 -1.022653 -0.453363 -0.855454 -0.438171 -0.276053 0.064579 0.923679
  2 17.897225 -0.982653 -0.433363 -0.913130 0.319856 0.252756 0.064579 0.919765
  2 17.877224 -0.792653 -0.653364 -0.988104 -0.108123 -0.109362 0.048924 0.904110
female.bmp
  2 17.877224 -0.792653 -0.653364 -0.988104 -0.108123 -0.109362 0.048924 0.904110
  2 17.897225 -0.982653 -0.433363 -0.913130 0.319856 0.252756 0.064579 0.919765
  2 17.877224 -0.762653 -0.623364 -0.872110 0.253537 0.418501 0.050881 0.902153
female.bmp
  2 18.027226 -0.982651 0.106637 -0.694027 0.686464 -0.217010 0.109589 0.925636
  2 18.037225 -0.992652 -0.113363 -0.700928 0.687516 0.189791 0.090020 0.925636
  2 17.877225 -1.142652 -0.143363 -0.913284 0.402238 0.064161 0.088063 0.935421
female.bmp
  2 17.877225 -1.142652 -0.143363 -0.913284 0.402238 0.064161 0.088063 0.935421
  2 18.037225 -0.992652 -0.113363 -0.700928 0.687516 0.189791 0.090020 0.925636
  2 18.047225 -0.832652 -0.343364 -0.705661 0.553197 0.442737 0.072407 0.909980
female.bmp
  2 17.857224 -0.512653 -0.783364 -0.760601 0.390136 -0.518922 0.818004 0.479452
  2 17.867224 -0.492653 -0.743364 -0.729847 0.658778 0.182576 0.812133 0.475538
  2 17.897224 -0.512653 -0.793364 -0.146630 0.320258 -0.935914 0.821918 0.475538
female.bmp
  2 17.897224 -0.512653 -0.793364 -0.146630 0.320258 -0.935914 0.821918 0.475538
  2 17.867224 -0.492653 -0.743364 -0.729847 0.658778 0.182576 0.812133 0.475538
  2 18.147224 -0.352653 -0.633365 -0.792083 0.081793 0.604909 0.812133 0.448141
female.bmp
  2 18.237225 0.787347 -0.423368 -0.563049 0.816838 -0.125504 0.641879 0.416830
  2 18.547225 0.817347 -0.403369 0.587060 0.801742 -0.112118 0.634051 0.371820
  2 18.547224 0.597347 -0.703368 0.662179 0.503161 -0.555291 0.673190 0.373777
female.bmp
  2 18.547224 0.597347 -0.703368 0.662179 0.503161 -0.555291 0.673190 0.373777
  2 18.547225 0.817347 -0.403369 0.587060 0.801742 -0.112118 0.634051 0.371820
  2 18.547225 0.747347 -0.383369 0.674821 0.729607 -0.110862 0.634051 0.363992
female.bmp
  31 -22.836132 2.442434 -0.401285 -0.705624 0.490898 0.510993 0.544031 0.273973
  31 -22.897545 2.320547 -0.448950 -0.934550 -0.251779 0.251442 0.571429 0.277886
  31 -22.832057 2.319791 -0.374045 -0.469547 -0.286677 0.835070 0.571429 0.295499
female.bmp
  31 -22.832057 2.319791 -0.374045 -0.469547 -0.286677 0.835070 0.571429 0.295499
  31 -22.897545 2.320547 -0.448950 -0.934550 -0.251779 0.251442 0.571429 0.277886
  31 -22.821463 2.246390 -0.445460 -0.574647 -0.748600 0.330725 0.583170 0.317025
female.bmp
  28 -23.799431 -1.324350 0.268496 -0.900433 -0.193052 0.389810 0.544031 0.273973
  28 -23.767580 -1.438179 0.212562 -0.633975 -0.767139 0.097843 0.571429 0.277886
  28 -23.716386 -1.427616 0.291731 -0.214271 -0.615130 0.758751 0.571429 0.295499
female.bmp
  28 -23.716386 -1.427616 0.291731 -0.214271 -0.615130 0.758751 0.571429 0.295499
  28 -23.767580 -1.438179 0.212562 -0.633975 -0.767139 0.097843 0.571429 0.277886
  28 -23.647748 -1.475724 0.207029 -0.043361 -0.965528 0.256663 0.583170 0.317025
female.bmp
  28 -23.342135 -1.357418 0.311931 0.079293 -0.602534 0.794145 0.565558 0.363992
  27 -22.962289 -1.274890 0.350183 0.043818 -0.499857 0.864999 0.565558 0.424658
  27 -22.998737 -1.093673 0.377239 -0.127165 0.288643 0.948954 0.542074 0.420744
female.bmp
  27 -22.998737 -1.093673 0.377239 -0.127165 0.288643 0.948954 0.542074 0.420744
  27 -22.962289 -1.274890 0.350183 0.043818 -0.499857 0.864999 0.565558 0.424658
  27 -22.002608 -1.069322 0.395493 -0.010386 -0.492631 0.870176 0.565558 0.551859
female.bmp
  34 -20.124374 -3.973907 -0.317475 -0.804178 -0.413008 0.427460 0.636008 0.878669
  34 -20.090084 -4.079732 -0.506750 -0.598568 -0.767354 -0.229965 0.602740 0.853229
  34 -19.904802 -4.102517 -0.396517 0.008929 -0.995480 0.094555 0.602740 0.864971
female.bmp
  34 -19.904802 -4.102517 -0.396517 0.008929 -0.995480 0.094555 0.602740 0.864971
  34 -20.090084 -4.079732 -0.506750 -0.598568 -0.767354 -0.229965 0.602740 0.853229
  34 -19.943224 -4.025306 -0.657979 -0.052659 -0.595635 -0.801527 0.567515 0.876712
female.bmp
  33 -20.146267 -2.824756 -0.527267 -0.985067 0.041881 -0.166999 0.694716 0.984344
  34 -20.135924 -3.034817 -0.396065 -0.968091 0.008463 0.250454 0.681018 0.964775
  33 -20.138314 -2.812534 -0.333650 -0.932467 -0.106907 0.345074 0.675147 0.982387
female.bmp
  33 -20.138314 -2.812534 -0.333650 -0.932467 -0.106907 0.345074 0.675147 0.982387
  34 -20.135924 -3.034817 -0.396065 -0.968091 0.008463 0.250454 0.681018 0.964775
  34 -19.963191 -2.910435 -0.129996 -0.791867 -0.170689 0.586355 0.651663 0.982387
female.bmp
  33 -20.138201 -1.805921 -0.263430 -0.982894 -0.056427 0.175316 0.487280 0.045010
  33 -20.056363 -1.776997 -0.531508 -0.856782 0.017303 -0.515388 0.463796 0.050881
  33 -20.117964 -2.377087 -0.292766 -0.960298 0.031711 0.277168 0.495108 0.088063
female.bmp
  33 -20.117964 -2.377087 -0.292766 -0.960298 0.031711 0.277168 0.495108 0.088063
  33 -20.056363 -1.776997 -0.531508 -0.856782 0.017303 -0.515388 0.463796 0.050881
  33 -20.127829 -2.390632 -0.547166 -0.954429 0.116812 -0.274628 0.475538 0.088063
female.bmp
  26 -20.690722 -0.389312 0.505636 -0.357476 0.202052 0.911804 0.729941 0.129159
  26 -20.859488 -0.323078 0.333498 -0.640593 -0.061767 0.765392 0.716243 0.129159
  26 -21.961875 -0.723266 0.286669 -0.291553 0.822490 0.488372 0.614481 0.080235
female.bmp
  26 -21.961875 -0.723266 0.286669 -0.291553 0.822490 0.488372 0.614481 0.080235
  26 -20.859488 -0.323078 0.333498 -0.640593 -0.061767 0.765392 0.716243 0.129159
  26 -21.965280 -0.668491 0.078131 -0.259294 0.922621 -0.285546 0.612524 0.090020
female.bmp
  20 -20.975251 0.882499 -0.519179 -0.321882 0.327825 -0.888213 0.696673 0.604697
  19 -20.609470 0.192840 -0.456778 -0.209562 -0.236599 -0.948738 0.741683 0.659491
  20 -21.236429 0.608283 -0.339482 -0.353348 -0.640204 -0.682117 0.686888 0.628180
female.bmp
  20 -21.236429 0.608283 -0.339482 -0.353348 -0.640204 -0.682117 0.686888 0.628180
  19 -20.609470 0.192840 -0.456778 -0.209562 -0.236599 -0.948738 0.741683 0.659491
  23 -21.079319 0.300270 -0.311896 -0.850967 0.048609 -0.522965 0.698630 0.657534
female.bmp
  33 -20.182744 -2.801885 -0.554586 -0.887918 -0.409187 -0.210161 0.479452 0.882583
  33 -20.127829 -2.390632 -0.547166 -0.954429 0.116812 -0.274628 0.442270 0.872798
  33 -20.019744 -2.393401 -0.708442 -0.702449 0.148759 -0.696015 0.442270 0.886497
female.bmp
  33 -20.019744 -2.393401 -0.708442 -0.702449 0.148759 -0.696015 0.442270 0.886497
  33 -20.127829 -2.390632 -0.547166 -0.954429 0.116812 -0.274628 0.442270 0.872798
  33 -20.056363 -1.776997 -0.531508 -0.856782 0.017303 -0.515388 0.395303 0.874755
female.bmp
  23 -22.243876 0.018142 -0.204138 -0.097654 0.219535 -0.970705 0.614481 0.696673
  23 -22.313773 0.232051 -0.006003 -0.082829 0.932503 -0.351537 0.600783 0.675147
  23 -21.206834 0.062992 -0.365178 -0.245593 0.225016 -0.942896 0.690802 0.681018
female.bmp
  23 -21.206834 0.062992 -0.365178 -0.245593 0.225016 -0.942896 0.690802 0.681018
  23 -22.313773 0.232051 -0.006003 -0.082829 0.932503 -0.351537 0.600783 0.675147
  20 -20.900234 0.430835 0.203919 -0.667931 0.322064 0.670926 0.682975 0.653620
female.bmp
  20 -22.024700 0.565607 0.098021 -0.664500 -0.713805 0.221184 0.608611 0.203523
  20 -21.984080 0.788531 0.303581 -0.501739 -0.187046 0.844554 0.608611 0.221135
  20 -22.029573 0.623836 0.071836 -0.855221 -0.508210 0.101582 0.602740 0.203523
female.bmp
  20 -22.029573 0.623836 0.071836 -0.855221 -0.508210 0.101582 0.602740 0.203523
  20 -21.984080 0.788531 0.303581 -0.501739 -0.187046 0.844554 0.608611 0.221135
  20 -22.001310 0.801680 0.259647 -0.873063 -0.028352 0.486782 0.604697 0.223092
female.bmp
  32 -20.180113 -1.324731 -0.296846 -0.788097 -0.615515 -0.006743 0.475538 0.021526
  33 -19.868063 -1.924877 0.125511 -0.518908 -0.227227 0.824076 0.522505 0.052838
  32 -20.082637 -1.287172 0.103763 -0.680030 -0.371097 0.632334 0.500978 0.011742
female.bmp
  32 -20.082637 -1.287172 0.103763 -0.680030 -0.371097 0.632334 0.500978 0.011742
  33 -19.868063 -1.924877 0.125511 -0.518908 -0.227227 0.824076 0.522505 0.052838
  32 -19.754611 -1.333384 0.341803 -0.359194 -0.218181 0.907401 0.530333 0.005871
female.bmp
  32 -18.871050 -1.636615 0.110564 0.536012 -0.558929 0.632684 0.921722 0.031311
  32 -19.093427 -1.142723 0.465838 0.097310 -0.391222 0.915137 0.902153 0.062622
  32 -19.272249 -1.573850 0.319370 0.132202 -0.388157 0.912062 0.894325 0.035225
female.bmp
  32 -19.272249 -1.573850 0.319370 0.132202 -0.388157 0.912062 0.894325 0.035225
  32 -19.093427 -1.142723 0.465838 0.097310 -0.391222 0.915137 0.902153 0.062622
  32 -19.754611 -1.333384 0.341803 -0.359194 -0.218181 0.907401 0.847358 0.046967
female.bmp
  19 -19.573607 0.074075 -0.576286 -0.300604 -0.235275 -0.924274 0.833659 0.649706
  19 -20.352539 0.789564 -0.739809 -0.255980 -0.240884 -0.936189 0.753425 0.602740
  19 -19.391446 0.404143 -0.876741 -0.246059 -0.355787 -0.901593 0.843444 0.618395
female.bmp
  19 -19.391446 0.404143 -0.876741 -0.246059 -0.355787 -0.901593 0.843444 0.618395
  19 -20.352539 0.789564 -0.739809 -0.255980 -0.240884 -0.936189 0.753425 0.602740
  19 -19.104267 0.755621 -1.002802 -0.026269 0.119771 -0.992454 0.857143 0.573386
female.bmp
  19 -17.280534 -0.788983 0.522022 0.788192 -0.320698 0.525268 0.146771 0.923679
  19 -17.270534 -1.029879 0.112548 0.827280 -0.537137 0.164597 0.111546 0.941292
  19 -17.270534 -0.979923 0.092439 0.906408 0.407735 -0.110351 0.111546 0.935421
female.bmp
  19 -17.270534 -0.979923 0.092439 0.906408 0.407735 -0.110351 0.111546 0.935421
  19 -17.270534 -1.029879 0.112548 0.827280 -0.537137 0.164597 0.111546 0.941292
  19 -17.270533 -1.040535 -0.187429 0.827157 -0.537358 -0.164493 0.088063 0.939335
female.bmp
  19 -17.260532 -0.351914 -0.818936 0.766617 0.389147 -0.510747 0.818004 0.479452
  19 -17.300532 -0.351958 -0.838936 0.157064 0.320064 -0.934286 0.821918 0.475538
  19 -17.270532 -0.341826 -0.778958 0.728706 0.657831 0.190386 0.812133 0.475538
female.bmp
  19 -17.270532 -0.341826 -0.778958 0.728706 0.657831 0.190386 0.812133 0.475538
  19 -17.300532 -0.351958 -0.838936 0.157064 0.320064 -0.934286 0.821918 0.475538
  19 -17.540533 -0.201586 -0.669265 0.785661 0.080771 0.613361 0.812133 0.448141
female.bmp
  19 -17.310533 -1.050535 -0.187407 0.071988 -0.971290 -0.226745 0.088063 0.943249
  19 -17.330533 -0.881213 -0.497778 0.085921 -0.850636 -0.518686 0.062622 0.927593
  19 -17.290533 -0.871191 -0.487800 0.857798 -0.439275 -0.266872 0.064579 0.923679
female.bmp
  19 -17.290533 -0.871191 -0.487800 0.857798 -0.439275 -0.266872 0.064579 0.923679
  19 -17.330533 -0.881213 -0.497778 0.085921 -0.850636 -0.518686 0.062622 0.927593
  19 -17.320532 -0.701782 -0.758171 0.301740 -0.527747 -0.794000 0.045010 0.906067
female.bmp
  19 -17.640534 0.938848 -0.471758 0.565418 0.816109 -0.119454 0.641879 0.416830
  19 -17.940533 0.758236 -0.751365 -0.655547 0.504009 -0.562346 0.673190 0.373777
  19 -17.950534 0.968891 -0.451825 -0.584787 0.802500 -0.118394 0.634051 0.371820
female.bmp
  19 -17.950534 0.968891 -0.451825 -0.584787 0.802500 -0.118394 0.634051 0.371820
  19 -17.940533 0.758236 -0.751365 -0.655547 0.504009 -0.562346 0.673190 0.373777
  19 -17.940534 0.898935 -0.431672 -0.672651 0.730477 -0.118080 0.634051 0.363992
female.bmp
  14 23.429629 2.283838 -0.358378 0.705626 0.490898 0.510991 0.544031 0.273973
  14 23.491043 2.161952 -0.406043 0.934549 -0.251784 0.251441 0.571429 0.277886
  14 23.490183 2.287291 -0.454925 0.911401 0.410349 -0.031002 0.544031 0.266145
female.bmp
  9 22.568079 -0.823160 0.123579 0.259303 0.922618 -0.285548 0.573386 0.837573
  10 22.639775 -1.092835 -0.122970 0.039868 0.216817 -0.975398 0.547945 0.831703
  9 22.502029 -1.056778 -0.118206 0.071242 0.237515 -0.968768 0.547945 0.841487
female.bmp
  10 22.666628 -0.906599 0.326914 0.233679 0.836129 0.496268 0.518591 0.551859
  10 23.636246 -1.081463 0.136485 0.248400 0.945234 -0.211733 0.504892 0.432485
  10 22.680534 -0.864123 0.119785 0.240672 0.933751 -0.264927 0.499022 0.557730
female.bmp
  4 23.745172 1.056994 0.236582 0.034648 0.331761 0.942727 0.542074 0.420744
  5 24.189723 0.943420 0.169262 0.161761 -0.317993 0.934192 0.565558 0.363992
  5 24.129553 1.092406 0.145125 -0.244966 0.371674 0.895461 0.542074 0.367906
female.bmp
  17 20.728969 -3.153913 -0.645690 0.856521 0.065952 -0.511880 0.700587 0.951076
  16 20.634526 -2.997466 -0.724211 0.541015 -0.047356 -0.839679 0.712329 0.980431
  16 20.749895 -2.981097 -0.531800 0.984796 0.046059 -0.167495 0.694716 0.984344
female.bmp
  17 20.688460 -3.585988 -0.251521 0.573474 -0.039350 0.818278 0.647750 0.921722
  17 20.733960 -3.188986 -0.398213 0.968242 0.010446 0.249795 0.681018 0.964775
  17 20.563847 -3.070413 -0.135531 0.426054 -0.109112 0.898094 0.651663 0.982387
female.bmp
  13 22.810274 1.769411 -0.360746 0.436926 -0.844251 0.310380 0.497065 0.741683
  14 23.420305 2.087912 -0.570099 0.705895 -0.580667 -0.405633 0.514677 0.626223
  14 23.423881 2.092056 -0.404057 0.574646 -0.748601 0.330725 0.500978 0.624266
female.bmp
  13 22.810274 1.769411 -0.360746 0.436926 -0.844251 0.310380 0.585127 0.434442
  12 22.099049 1.568070 -0.227189 0.220065 -0.197849 0.955210 0.565558 0.551859
  12 22.116571 1.401590 -0.347511 0.482899 -0.819515 0.308549 0.590998 0.559687
female.bmp
  10 23.527460 -1.549024 0.247175 -0.148164 -0.958165 0.244881 0.497065 0.741683
  11 24.227818 -1.636670 0.040183 0.258222 -0.875770 -0.407859 0.514677 0.626223
  11 24.242802 -1.631861 0.261435 0.043360 -0.965527 0.256665 0.500978 0.624266
female.bmp
  4 23.775499 0.736655 0.039190 0.208823 -0.945268 0.250721 0.497065 0.741683
  5 24.557185 0.942011 -0.134003 0.594198 -0.691672 -0.410510 0.514677 0.626223
  5 24.548766 0.931859 0.056328 0.364737 -0.872389 0.325429 0.500978 0.624266
female.bmp
  4 23.775499 0.736655 0.039190 0.208823 -0.945268 0.250721 0.585127 0.434442
  3 22.695075 0.668578 0.254014 0.313403 -0.364099 0.877046 0.565558 0.551859
  4 22.730254 0.508475 0.082739 0.337789 -0.910881 0.237054 0.590998 0.559687
female.bmp
  17 20.318772 -3.636768 -0.352280 -0.728284 -0.478351 0.490696 0.600783 0.929550
  17 20.303952 -3.145482 -0.120724 -0.292077 -0.298717 0.908548 0.620352 0.984344
  17 20.166517 -3.193896 -0.306649 -0.838058 -0.320437 0.441564 0.602740 0.982387
female.bmp
  10 23.594124 -1.250993 0.430569 0.127164 0.288645 0.948954 0.542074 0.420744
  11 24.009828 -1.223433 0.258393 0.258682 0.855754 0.448072 0.516634 0.363992
  10 23.612497 -1.127036 0.303695 0.233679 0.836129 0.496268 0.518591 0.422701
female.bmp
  14 23.490183 2.287291 -0.454925 0.911401 0.410349 -0.031002 0.532290 0.600783
  14 23.334112 2.244655 -0.637199 0.153554 0.494672 -0.855407 0.547945 0.626223
  14 23.418068 2.357155 -0.485228 0.476825 0.849693 -0.225076 0.553816 0.604697
female.bmp
  14 23.474976 2.246876 -0.327115 0.058931 0.079818 0.995066 0.557730 0.289628
  14 23.144083 2.031768 -0.306188 0.256003 -0.236957 0.937184 0.565558 0.363992
  14 23.434475 2.165457 -0.332642 0.469547 -0.286677 0.835070 0.571429 0.295499
female.bmp
  14 23.043920 2.254011 -0.403530 -0.290217 0.868331 0.402213 0.516634 0.363992
  14 23.424790 2.356532 -0.380565 -0.201162 0.660240 0.723614 0.530333 0.289628
  14 23.347855 2.362025 -0.422407 -0.071725 0.938960 0.336466 0.518591 0.295499
female.bmp
  8 25.035746 -0.063182 0.245286 0.409609 0.833607 0.370566 0.518591 0.295499
  8 24.616471 -0.019192 0.225953 0.039345 0.885721 0.462547 0.516634 0.363992
  8 25.085006 -0.110504 0.300369 0.024195 0.613686 0.789179 0.530333 0.289628
female.bmp
  17 20.386325 -3.620466 -0.745308 -0.479395 -0.193455 -0.856012 0.553816 0.921722
  17 20.609959 -3.696368 -0.750474 0.362035 -0.131474 -0.922846 0.544031 0.906067
  17 20.552602 -4.183305 -0.666797 0.054080 -0.591324 -0.804619 0.567515 0.876712
female.bmp
  16 20.471951 -3.010344 -0.773237 0.153690 0.059590 -0.986321 0.512720 0.984344
  16 20.634526 -2.997466 -0.724211 0.541015 -0.047356 -0.839679 0.495108 0.982387
  17 20.728969 -3.153913 -0.645690 0.856521 0.065952 -0.511880 0.504892 0.958904
female.bmp
  13 22.812087 2.037335 -0.247991 -0.042331 0.340656 0.939235 0.542074 0.420744
  14 23.043920 2.254011 -0.403530 -0.290217 0.868331 0.402213 0.516634 0.363992
  13 22.733379 2.129616 -0.348932 -0.281678 0.815418 0.505718 0.518591 0.422701
female.bmp
  13 22.687668 1.950926 -0.674785 -0.044459 0.230641 -0.972023 0.547945 0.747554
  12 21.932722 1.787909 -0.491587 -0.386356 0.808395 -0.444102 0.573386 0.827789
  13 22.674282 2.133900 -0.466360 -0.347811 0.895158 -0.278783 0.571429 0.737769
female.bmp
  12 21.977010 1.653142 -0.235508 -0.118390 0.281676 0.952178 0.540117 0.567515
  12 21.968999 1.832681 -0.325516 -0.290776 0.851321 0.436694 0.518591 0.551859
  12 21.888202 1.816546 -0.314957 -0.249355 0.884642 0.393993 0.516634 0.569472
female.bmp
  12 22.039097 1.421709 -0.616013 0.457916 -0.601970 -0.654175 0.518591 0.831703
  12 22.058226 1.364261 -0.330122 0.536935 -0.800875 0.265142 0.497065 0.841487
  12 21.986628 1.389658 -0.630835 0.519492 -0.441104 -0.731816 0.514677 0.843444
female.bmp
  7 22.996141 -0.465800 0.176555 0.005857 -0.958776 0.284102 0.590998 0.559687
  6 22.875345 -0.271911 0.367030 0.192785 -0.351528 0.916112 0.567515 0.565558
  6 22.895542 -0.461678 0.183236 0.040627 -0.962348 0.268768 0.590998 0.571429
female.bmp
  2 19.494268 0.942289 -0.735967 -0.223235 0.668295 -0.709611 0.857143 0.326810
  2 19.591316 1.255177 -0.309959 -0.310512 0.948943 0.055589 0.845401 0.299413
  2 20.567890 1.471302 -0.603376 -0.201976 0.838303 -0.506413 0.765166 0.328767
female.bmp
  16 19.922483 -2.275431 -0.826970 -0.397805 -0.238743 -0.885863 0.403131 0.935421
  16 19.954950 -2.798809 -0.495276 -0.905241 -0.405995 -0.125325 0.442270 0.958904
  16 19.612591 -2.329324 -0.403223 -0.820360 -0.565483 -0.085080 0.397260 0.976517
female.bmp
  3 21.399707 0.400941 0.321036 0.310105 0.090423 0.946392 0.710372 0.201566
  2 20.822752 0.666764 0.492373 0.104177 0.438612 0.892618 0.757339 0.232877
  2 20.808048 0.119342 0.686054 0.102987 0.205353 0.973254 0.765166 0.183953
female.bmp
  16 20.465022 -2.085573 0.122558 0.520282 -0.229708 0.822521 0.522505 0.052838
  16 20.241534 -2.683693 -0.048043 -0.237771 -0.305321 0.922087 0.544031 0.093933
  16 20.556747 -2.590715 0.010230 0.486373 -0.139516 0.862541 0.516634 0.091977
female.bmp
  16 20.774728 -2.957856 -0.559061 0.889140 -0.405094 -0.212905 0.479452 0.119374
  16 20.741868 -2.973197 -0.337962 0.933911 -0.061166 0.352234 0.497065 0.121331
  16 20.749895 -2.981097 -0.531800 0.504887 -0.860710 -0.065323 0.479452 0.125245
female.bmp
  2 20.497784 -0.897836 -0.505536 0.427622 0.050146 -0.902565 0.819961 0.727984
  15 20.623240 -1.530401 -0.588804 0.636743 -0.210109 -0.741898 0.816047 0.792564
  15 20.304743 -1.691854 -0.839987 0.324976 0.043282 -0.944731 0.833659 0.798434
female.bmp
  9 21.363997 -0.788907 0.681624 0.150456 0.133330 0.979585 0.727984 0.101761
  9 22.458257 -1.187609 0.473459 0.082731 -0.472698 0.877332 0.630137 0.050881
  9 22.503009 -1.019517 0.491967 0.235395 0.301463 0.923964 0.620352 0.066536
female.bmp
  6 21.515919 -0.003681 0.553883 0.188156 0.275256 0.942779 0.706458 0.166341
  6 22.875345 -0.271911 0.367030 0.192785 -0.351528 0.916112 0.579256 0.127202
  6 22.877815 -0.107138 0.360400 0.188156 0.275256 0.942779 0.575342 0.148728
female.bmp
  2 18.247226 -1.102651 0.106636 -0.602976 -0.747649 0.278282 0.976517 0.863014
  2 17.907226 -0.952650 0.566637 -0.027726 -0.593098 0.804652 0.945205 0.908023
  2 17.897226 -1.202651 0.146637 -0.048817 -0.960948 0.272389 0.986301 0.906067
female.bmp
  9 21.680727 -0.931374 -0.151914 0.241313 0.180565 -0.953501 0.718200 0.751468
  9 22.568079 -0.823160 0.123579 0.259303 0.922618 -0.285548 0.634051 0.759295
  9 22.502029 -1.056778 -0.118206 0.071242 0.237515 -0.968768 0.649706 0.776908
female.bmp
  12 22.067374 1.325548 -0.319275 0.852072 -0.508535 0.123956 0.630137 0.567515
  12 21.986628 1.389658 -0.630835 0.902501 0.060091 -0.426474 0.637965 0.542074
  12 22.058226 1.364261 -0.330122 0.986853 0.134008 -0.090352 0.626223 0.563601
female.bmp
  3 22.488209 1.049873 -0.086458 0.469226 0.828406 -0.305893 0.614481 0.575342
  3 21.571485 0.727782 -0.474368 0.321885 0.327822 -0.888213 0.696673 0.604697
  2 21.265032 0.963218 -0.005927 0.746331 0.532551 0.399224 0.698630 0.579256
female.bmp
  2 18.964043 -0.686186 -0.758997 -0.117948 -0.365131 -0.923454 0.953033 0.682975
  2 18.992064 -1.182886 -0.498221 -0.554469 -0.480268 -0.679637 0.960861 0.733855
  2 18.557225 -0.972653 -0.423364 0.511888 -0.621753 -0.592785 0.988258 0.710372
female.bmp
  2 18.567226 -0.852651 0.436635 0.732850 -0.387519 0.559250 0.962818 0.119374
  2 19.080585 -0.152826 0.623625 -0.132910 0.074104 0.988354 0.915851 0.181996
  2 18.577227 -0.262650 0.546634 0.740855 -0.023206 0.671264 0.953033 0.180039
female.bmp
  3 22.626313 0.465811 0.107189 0.855226 -0.508202 0.101584 0.610568 0.655577
  3 22.621402 0.407585 0.133372 0.664507 -0.713798 0.221185 0.616438 0.657534
  3 22.561477 0.515804 -0.171911 0.710286 -0.378894 -0.593239 0.614481 0.630137
female.bmp
  2 18.227225 0.747347 -0.413368 -0.660638 0.746395 -0.080317 0.647750 0.422701
  2 17.847224 0.587347 -0.713367 -0.188412 0.652659 -0.733851 0.675147 0.479452
  2 17.847225 0.767348 -0.383367 -0.221738 0.965417 -0.137119 0.643836 0.477495
female.bmp
  12 21.951597 1.689855 -0.184456 0.511118 0.533995 0.673504 0.645793 0.320939
  12 22.027281 1.534819 -0.211579 0.941610 0.307839 0.136406 0.637965 0.307241
  12 21.977010 1.653142 -0.235508 0.860169 0.484643 0.158841 0.641879 0.322896
female.bmp
  9 21.311824 -1.045462 0.603795 0.078501 -0.550183 0.831346 0.735812 0.076321
  9 22.453893 -1.368077 0.264385 -0.084480 -0.956929 0.277758 0.636008 0.031311
  9 22.458257 -1.187609 0.473459 0.082731 -0.472698 0.877332 0.630137 0.050881
female.bmp
  3 22.580132 0.633191 0.348543 0.501733 -0.187046 0.844558 0.608611 0.221135
  3 22.626313 0.465811 0.107189 0.855226 -0.508202 0.101584 0.602740 0.203523
  3 22.594855 0.655602 0.301843 0.873056 -0.028358 0.486794 0.604697 0.223092
female.bmp
  9 21.089299 -1.348144 0.292401 0.282061 -0.881566 0.378528 0.765166 0.052838
  15 20.679737 -1.447777 0.109753 0.681749 -0.372041 0.629924 0.814090 0.039139
  15 20.777038 -1.481343 -0.300985 0.790170 -0.612799 -0.010482 0.788650 0.027397
female.bmp
  16 20.656193 -1.935583 -0.536499 0.856337 0.022854 -0.515911 0.395303 0.874755
  15 20.304743 -1.691854 -0.839987 0.324976 0.043282 -0.944731 0.367906 0.884540
  15 20.623240 -1.530401 -0.588804 0.636743 -0.210109 -0.741898 0.365949 0.864971
female.bmp
  16 20.465022 -2.085573 0.122558 0.520282 -0.229708 0.822521 0.522505 0.052838
  15 20.777038 -1.481343 -0.300985 0.790170 -0.612799 -0.010482 0.475538 0.021526
  15 20.679737 -1.447777 0.109753 0.681749 -0.372041 0.629924 0.500978 0.011742
female.bmp
  16 20.056741 -2.190353 0.145519 -0.148535 -0.423050 0.893849 0.559687 0.058708
  15 20.354196 -1.503669 0.339098 0.360602 -0.221629 0.906006 0.530333 0.005871
  15 19.874537 -1.742465 0.321676 -0.130212 -0.393289 0.910147 0.571429 0.017613
female.bmp
  16 19.954950 -2.798809 -0.495276 -0.905241 -0.405995 -0.125325 0.442270 0.958904
  17 20.166218 -3.156241 -0.776097 -0.191014 -0.814366 -0.548017 0.479452 0.939335
  17 20.120739 -3.198417 -0.518507 -0.864602 -0.498111 -0.065948 0.481409 0.953033
female.bmp
  3 22.532724 0.998558 0.170613 0.732507 0.653507 0.190688 0.608611 0.254403
  3 22.541694 0.850434 0.316486 0.482993 0.382685 0.787572 0.610568 0.240705
  3 22.563984 0.845030 0.278093 0.890425 0.286220 0.353865 0.606654 0.240705
female.bmp
  2 18.567226 -0.882650 0.506635 0.645192 -0.437712 0.626208 0.937378 0.821918
  2 18.287227 -0.292650 0.646634 -0.556231 0.035228 0.830281 0.866928 0.857143
  2 18.277226 -0.912650 0.516636 -0.529831 -0.487918 0.693697 0.941292 0.859100
female.bmp
  2 18.037226 -0.772650 0.426636 -0.697514 0.347921 -0.626439 0.138943 0.909980
  2 17.867227 -0.272650 0.646635 -0.873860 -0.026781 -0.485439 0.158513 0.868885
  2 18.017226 -0.262650 0.516635 -0.661193 -0.049931 -0.748552 0.150685 0.866928
female.bmp
  2 17.857227 -0.272650 0.686635 -0.847922 0.007538 0.530068 0.162427 0.868885
  2 17.907226 -0.952650 0.566637 -0.027726 -0.593098 0.804652 0.150685 0.927593
  2 17.897227 -0.282650 0.706635 -0.053634 0.024428 0.998262 0.166341 0.870841
female.bmp
  2 17.917224 -0.862653 -0.713364 -0.293896 -0.527364 -0.797190 0.045010 0.906067
  2 17.857224 -0.512653 -0.783364 -0.760601 0.390136 -0.518922 0.039139 0.880626
  2 17.897224 -0.512653 -0.793364 -0.146630 0.320258 -0.935914 0.035225 0.880626
female.bmp
  2 18.337224 -0.412654 -0.903365 0.000001 0.824273 -0.566193 0.502935 0.209393
  2 18.337224 -0.402654 -0.883365 0.000001 0.824273 -0.566193 0.502935 0.183953
  2 18.367224 -0.422654 -0.923365 0.000001 0.824273 -0.566193 0.524462 0.221135
female.bmp
  2 18.237225 -1.172652 -0.163363 -0.647722 -0.751357 -0.126173 0.923679 0.420744
  2 18.247226 -1.102651 0.106636 -0.602976 -0.747649 0.278282 0.947162 0.426614
  2 18.237225 -1.132652 -0.143363 -0.647722 -0.751357 -0.126173 0.919765 0.424658
female.bmp
  2 18.537225 -1.182652 -0.213364 0.565876 -0.800049 -0.199263 0.925636 0.375734
  2 18.557225 -0.972653 -0.423364 0.511888 -0.621753 -0.592785 0.900196 0.369863
  2 18.547225 -1.112652 -0.183364 0.574038 -0.809325 -0.124390 0.925636 0.367906
female.bmp
  1 14.411712 -0.199611 0.978198 0.128354 0.099366 0.986738 0.377691 0.244618
  1 13.074533 -0.874938 1.031912 0.071095 -0.478668 0.875113 0.438356 0.354207
  1 14.473959 -0.849397 0.848185 0.130626 -0.509435 0.850537 0.430528 0.240705
female.bmp
  1 16.501224 -0.921568 -0.297192 0.046162 -0.821588 -0.568210 0.097847 0.115460
  1 16.532087 -1.031409 -0.137248 0.062443 -0.968011 -0.243015 0.082192 0.113503
  1 14.412271 -1.159893 -0.251582 0.080906 -0.912432 -0.401150 0.076321 0.232877
female.bmp
  11 24.009828 -1.223433 0.258393 0.258682 0.855754 0.448072 0.516634 0.363992
  11 24.444107 -1.390644 0.301316 0.224589 0.543606 0.808735 0.530333 0.287671
  11 24.375968 -1.331200 0.253114 0.533918 0.740245 0.408618 0.518591 0.295499
female.bmp
  1 2.390785 -2.699913 0.627459 0.130767 -0.890894 0.434980 0.013699 0.853229
  1 6.180804 -2.369914 -0.152450 0.137163 -0.968446 -0.208082 0.054795 0.722114
  1 6.200785 -2.289913 0.637551 0.130767 -0.890894 0.434980 0.009785 0.726027
female.bmp
  1 9.939664 -0.957882 -0.909740 0.060180 -0.583088 -0.810177 0.105675 0.534247
  1 10.020827 -0.289915 -1.112359 -0.033375 0.165227 -0.985691 0.176125 0.557730
  1 9.915316 -0.028025 -1.149895 -0.053157 0.165883 -0.984712 0.174168 0.532290
female.bmp
  25 -24.435790 -0.191059 0.276996 -0.330106 -0.553571 0.764585 0.571429 0.295499
  25 -24.467637 -0.029450 0.260615 -0.857026 0.136529 0.496857 0.544031 0.273973
  25 -24.475243 -0.201621 0.206769 -0.787139 -0.576509 0.219200 0.571429 0.277886
female.bmp
  28 -23.719905 -1.360408 -0.059796 -0.683080 -0.285593 -0.672190 0.534247 0.618395
  28 -23.428063 -1.354051 -0.162205 -0.035554 -0.338904 -0.940149 0.530333 0.643836
  28 -23.622973 -1.478531 -0.014507 -0.258223 -0.875768 -0.407861 0.514677 0.626223
female.bmp
  22 -23.531697 1.247412 0.101687 0.245504 0.373070 0.894733 0.542074 0.367906
  22 -23.592191 1.095658 0.116224 -0.161762 -0.317992 0.934192 0.565558 0.363992
  21 -23.146681 1.207819 0.186931 -0.034649 0.331758 0.942728 0.542074 0.420744
female.bmp
  20 -22.098987 0.823983 0.209032 -0.313399 -0.364104 0.877046 0.565558 0.551859
  20 -22.065756 1.021391 0.214107 -0.052678 0.378890 0.923941 0.540117 0.551859
  21 -23.174759 1.010709 0.151448 -0.139418 -0.487335 0.862013 0.565558 0.424658
female.bmp
  34 -19.963191 -2.910435 -0.129996 -0.425035 -0.105927 0.898958 0.651663 0.982387
  34 -20.135924 -3.034817 -0.396065 -0.968091 0.008463 0.250454 0.681018 0.964775
  34 -20.091281 -3.423643 -0.246662 -0.572745 -0.037076 0.818895 0.647750 0.921722
female.bmp
  34 -19.600577 -2.952789 -0.730094 0.607817 -0.191096 -0.770741 0.549902 0.982387
  34 -19.775047 -3.459974 -0.734900 0.479425 -0.196237 -0.855361 0.553816 0.921722
  34 -19.911558 -3.006784 -0.783717 -0.214617 0.062137 -0.974720 0.530333 0.968689
female.bmp
  30 -22.211136 1.920302 -0.400515 -0.436927 -0.844252 0.310377 0.497065 0.741683
  30 -22.178264 1.914437 -0.638811 -0.417089 -0.697525 -0.582663 0.514677 0.753425
  29 -21.522004 1.555848 -0.387733 -0.482901 -0.819515 0.308549 0.500978 0.827789
female.bmp
  24 -23.559850 -0.298757 0.101555 -0.003515 -0.978399 0.206694 0.497065 0.741683
  24 -23.438633 -0.241707 -0.138135 0.019514 -0.743379 -0.668585 0.514677 0.753425
  24 -22.398011 -0.310061 0.129884 -0.005859 -0.958777 0.284100 0.500978 0.827789
female.bmp
  25 -24.364493 -0.249927 0.180294 -0.179524 -0.952196 0.247173 0.500978 0.624266
  25 -24.393432 -0.243309 -0.009492 -0.467816 -0.806179 -0.362249 0.514677 0.626223
  24 -23.559850 -0.298757 0.101555 -0.003515 -0.978399 0.206694 0.497065 0.741683
female.bmp
  28 -23.647748 -1.475724 0.207029 -0.043361 -0.965528 0.256663 0.500978 0.624266
  28 -23.622973 -1.478531 -0.014507 -0.258223 -0.875768 -0.407861 0.514677 0.626223
  27 -22.932086 -1.390429 0.203763 0.148163 -0.958166 0.244880 0.497065 0.741683
female.bmp
  22 -23.950989 1.087105 0.012828 -0.364736 -0.872390 0.325429 0.500978 0.624266
  22 -23.969042 1.099744 -0.177998 -0.594201 -0.691670 -0.410510 0.514677 0.626223
  21 -23.176736 0.893106 0.008739 -0.208825 -0.945269 0.250718 0.497065 0.741683
female.bmp
  34 -19.565247 -3.026434 -0.295781 0.839456 -0.315329 0.442585 0.602740 0.982387
  34 -19.702263 -2.982365 -0.118060 0.293743 -0.293050 0.909855 0.620352 0.984344
  34 -19.714799 -3.479594 -0.352166 0.730252 -0.473355 0.492612 0.600783 0.929550
female.bmp
  27 -23.017123 -0.968440 0.260283 -0.233977 0.842352 0.485487 0.518591 0.422701
  28 -23.412701 -1.074442 0.225071 -0.258683 0.855754 0.448072 0.516634 0.363992
  27 -22.998737 -1.093673 0.377239 -0.127165 0.288643 0.948954 0.542074 0.420744
female.bmp
  20 -21.887045 0.958494 -0.302717 0.213077 0.232202 -0.949042 0.547945 0.841487
  20 -21.965414 0.671113 -0.216866 -0.710281 -0.378897 -0.593243 0.514677 0.843444
  20 -21.977137 0.970286 -0.309377 0.124132 0.217942 -0.968035 0.547945 0.831703
female.bmp
  25 -24.488606 0.052700 0.257193 -0.024196 0.613685 0.789180 0.530333 0.289628
  25 -24.019076 0.130659 0.186736 -0.039345 0.885720 0.462549 0.516634 0.363992
  25 -24.438743 0.096822 0.192641 -0.409614 0.833606 0.370563 0.518591 0.295499
female.bmp
  28 -23.716386 -1.427616 0.291731 -0.214271 -0.615130 0.758751 0.571429 0.295499
  28 -23.342135 -1.357418 0.311931 0.079293 -0.602534 0.794145 0.565558 0.363992
  28 -23.814584 -1.394497 0.307864 -0.084433 -0.093885 0.991996 0.557730 0.289628
female.bmp
  34 -19.911558 -3.006784 -0.783717 -0.214617 0.062137 -0.974720 0.530333 0.968689
  33 -19.872176 -2.854993 -0.772134 -0.154600 0.054012 -0.986500 0.512720 0.984344
  34 -19.600577 -2.952789 -0.730094 0.172904 0.037803 -0.984213 0.549902 0.982387
female.bmp
  29 -21.276777 1.905636 -0.545885 0.407176 0.756548 -0.511705 0.499022 0.571429
  29 -21.338156 1.942167 -0.531807 0.386357 0.808396 -0.444099 0.499022 0.557730
  29 -21.294129 1.968217 -0.364825 0.249356 0.884641 0.393995 0.516634 0.569472
female.bmp
  26 -21.965280 -0.668491 0.078131 -0.259294 0.922621 -0.285546 0.499022 0.571429
  27 -22.085161 -0.705528 0.076370 -0.240664 0.933753 -0.264925 0.499022 0.557730
  26 -21.961875 -0.723266 0.286669 -0.291553 0.822490 0.488372 0.516634 0.569472
female.bmp
  20 -21.905517 1.154853 -0.095589 0.125087 0.925586 -0.357273 0.499022 0.571429
  20 -21.976317 1.161371 -0.102289 0.125087 0.925586 -0.357273 0.499022 0.557730
  20 -21.936430 1.153864 0.125643 -0.116906 0.859370 0.497812 0.516634 0.569472
female.bmp
  23 -22.303752 -0.307601 0.143578 -0.040629 -0.962348 0.268766 0.590998 0.571429
  23 -22.283644 -0.120123 0.317208 -0.192787 -0.351530 0.916111 0.567515 0.565558
  24 -22.398011 -0.310061 0.129884 -0.005859 -0.958777 0.284100 0.590998 0.559687
female.bmp
  19 -19.969830 1.632521 -0.653448 0.201976 0.838304 -0.506411 0.765166 0.328767
  19 -19.003460 1.409463 -0.347876 0.310511 0.948943 0.055590 0.845401 0.299413
  19 -18.896110 1.093921 -0.783202 0.223235 0.668297 -0.709609 0.857143 0.326810
female.bmp
  32 -19.055400 -1.767265 -0.830311 0.457572 -0.254609 -0.851940 0.890411 0.798434
  32 -19.714745 -1.523773 -0.838986 -0.325805 0.037320 -0.944700 0.833659 0.798434
  32 -18.823494 -1.205301 -0.815615 0.496786 -0.078548 -0.864311 0.896282 0.755382
female.bmp
  32 -18.647152 -1.641491 -0.282940 0.850491 -0.521652 -0.067406 0.350294 0.992172
  33 -19.013895 -2.167120 -0.397857 0.822206 -0.563139 -0.082775 0.397260 0.976517
  32 -19.055400 -1.767265 -0.830311 0.457572 -0.254609 -0.851940 0.362035 0.939335
female.bmp
  33 -19.417042 -2.596465 -0.208028 0.698428 -0.412131 0.585103 0.563601 0.095890
  33 -19.649960 -2.512356 -0.046242 0.239468 -0.299769 0.923468 0.544031 0.093933
  34 -19.544001 -3.032537 -0.235686 0.412533 -0.823546 0.389344 0.549902 0.133072
female.bmp
  33 -19.957196 -2.426042 0.004315 -0.485273 -0.136718 0.863608 0.516634 0.091977
  33 -19.649960 -2.512356 -0.046242 0.239468 -0.299769 0.923468 0.544031 0.093933
  33 -19.868063 -1.924877 0.125511 -0.518908 -0.227227 0.824076 0.522505 0.052838
female.bmp
  33 -20.146267 -2.824756 -0.527267 -0.502022 -0.862735 -0.060521 0.479452 0.125245
  33 -20.138314 -2.812534 -0.333650 -0.933444 -0.062509 0.353234 0.497065 0.121331
  33 -20.182744 -2.801885 -0.554586 -0.887918 -0.409187 -0.210161 0.479452 0.119374
female.bmp
  32 -19.714745 -1.523773 -0.838986 -0.325805 0.037320 -0.944700 0.833659 0.798434
  32 -20.025619 -1.367597 -0.585280 -0.636564 -0.216077 -0.740336 0.816047 0.792564
  19 -19.909620 -0.746385 -0.553041 -0.427623 0.050149 -0.902565 0.819961 0.727984
female.bmp
  26 -21.839626 -1.184771 -0.056651 0.058624 -0.798495 -0.599141 0.667319 0.804305
  26 -21.909022 -0.904133 -0.163546 -0.071240 0.237516 -0.968768 0.649706 0.776908
  26 -20.885771 -1.110557 -0.142409 -0.039601 -0.733379 -0.678666 0.741683 0.782779
female.bmp
  26 -21.900213 -0.864850 0.446518 -0.235393 0.301459 0.923966 0.620352 0.066536
  26 -21.865253 -1.034965 0.428118 -0.082733 -0.472702 0.877330 0.630137 0.050881
  26 -20.770995 -0.636264 0.636291 -0.150456 0.133328 0.979585 0.727984 0.101761
female.bmp
  23 -22.303752 -0.307601 0.143578 -0.040629 -0.962348 0.268766 0.585127 0.105675
  26 -20.859488 -0.323078 0.333498 -0.640593 -0.061767 0.765392 0.716243 0.129159
  23 -22.283644 -0.120123 0.317208 -0.192787 -0.351530 0.916111 0.579256 0.127202
female.bmp
  19 -17.310534 -1.049879 0.112592 0.044656 -0.961009 0.272886 0.986301 0.906067
  19 -17.320534 -0.798961 0.532044 0.018336 -0.593131 0.804897 0.945205 0.908023
  19 -17.650533 -0.949989 0.062373 0.598996 -0.748425 0.284717 0.976517 0.863014
female.bmp
  29 -21.464153 1.515932 -0.379990 -0.986852 0.134013 -0.090353 0.626223 0.563601
  29 -21.392556 1.541329 -0.680704 -0.902500 0.060078 -0.426478 0.637965 0.542074
  29 -21.473301 1.477219 -0.369143 -0.852073 -0.508534 0.123955 0.630137 0.567515
female.bmp
  29 -20.668150 1.121589 -0.055841 -0.746328 0.532551 0.399229 0.698630 0.579256
  20 -20.975251 0.882499 -0.519179 -0.321882 0.327825 -0.888213 0.696673 0.604697
  20 -21.881451 1.205172 -0.121834 -0.469222 0.828408 -0.305894 0.614481 0.575342
female.bmp
  19 -17.950533 -0.821170 -0.477911 -0.506316 -0.621094 -0.598236 0.988258 0.710372
  19 -18.393905 -1.031254 -0.545461 0.554468 -0.480268 -0.679638 0.960861 0.733855
  19 -18.366191 -0.531719 -0.796651 0.117948 -0.365129 -0.923455 0.953033 0.682975
female.bmp
  33 -20.146267 -2.824756 -0.527267 -0.502022 -0.862735 -0.060521 0.483366 0.882583
  33 -19.998374 -2.817190 -0.828216 -0.451495 -0.463669 -0.762340 0.477495 0.898239
  33 -20.030543 -2.835275 -0.719874 -0.495248 -0.822441 -0.279857 0.481409 0.898239
female.bmp
  20 -21.965414 0.671113 -0.216866 -0.710281 -0.378897 -0.593243 0.614481 0.630137
  20 -22.024700 0.565607 0.098021 -0.664500 -0.713805 0.221184 0.616438 0.657534
  20 -22.029573 0.623836 0.071836 -0.855221 -0.508210 0.101582 0.610568 0.655577
female.bmp
  29 -21.378422 1.813370 -0.287901 -0.860166 0.484643 0.158856 0.641879 0.322896
  29 -21.432714 1.689076 -0.251801 -0.941610 0.307843 0.136393 0.637965 0.307241
  29 -21.357523 1.841525 -0.234324 -0.511115 0.533994 0.673507 0.645793 0.320939
female.bmp
  29 -21.276777 1.905636 -0.545885 -0.736144 0.563070 -0.375560 0.651663 0.352250
  29 -21.294129 1.968217 -0.364825 -0.595988 0.789827 0.144817 0.645793 0.338552
  29 -21.214428 1.958076 -0.573499 -0.209273 0.867759 -0.450775 0.657534 0.352250
female.bmp
  19 -18.482732 0.001639 0.585972 0.132909 0.074102 0.988354 0.915851 0.181996
  19 -19.532999 -0.649855 0.640709 0.041514 -0.146685 0.988312 0.833659 0.113503
  19 -18.568878 -0.649154 0.504436 0.214696 -0.332786 0.918237 0.915851 0.119374
female.bmp
  32 -20.180113 -1.324731 -0.296846 -0.788097 -0.615515 -0.006743 0.788650 0.027397
  32 -20.082637 -1.287172 0.103763 -0.680030 -0.371097 0.632334 0.814090 0.039139
  26 -20.496443 -1.194253 0.256989 -0.282058 -0.881568 0.378526 0.765166 0.052838
female.bmp
  32 -20.025619 -1.367597 -0.585280 -0.636564 -0.216077 -0.740336 0.365949 0.864971
  32 -19.714745 -1.523773 -0.838986 -0.325805 0.037320 -0.944700 0.367906 0.884540
  33 -20.056363 -1.776997 -0.531508 -0.856782 0.017303 -0.515388 0.395303 0.874755
female.bmp
  19 -20.352539 0.789564 -0.739809 -0.255980 -0.240884 -0.936189 0.753425 0.602740
  20 -20.737106 1.033688 -0.590093 -0.827613 0.122235 -0.547828 0.714286 0.587084
  19 -20.740699 1.251035 -0.753092 -0.405238 -0.452172 -0.794558 0.710372 0.569472
female.bmp
  20 -21.967797 1.000359 0.233125 -0.890431 0.286218 0.353852 0.606654 0.240705
  20 -21.945510 1.005751 0.271521 -0.482999 0.382684 0.787569 0.610568 0.240705
  20 -21.936430 1.153864 0.125643 -0.732529 0.653486 0.190674 0.608611 0.254403
female.bmp
  19 -17.690534 -0.759093 0.471956 0.521742 -0.488597 0.699327 0.941292 0.859100
  19 -17.670534 -0.739202 0.421913 0.595966 -0.469885 0.651178 0.941292 0.863014
  19 -17.700535 -0.138788 0.610600 0.547327 0.034512 0.836207 0.866928 0.857143
female.bmp
  19 -17.980534 -0.689268 0.391803 -0.739308 -0.386566 0.551353 0.937378 0.816047
  19 -17.980534 -0.729115 0.461890 -0.652435 -0.436873 0.619250 0.937378 0.821918
  19 -17.990535 -0.109029 0.500534 -0.748043 -0.022249 0.663278 0.863014 0.814090
female.bmp
  19 -17.630533 0.718236 -0.751277 0.684133 0.464675 -0.562174 0.682975 0.422701
  19 -17.630533 0.738171 -0.781320 0.560618 0.531140 -0.635293 0.681018 0.418787
  19 -17.630534 0.908870 -0.461693 0.662427 0.745540 -0.073224 0.647750 0.422701
female.bmp
  19 -17.260532 -0.161936 -0.829352 0.694503 -0.496429 0.520792 0.181996 0.878669
  19 -17.250532 -0.172024 -0.869330 0.766136 -0.547221 -0.337023 0.185910 0.878669
  19 -17.240533 0.338041 -0.840445 0.860958 -0.112876 0.495995 0.168297 0.927593
female.bmp
  19 -17.430535 -0.109094 0.470535 0.669113 -0.050788 -0.741423 0.150685 0.866928
  19 -17.270535 -0.118788 0.610557 0.878969 -0.027913 -0.476062 0.158513 0.868885
  19 -17.440534 -0.619290 0.381651 0.704632 0.347021 -0.618927 0.138943 0.909980
female.bmp
  19 -17.270535 -0.118788 0.610557 0.878969 -0.027913 -0.476062 0.019569 0.868885
  19 -17.430535 -0.109094 0.470535 0.669113 -0.050788 -0.741423 0.029354 0.870841
  19 -17.270535 0.390949 0.489442 0.905497 -0.251104 -0.342084 0.027397 0.923679
female.bmp
  19 -17.300532 -0.351958 -0.838936 0.157064 0.320064 -0.934286 0.035225 0.880626
  19 -17.260532 -0.351914 -0.818936 0.766617 0.389147 -0.510747 0.039139 0.880626
  19 -17.320532 -0.701782 -0.758171 0.301740 -0.527747 -0.794000 0.045010 0.906067
female.bmp
  19 -17.290532 -0.172046 -0.879330 0.157861 -0.635455 -0.755828 0.189824 0.878669
  19 -17.270533 0.377909 -0.900532 0.148777 0.155946 -0.976497 0.176125 0.935421
  19 -17.250532 -0.172024 -0.869330 0.766136 -0.547221 -0.337023 0.185910 0.878669
female.bmp
  19 -17.200533 0.728259 -0.741298 0.838912 0.334859 -0.429065 0.150685 0.968689
  19 -17.240533 0.738237 -0.751320 0.197109 0.652413 -0.731783 0.154599 0.974560
  19 -17.200534 0.898980 -0.411670 0.853784 0.519561 -0.033294 0.117417 0.984344
female.bmp
  19 -17.730532 -0.242133 -0.919177 0.841934 0.283749 0.458948 0.322896 0.882583
  19 -17.730532 -0.322024 -0.869003 0.860430 0.301725 0.410636 0.322896 0.911937
  19 -17.730532 -0.262199 -0.949134 0.861824 -0.276255 -0.425373 0.309198 0.882583
female.bmp
  19 -17.730532 -0.322024 -0.869003 0.860430 0.301725 0.410636 0.322896 0.911937
  19 -17.730532 -0.401870 -0.798828 0.873210 0.374734 0.311574 0.322896 0.941292
  19 -17.730532 -0.342089 -0.898959 0.843667 -0.330008 -0.423463 0.309198 0.911937
female.bmp
  19 -17.730532 -0.401870 -0.798828 0.873210 0.374734 0.311574 0.322896 0.941292
  19 -17.740532 -0.461652 -0.698697 0.913152 0.351102 0.207076 0.322896 0.970646
  19 -17.730532 -0.431914 -0.818762 0.824212 -0.464018 -0.324596 0.309198 0.941292
female.bmp
  19 -17.800532 -0.262199 -0.949134 0.007130 0.824270 -0.566152 0.545988 0.209393
  19 -17.800532 -0.242133 -0.919178 0.007130 0.824270 -0.566152 0.545988 0.183953
  19 -17.760532 -0.272221 -0.959112 0.007130 0.824270 -0.566152 0.524462 0.221135
female.bmp
  19 -17.640533 -0.980535 -0.187561 0.648070 -0.752189 -0.119231 0.919765 0.424658
  19 -17.650533 -0.949989 0.062373 0.598996 -0.748425 0.284717 0.947162 0.426614
  19 -17.640533 -1.020579 -0.207474 0.648070 -0.752189 -0.119231 0.923679 0.420744
female.bmp
  19 -17.950533 -0.960623 -0.227605 -0.573713 -0.808587 -0.130541 0.925636 0.367906
  19 -17.950533 -0.821170 -0.477911 -0.506316 -0.621094 -0.598236 0.900196 0.369863
  19 -17.940533 -1.030688 -0.257452 -0.564740 -0.799319 -0.205323 0.925636 0.375734
female.bmp
  19 -17.270532 -0.341826 -0.778958 0.728706 0.657831 0.190386 0.043053 0.878669
  19 -17.280532 -0.611563 -0.658368 0.867899 0.252415 0.427829 0.050881 0.902153
  19 -17.260532 -0.351914 -0.818936 0.766617 0.389147 -0.510747 0.039139 0.880626
female.bmp
  19 -17.610533 -0.191608 -0.679287 -0.044105 -0.419316 -0.906768 0.140900 0.013699
  18 -15.821366 -0.282788 -0.747829 -0.064434 -0.431155 -0.899974 0.138943 0.123288
  19 -17.490533 -0.471389 -0.578675 -0.043532 -0.460691 -0.886493 0.121331 0.019569
female.bmp
  18 -12.413010 -0.067717 1.087317 -0.079763 0.074093 0.994056 0.385519 0.358121
  18 -9.392853 0.053053 1.203361 -0.016039 0.084609 0.996285 0.381605 0.536204
  18 -12.397515 0.744918 0.835356 -0.090234 0.622654 0.777278 0.336595 0.360078
female.bmp
  19 -17.490533 -0.471389 -0.578675 -0.043532 -0.460691 -0.886493 0.121331 0.019569
  18 -15.869746 -0.554073 -0.640294 -0.060172 -0.583085 -0.810179 0.121331 0.119374
  19 -17.420533 -0.701017 -0.408172 -0.031173 -0.760179 -0.648966 0.099804 0.021526
female.bmp
  18 -15.814195 0.774488 -0.467266 -0.078115 0.941419 -0.328068 0.248532 0.133072
  18 -13.715495 0.924280 -0.616320 -0.077684 0.832325 -0.548817 0.242661 0.246575
  18 -15.804676 0.517546 -0.769904 -0.057271 0.648230 -0.759288 0.211350 0.129159
female.bmp
  18 -15.964680 -0.852262 0.137248 -0.060480 -0.947591 0.313710 0.056751 0.111546
  18 -15.936120 -0.879038 -0.173183 -0.062442 -0.968010 -0.243019 0.082192 0.113503
  18 -13.902798 -1.066113 0.334762 -0.103967 -0.956016 0.274270 0.037182 0.228963
female.bmp
  18 -12.215064 0.195225 -1.121185 -0.035925 0.093128 -0.995006 0.176125 0.360078
  18 -13.675146 0.318578 -1.032610 -0.062498 0.223915 -0.972603 0.187867 0.242661
  18 -12.276335 0.971337 -0.753087 -0.024564 0.781557 -0.623350 0.236791 0.360078
female.bmp
  28 -23.780863 -1.172495 0.218544 -0.533922 0.740243 0.408616 0.518591 0.295499
  28 -23.847005 -1.242936 0.258082 -0.224589 0.543605 0.808736 0.530333 0.287671
  28 -23.412701 -1.074442 0.225071 -0.258683 0.855754 0.448072 0.516634 0.363992
female.bmp
  18 -9.400541 -0.646046 1.106397 -0.013086 -0.439937 0.897933 0.430528 0.538160
  18 -9.534404 -0.803921 1.156098 -0.062792 -0.415837 0.907269 0.432485 0.567515
  18 -9.392853 0.053053 1.203361 -0.016039 0.084609 0.996285 0.381605 0.536204
female.bmp
  18 -5.424404 -0.693921 1.396096 0.011750 0.111699 0.993673 0.381605 0.727984
  18 -5.334404 0.136079 1.096096 0.097854 0.677092 0.729363 0.342466 0.727984
  18 -8.764404 -0.223921 1.276098 -0.026762 0.092069 0.995393 0.381605 0.592955
female.bmp
  18 -9.334405 0.796079 -0.543902 0.102532 0.800105 -0.591033 0.234834 0.561644
  18 -9.424405 -0.123921 -1.103902 0.033396 0.165230 -0.985690 0.176125 0.557730
  18 -9.345813 0.962056 -0.667896 0.059899 0.801031 -0.595619 0.228963 0.534247
female.bmp
  18 -9.384763 -1.242720 -0.219737 -0.062442 -0.968010 -0.243019 0.060665 0.536204
  18 -9.350219 -0.795180 -0.955477 -0.060172 -0.583085 -0.810179 0.105675 0.534247
  18 -9.534405 -1.433921 -0.173902 -0.137158 -0.968446 -0.208087 0.054795 0.559687
end
