version 1
nodes
  0 "Universal_Root" -1
  1 "Bip01_L_Forearm" 0
  2 "Bip01_L_Hand" 1
  3 "Bip01_L_Finger3" 2
  4 "Bip01_L_Finger31" 3
  5 "Bip01_L_Finger32" 4
  6 "Bip01_L_Finger2" 2
  7 "Bip01_L_Finger21" 6
  8 "Bip01_L_Finger22" 7
  9 "Bip01_L_Finger1" 2
  10 "Bip01_L_Finger11" 9
  11 "Bip01_L_Finger12" 10
  12 "Bip01_L_Finger4" 2
  13 "Bip01_L_Finger41" 12
  14 "Bip01_L_Finger42" 13
  15 "Bip01_L_Finger0" 2
  16 "Bip01_L_Finger01" 15
  17 "Bip01_L_Finger02" 16
  18 "Bip01_R_Forearm" 0
  19 "Bip01_R_Hand" 18
  20 "Bip01_R_Finger3" 19
  21 "Bip01_R_Finger31" 20
  22 "Bip01_R_Finger32" 21
  23 "Bip01_R_Finger2" 19
  24 "Bip01_R_Finger21" 23
  25 "Bip01_R_Finger22" 24
  26 "Bip01_R_Finger1" 19
  27 "Bip01_R_Finger11" 26
  28 "Bip01_R_Finger12" 27
  29 "Bip01_R_Finger4" 19
  30 "Bip01_R_Finger41" 29
  31 "Bip01_R_Finger42" 30
  32 "Bip01_R_Finger0" 19
  33 "Bip01_R_Finger01" 32
  34 "Bip01_R_Finger02" 33
end
skeleton
  time 0
    0 0.000000 0.000000 0.000000 0.000000 0.000000 0.000000
    1 9.907855 0.002170 -0.149879 3.138933 -0.000225 -1.566807
    2 -0.071917 -8.498733 -0.104137 -0.025047 0.287591 0.014898
    3 -0.488517 -2.755600 -0.228261 0.106454 0.010332 -0.264490
    4 0.039887 -1.479790 0.029853 -0.055395 0.000000 0.000000
    5 0.028785 -1.075733 -0.023111 0.002099 0.000000 0.000000
    6 0.250028 -2.820663 -0.238396 0.041826 -0.002921 0.008443
    7 -0.049759 -1.680546 0.100480 0.019826 0.000000 -0.000002
    8 -0.034141 -1.148310 0.084779 -0.040115 0.000000 0.000000
    9 0.957766 -2.746775 -0.090300 -0.017221 -0.162277 0.191558
    10 -0.033419 -1.397129 -0.011255 0.013931 0.000000 -0.000001
    11 -0.022360 -0.957436 0.018783 0.003845 0.000000 0.000000
    12 -1.180680 -2.507214 -0.193861 0.082999 0.013293 -0.477915
    13 -0.024966 -1.123934 0.017594 -0.018065 0.000000 0.000001
    14 -0.020057 -0.890966 0.010091 -0.060797 0.000000 0.000000
    15 0.583510 -1.197275 0.185377 0.158049 -0.404973 -0.364290
    16 1.535927 0.010246 0.005008 -0.002964 -0.012979 0.000887
    17 1.100770 0.004526 -0.010676 -0.002796 0.015973 0.003458
    18 -9.310107 0.236513 -0.105301 0.004984 -3.131565 -1.566847
    19 0.096944 -8.450418 -0.009364 -0.032965 -0.297907 -0.004663
    20 0.447952 -2.798985 -0.200442 0.106456 -0.010396 0.265094
    21 -0.032910 -1.480204 0.004936 -0.055403 0.000000 0.000002
    22 -0.027022 -1.076918 -0.020212 0.002094 0.000000 0.000000
    23 -0.249534 -2.846962 -0.174216 0.041903 -0.000125 -0.008396
    24 0.043235 -1.683941 0.096014 0.019757 0.002823 -0.000167
    25 0.031729 -1.160830 0.058836 -0.040181 0.000642 0.008372
    26 -0.963867 -2.785143 -0.085346 -0.017227 0.162276 -0.191556
    27 0.028479 -1.403069 0.006271 0.013941 0.000000 0.000000
    28 0.021413 -0.957779 0.020047 0.003851 0.000000 0.000000
    29 1.164475 -2.543938 -0.170328 0.083003 -0.013294 0.477915
    30 0.024033 -1.129042 0.017806 -0.018074 0.000000 0.000001
    31 0.014897 -0.883989 -0.019845 -0.060801 0.000000 0.000000
    32 -0.586770 -1.264477 0.200164 -0.152092 -0.410513 -2.814816
    33 1.522835 0.058680 0.016850 0.001410 0.008985 -0.046880
    34 1.117948 0.048426 -0.005764 -0.000243 -0.025198 0.065422
end
triangles
male.bmp
  2 18.067226 -1.162651 0.286637 0.076134 -0.899614 0.429999 0.426614 0.037182
  2 18.007227 -0.902650 0.626636 0.118418 -0.547151 0.828615 0.393346 0.037182
  1 16.644333 -1.240844 0.392505 0.115231 -0.906292 0.406642 0.434442 0.119374
male.bmp
  1 16.644333 -1.240844 0.392505 0.115231 -0.906292 0.406642 0.434442 0.119374
  2 18.007227 -0.902650 0.626636 0.118418 -0.547151 0.828615 0.393346 0.037182
  1 16.554108 -0.891102 0.832664 0.152283 -0.515095 0.843497 0.401174 0.119374
male.bmp
  2 18.007227 -0.902650 0.626636 0.118418 -0.547151 0.828615 0.393346 0.037182
  1 16.471715 -0.171385 1.012714 0.168755 0.097519 0.980822 0.354207 0.125245
  1 16.554108 -0.891102 0.832664 0.152283 -0.515095 0.843497 0.401174 0.119374
male.bmp
  1 16.554108 -0.891102 0.832664 0.152283 -0.515095 0.843497 0.401174 0.119374
  1 16.471715 -0.171385 1.012714 0.168755 0.097519 0.980822 0.354207 0.125245
  1 14.725166 -0.938323 1.167539 0.144405 -0.480882 0.864812 0.412916 0.227006
male.bmp
  1 16.471715 -0.171385 1.012714 0.168755 0.097519 0.980822 0.354207 0.125245
  1 14.642201 -0.088612 1.327560 0.168755 0.097519 0.980822 0.362035 0.230920
  1 14.725166 -0.938323 1.167539 0.144405 -0.480882 0.864812 0.412916 0.227006
male.bmp
  1 14.725166 -0.938323 1.167539 0.144405 -0.480882 0.864812 0.412916 0.227006
  1 14.642201 -0.088612 1.327560 0.168755 0.097519 0.980822 0.362035 0.230920
  1 12.885851 -0.905590 1.482423 0.051309 -0.454983 0.889021 0.424658 0.334638
male.bmp
  1 14.642201 -0.088612 1.327560 0.168755 0.097519 0.980822 0.362035 0.230920
  1 12.812781 -0.075855 1.572422 0.034474 0.150705 0.987978 0.373777 0.338552
  1 12.885851 -0.905590 1.482423 0.051309 -0.454983 0.889021 0.424658 0.334638
male.bmp
  1 12.885851 -0.905590 1.482423 0.051309 -0.454983 0.889021 0.424658 0.334638
  1 12.812781 -0.075855 1.572422 0.034474 0.150705 0.987978 0.373777 0.338552
  1 10.095724 -0.976753 1.339857 -0.049775 -0.469141 0.881719 0.428571 0.475538
male.bmp
  1 12.812781 -0.075855 1.572422 0.034474 0.150705 0.987978 0.373777 0.338552
  1 10.042786 -0.166933 1.449808 -0.025614 0.072473 0.997041 0.377691 0.473581
  1 10.095724 -0.976753 1.339857 -0.049775 -0.469141 0.881719 0.428571 0.475538
male.bmp
  1 10.095724 -0.976753 1.339857 -0.049775 -0.469141 0.881719 0.428571 0.475538
  1 10.042786 -0.166933 1.449808 -0.025614 0.072473 0.997041 0.377691 0.473581
  1 9.510768 -0.899912 1.327629 0.072372 -0.401899 0.912819 0.430528 0.504892
male.bmp
  1 10.042786 -0.166933 1.449808 -0.025614 0.072473 0.997041 0.377691 0.473581
  1 9.410766 -0.089912 1.427626 0.057145 0.055118 0.996843 0.377691 0.502935
  1 9.510768 -0.899912 1.327629 0.072372 -0.401899 0.912819 0.430528 0.504892
male.bmp
  1 9.510768 -0.899912 1.327629 0.072372 -0.401899 0.912819 0.430528 0.504892
  1 9.410766 -0.089912 1.427626 0.057145 0.055118 0.996843 0.377691 0.502935
  1 8.770764 -0.179912 1.517610 0.080069 0.100677 0.991692 0.377691 0.532290
male.bmp
  1 9.410766 -0.089912 1.427626 0.057145 0.055118 0.996843 0.377691 0.502935
  1 8.610770 0.700088 1.247605 -0.125160 0.596805 0.792565 0.338552 0.532290
  1 8.770764 -0.179912 1.517610 0.080069 0.100677 0.991692 0.377691 0.532290
male.bmp
  1 8.770764 -0.179912 1.517610 0.080069 0.100677 0.991692 0.377691 0.532290
  1 8.610770 0.700088 1.247605 -0.125160 0.596805 0.792565 0.338552 0.532290
  1 5.310768 0.390088 1.317526 -0.082592 0.678970 0.729505 0.338552 0.677104
male.bmp
  1 8.610770 0.700088 1.247605 -0.125160 0.596805 0.792565 0.338552 0.532290
  1 8.440791 1.160087 0.367601 -0.165504 0.979945 0.110980 0.285714 0.540117
  1 5.310768 0.390088 1.317526 -0.082592 0.678970 0.729505 0.338552 0.677104
male.bmp
  1 5.310768 0.390088 1.317526 -0.082592 0.678970 0.729505 0.338552 0.677104
  1 8.440791 1.160087 0.367601 -0.165504 0.979945 0.110980 0.285714 0.540117
  1 5.240791 0.800087 0.377524 -0.139048 0.987211 0.077978 0.285714 0.675147
male.bmp
  1 8.440791 1.160087 0.367601 -0.165504 0.979945 0.110980 0.285714 0.540117
  1 8.450819 0.860085 -0.772399 -0.058547 0.796846 -0.601339 0.228963 0.536204
  1 5.240791 0.800087 0.377524 -0.139048 0.987211 0.077978 0.285714 0.675147
male.bmp
  1 5.240791 0.800087 0.377524 -0.139048 0.987211 0.077978 0.285714 0.675147
  1 8.450819 0.860085 -0.772399 -0.058547 0.796846 -0.601339 0.228963 0.536204
  1 5.270820 0.480085 -0.832475 -0.111487 0.814730 -0.569021 0.228963 0.673190
male.bmp
  1 8.450819 0.860085 -0.772399 -0.058547 0.796846 -0.601339 0.228963 0.536204
  1 8.680836 -0.199916 -1.442392 0.079704 0.183572 -0.979770 0.174168 0.528376
  1 5.270820 0.480085 -0.832475 -0.111487 0.814730 -0.569021 0.228963 0.673190
male.bmp
  1 5.270820 0.480085 -0.832475 -0.111487 0.814730 -0.569021 0.228963 0.673190
  1 8.680836 -0.199916 -1.442392 0.079704 0.183572 -0.979770 0.174168 0.528376
  1 5.380841 -0.649916 -1.662471 -0.017007 0.202714 -0.979090 0.172211 0.669276
male.bmp
  1 8.680836 -0.199916 -1.442392 0.079704 0.183572 -0.979770 0.174168 0.528376
  1 8.910829 -1.339915 -1.182385 0.217575 -0.579432 -0.785442 0.095890 0.524462
  1 5.380841 -0.649916 -1.662471 -0.017007 0.202714 -0.979090 0.172211 0.669276
male.bmp
  1 5.380841 -0.649916 -1.662471 -0.017007 0.202714 -0.979090 0.172211 0.669276
  1 8.910829 -1.339915 -1.182385 0.217575 -0.579432 -0.785442 0.095890 0.524462
  1 5.530834 -1.879916 -1.382466 0.093451 -0.583152 -0.806970 0.095890 0.671233
male.bmp
  1 8.910829 -1.339915 -1.182385 0.217575 -0.579432 -0.785442 0.095890 0.524462
  1 5.620806 -2.529914 -0.232463 0.150835 -0.966460 -0.207854 0.052838 0.669276
  1 5.530834 -1.879916 -1.382466 0.093451 -0.583152 -0.806970 0.095890 0.671233
male.bmp
  1 5.530834 -1.879916 -1.382466 0.093451 -0.583152 -0.806970 0.095890 0.671233
  1 5.620806 -2.529914 -0.232463 0.150835 -0.966460 -0.207854 0.052838 0.669276
  1 1.820805 -2.979914 -0.182554 0.117238 -0.973350 -0.197089 0.056751 0.804305
male.bmp
  1 5.620806 -2.529914 -0.232463 0.150835 -0.966460 -0.207854 0.052838 0.669276
  1 1.840782 -2.879913 0.757446 0.106369 -0.894492 0.434246 0.011742 0.808219
  1 1.820805 -2.979914 -0.182554 0.117238 -0.973350 -0.197089 0.056751 0.804305
male.bmp
  18 -1.244405 -2.713922 0.756093 -0.106379 -0.894492 0.434243 0.011742 0.808219
  18 -5.014405 -2.363921 -0.233905 -0.150831 -0.966460 -0.207858 0.052838 0.669276
  18 -1.224405 -2.813922 -0.183907 -0.117233 -0.973350 -0.197093 0.056751 0.804305
male.bmp
  18 -1.224405 -2.813922 -0.183907 -0.117233 -0.973350 -0.197093 0.056751 0.804305
  18 -5.014405 -2.363921 -0.233905 -0.150831 -0.966460 -0.207858 0.052838 0.669276
  18 -4.934405 -1.713921 -1.383905 -0.093433 -0.583152 -0.806972 0.095890 0.671233
male.bmp
  18 -5.014405 -2.363921 -0.233905 -0.150831 -0.966460 -0.207858 0.052838 0.669276
  18 -8.314405 -1.173921 -1.183903 -0.217557 -0.579431 -0.785448 0.095890 0.524462
  18 -4.934405 -1.713921 -1.383905 -0.093433 -0.583152 -0.806972 0.095890 0.671233
male.bmp
  18 -4.934405 -1.713921 -1.383905 -0.093433 -0.583152 -0.806972 0.095890 0.671233
  18 -8.314405 -1.173921 -1.183903 -0.217557 -0.579431 -0.785448 0.095890 0.524462
  18 -4.784406 -0.483921 -1.663904 0.017030 0.202715 -0.979090 0.172211 0.669276
male.bmp
  18 -8.314405 -1.173921 -1.183903 -0.217557 -0.579431 -0.785448 0.095890 0.524462
  18 -8.084405 -0.033921 -1.443902 -0.079681 0.183573 -0.979771 0.174168 0.528376
  18 -4.784406 -0.483921 -1.663904 0.017030 0.202715 -0.979090 0.172211 0.669276
male.bmp
  18 -4.784406 -0.483921 -1.663904 0.017030 0.202715 -0.979090 0.172211 0.669276
  18 -8.084405 -0.033921 -1.443902 -0.079681 0.183573 -0.979771 0.174168 0.528376
  18 -4.674405 0.646079 -0.833904 0.111501 0.814731 -0.569018 0.228963 0.673190
male.bmp
  18 -8.084405 -0.033921 -1.443902 -0.079681 0.183573 -0.979771 0.174168 0.528376
  18 -7.854405 1.026079 -0.773903 0.058561 0.796847 -0.601337 0.228963 0.536204
  18 -4.674405 0.646079 -0.833904 0.111501 0.814731 -0.569018 0.228963 0.673190
male.bmp
  18 -4.674405 0.646079 -0.833904 0.111501 0.814731 -0.569018 0.228963 0.673190
  18 -7.854405 1.026079 -0.773903 0.058561 0.796847 -0.601337 0.228963 0.536204
  18 -4.644404 0.966079 0.376096 0.139046 0.987211 0.077982 0.285714 0.675147
male.bmp
  18 -7.854405 1.026079 -0.773903 0.058561 0.796847 -0.601337 0.228963 0.536204
  18 -7.844404 1.326079 0.366098 0.165501 0.979945 0.110985 0.285714 0.540117
  18 -4.644404 0.966079 0.376096 0.139046 0.987211 0.077982 0.285714 0.675147
male.bmp
  18 -4.644404 0.966079 0.376096 0.139046 0.987211 0.077982 0.285714 0.675147
  18 -7.844404 1.326079 0.366098 0.165501 0.979945 0.110985 0.285714 0.540117
  18 -4.714404 0.556078 1.316096 0.082575 0.678970 0.729507 0.338552 0.677104
male.bmp
  18 -7.844404 1.326079 0.366098 0.165501 0.979945 0.110985 0.285714 0.540117
  18 -8.014404 0.866079 1.246098 0.125141 0.596804 0.792568 0.338552 0.532290
  18 -4.714404 0.556078 1.316096 0.082575 0.678970 0.729507 0.338552 0.677104
male.bmp
  18 -4.714404 0.556078 1.316096 0.082575 0.678970 0.729507 0.338552 0.677104
  18 -8.014404 0.866079 1.246098 0.125141 0.596804 0.792568 0.338552 0.532290
  18 -8.174404 -0.013921 1.516098 -0.080093 0.100676 0.991690 0.377691 0.532290
male.bmp
  18 -8.014404 0.866079 1.246098 0.125141 0.596804 0.792568 0.338552 0.532290
  18 -8.814404 0.076079 1.426098 -0.057170 0.055117 0.996842 0.377691 0.502935
  18 -8.174404 -0.013921 1.516098 -0.080093 0.100676 0.991690 0.377691 0.532290
male.bmp
  18 -8.174404 -0.013921 1.516098 -0.080093 0.100676 0.991690 0.377691 0.532290
  18 -8.814404 0.076079 1.426098 -0.057170 0.055117 0.996842 0.377691 0.502935
  18 -8.904404 -0.733921 1.326098 -0.075229 -0.398234 0.914194 0.430528 0.504892
male.bmp
  18 -8.814404 0.076079 1.426098 -0.057170 0.055117 0.996842 0.377691 0.502935
  18 -9.451399 0.000314 1.453143 0.025589 0.072472 0.997042 0.377691 0.473581
  18 -8.904404 -0.733921 1.326098 -0.075229 -0.398234 0.914194 0.430528 0.504892
male.bmp
  18 -8.904404 -0.733921 1.326098 -0.075229 -0.398234 0.914194 0.430528 0.504892
  18 -9.451399 0.000314 1.453143 0.025589 0.072472 0.997042 0.377691 0.473581
  18 -9.498712 -0.818737 1.335176 0.049752 -0.469143 0.881720 0.428571 0.475538
male.bmp
  18 -9.451399 0.000314 1.453143 0.025589 0.072472 0.997042 0.377691 0.473581
  18 -12.211185 0.088170 1.577894 -0.034497 0.150704 0.987977 0.373777 0.338552
  18 -9.498712 -0.818737 1.335176 0.049752 -0.469143 0.881720 0.428571 0.475538
male.bmp
  18 -9.498712 -0.818737 1.335176 0.049752 -0.469143 0.881720 0.428571 0.475538
  18 -12.211185 0.088170 1.577894 -0.034497 0.150704 0.987977 0.373777 0.338552
  18 -12.288397 -0.731202 1.480076 -0.051330 -0.454984 0.889019 0.424658 0.334638
male.bmp
  18 -12.211185 0.088170 1.577894 -0.034497 0.150704 0.987977 0.373777 0.338552
  18 -14.042453 0.083453 1.327030 -0.168778 0.097518 0.980818 0.362035 0.230920
  18 -12.288397 -0.731202 1.480076 -0.051330 -0.454984 0.889019 0.424658 0.334638
male.bmp
  18 -12.288397 -0.731202 1.480076 -0.051330 -0.454984 0.889019 0.424658 0.334638
  18 -14.042453 0.083453 1.327030 -0.168778 0.097518 0.980818 0.362035 0.230920
  18 -14.129809 -0.775356 1.168865 -0.144426 -0.480883 0.864808 0.412916 0.227006
male.bmp
  18 -14.042453 0.083453 1.327030 -0.168778 0.097518 0.980818 0.362035 0.230920
  18 -15.873719 -0.010558 1.005269 -0.168778 0.097518 0.980818 0.354207 0.125245
  18 -14.129809 -0.775356 1.168865 -0.144426 -0.480883 0.864808 0.412916 0.227006
male.bmp
  18 -14.129809 -0.775356 1.168865 -0.144426 -0.480883 0.864808 0.412916 0.227006
  18 -15.873719 -0.010558 1.005269 -0.168778 0.097518 0.980818 0.354207 0.125245
  18 -15.961677 -0.729275 0.838507 -0.152303 -0.515096 0.843493 0.401174 0.119374
male.bmp
  18 -15.873719 -0.010558 1.005269 -0.168778 0.097518 0.980818 0.354207 0.125245
  19 -17.410535 -0.738764 0.621913 -0.118437 -0.547151 0.828612 0.393346 0.037182
  18 -15.961677 -0.729275 0.838507 -0.152303 -0.515096 0.843493 0.401174 0.119374
male.bmp
  18 -15.961677 -0.729275 0.838507 -0.152303 -0.515096 0.843493 0.401174 0.119374
  19 -17.410535 -0.738764 0.621913 -0.118437 -0.547151 0.828612 0.393346 0.037182
  18 -16.052503 -1.075211 0.395474 -0.115242 -0.906292 0.406638 0.434442 0.119374
male.bmp
  19 -17.410535 -0.738764 0.621913 -0.118437 -0.547151 0.828612 0.393346 0.037182
  19 -17.470534 -0.999485 0.292482 -0.076145 -0.899614 0.429996 0.426614 0.037182
  18 -16.052503 -1.075211 0.395474 -0.115242 -0.906292 0.406638 0.434442 0.119374
male.bmp
  2 18.077224 -0.692653 -0.593364 0.087248 -0.468030 -0.879395 0.121331 0.021526
  1 16.407940 -0.452055 -0.827057 0.110644 -0.427159 -0.897381 0.136986 0.117417
  2 18.237224 -0.322653 -0.713365 0.085513 -0.417854 -0.904481 0.140900 0.015656
male.bmp
  2 18.237224 -0.322653 -0.713365 0.085513 -0.417854 -0.904481 0.140900 0.015656
  1 16.407940 -0.452055 -0.827057 0.110644 -0.427159 -0.897381 0.136986 0.117417
  2 18.127224 -0.132654 -0.833366 0.074827 -0.135934 -0.987888 0.152642 0.021526
male.bmp
  1 16.407940 -0.452055 -0.827057 0.110644 -0.427159 -0.897381 0.136986 0.117417
  1 16.396783 -0.242125 -0.947077 0.107539 -0.156262 -0.981844 0.150685 0.119374
  2 18.127224 -0.132654 -0.833366 0.074827 -0.135934 -0.987888 0.152642 0.021526
male.bmp
  2 18.127224 -0.132654 -0.833366 0.074827 -0.135934 -0.987888 0.152642 0.021526
  1 16.396783 -0.242125 -0.947077 0.107539 -0.156262 -0.981844 0.150685 0.119374
  2 18.087224 0.047347 -0.763366 0.069066 0.160089 -0.984683 0.164384 0.023483
male.bmp
  1 16.396783 -0.242125 -0.947077 0.107539 -0.156262 -0.981844 0.150685 0.119374
  1 16.386106 -0.052159 -0.917093 0.107786 -0.014572 -0.994067 0.160470 0.119374
  2 18.087224 0.047347 -0.763366 0.069066 0.160089 -0.984683 0.164384 0.023483
male.bmp
  2 18.087224 0.047347 -0.763366 0.069066 0.160089 -0.984683 0.164384 0.023483
  1 16.386106 -0.052159 -0.917093 0.107786 -0.014572 -0.994067 0.160470 0.119374
  2 17.997224 0.347346 -0.793367 0.117428 -0.008109 -0.993048 0.185910 0.029354
male.bmp
  1 16.386106 -0.052159 -0.917093 0.107786 -0.014572 -0.994067 0.160470 0.119374
  1 16.374204 0.357774 -1.017159 0.105533 0.173587 -0.979148 0.183953 0.119374
  2 17.997224 0.347346 -0.793367 0.117428 -0.008109 -0.993048 0.185910 0.029354
male.bmp
  2 17.997224 0.347346 -0.793367 0.117428 -0.008109 -0.993048 0.185910 0.029354
  1 16.374204 0.357774 -1.017159 0.105533 0.173587 -0.979148 0.183953 0.119374
  2 17.997224 0.577347 -0.773367 0.092541 0.343638 -0.934531 0.197652 0.029354
male.bmp
  1 16.374204 0.357774 -1.017159 0.105533 0.173587 -0.979148 0.183953 0.119374
  1 16.383672 0.597849 -0.857240 0.065992 0.581110 -0.811145 0.205479 0.123288
  2 17.997224 0.577347 -0.773367 0.092541 0.343638 -0.934531 0.197652 0.029354
male.bmp
  2 17.997224 0.577347 -0.773367 0.092541 0.343638 -0.934531 0.197652 0.029354
  1 16.383672 0.597849 -0.857240 0.065992 0.581110 -0.811145 0.205479 0.123288
  2 17.987224 0.737347 -0.673368 0.050165 0.685161 -0.726663 0.209393 0.031311
male.bmp
  1 16.383672 0.597849 -0.857240 0.065992 0.581110 -0.811145 0.205479 0.123288
  1 16.393246 0.817928 -0.687316 0.076825 0.755142 -0.651044 0.223092 0.125245
  2 17.987224 0.737347 -0.673368 0.050165 0.685161 -0.726663 0.209393 0.031311
male.bmp
  2 17.987224 0.737347 -0.673368 0.050165 0.685161 -0.726663 0.209393 0.031311
  1 16.393246 0.817928 -0.687316 0.076825 0.755142 -0.651044 0.223092 0.125245
  2 17.987225 0.827347 -0.533368 0.052381 0.920497 -0.387224 0.221135 0.031311
male.bmp
  1 16.393246 0.817928 -0.687316 0.076825 0.755142 -0.651044 0.223092 0.125245
  1 16.393352 0.937979 -0.467344 0.098778 0.958095 -0.268882 0.240705 0.127202
  2 17.987225 0.827347 -0.533368 0.052381 0.920497 -0.387224 0.221135 0.031311
male.bmp
  2 17.987225 0.827347 -0.533368 0.052381 0.920497 -0.387224 0.221135 0.031311
  1 16.393352 0.937979 -0.467344 0.098778 0.958095 -0.268882 0.240705 0.127202
  2 17.977225 0.857348 -0.373368 0.106049 0.993079 0.050479 0.234834 0.031311
male.bmp
  1 16.393352 0.937979 -0.467344 0.098778 0.958095 -0.268882 0.240705 0.127202
  1 16.474907 0.948439 0.132439 0.145581 0.936150 0.320047 0.272016 0.127202
  2 17.977225 0.857348 -0.373368 0.106049 0.993079 0.050479 0.234834 0.031311
male.bmp
  2 17.977225 0.857348 -0.373368 0.106049 0.993079 0.050479 0.234834 0.031311
  1 16.474907 0.948439 0.132439 0.145581 0.936150 0.320047 0.272016 0.127202
  2 18.047226 0.697349 0.066632 0.153997 0.869060 0.470127 0.275930 0.033268
male.bmp
  1 16.474907 0.948439 0.132439 0.145581 0.936150 0.320047 0.272016 0.127202
  1 16.478218 0.498577 0.702538 0.169223 0.611743 0.772745 0.315068 0.125245
  2 18.047226 0.697349 0.066632 0.153997 0.869060 0.470127 0.275930 0.033268
male.bmp
  2 18.047226 0.697349 0.066632 0.153997 0.869060 0.470127 0.275930 0.033268
  1 16.478218 0.498577 0.702538 0.169223 0.611743 0.772745 0.315068 0.125245
  2 18.027227 0.327350 0.566633 0.146507 0.598723 0.787443 0.317025 0.033268
male.bmp
  1 16.478218 0.498577 0.702538 0.169223 0.611743 0.772745 0.315068 0.125245
  1 16.471715 -0.171385 1.012714 0.168755 0.097519 0.980822 0.354207 0.125245
  2 18.027227 0.327350 0.566633 0.146507 0.598723 0.787443 0.317025 0.033268
male.bmp
  2 18.027227 0.327350 0.566633 0.146507 0.598723 0.787443 0.317025 0.033268
  1 16.471715 -0.171385 1.012714 0.168755 0.097519 0.980822 0.354207 0.125245
  2 18.017227 -0.222650 0.776635 0.154085 0.057808 0.986365 0.352250 0.035225
male.bmp
  1 16.471715 -0.171385 1.012714 0.168755 0.097519 0.980822 0.354207 0.125245
  2 18.007227 -0.902650 0.626636 0.118418 -0.547151 0.828615 0.393346 0.037182
  2 18.017227 -0.222650 0.776635 0.154085 0.057808 0.986365 0.352250 0.035225
male.bmp
  19 -17.410535 -0.738764 0.621913 -0.118437 -0.547151 0.828612 0.393346 0.037182
  18 -15.873719 -0.010558 1.005269 -0.168778 0.097518 0.980818 0.354207 0.125245
  19 -17.420535 -0.058438 0.770425 -0.154107 0.057807 0.986362 0.352250 0.035225
male.bmp
  19 -17.420535 -0.058438 0.770425 -0.154107 0.057807 0.986362 0.352250 0.035225
  18 -15.873719 -0.010558 1.005269 -0.168778 0.097518 0.980818 0.354207 0.125245
  19 -17.430536 0.491123 0.569223 -0.146524 0.598722 0.787440 0.317025 0.033268
male.bmp
  18 -15.873719 -0.010558 1.005269 -0.168778 0.097518 0.980818 0.354207 0.125245
  18 -15.877922 0.662505 0.702006 -0.169241 0.611742 0.772741 0.315068 0.125245
  19 -17.430536 0.491123 0.569223 -0.146524 0.598722 0.787440 0.317025 0.033268
male.bmp
  19 -17.430536 0.491123 0.569223 -0.146524 0.598722 0.787440 0.317025 0.033268
  18 -15.877922 0.662505 0.702006 -0.169241 0.611742 0.772741 0.315068 0.125245
  19 -17.450535 0.860029 0.068415 -0.154007 0.869060 0.470125 0.275930 0.033268
male.bmp
  18 -15.877922 0.662505 0.702006 -0.169241 0.611742 0.772741 0.315068 0.125245
  18 -15.882613 1.118284 0.126555 -0.145588 0.936150 0.320044 0.272016 0.127202
  19 -17.450535 0.860029 0.068415 -0.154007 0.869060 0.470125 0.275930 0.033268
male.bmp
  19 -17.450535 0.860029 0.068415 -0.154007 0.869060 0.470125 0.275930 0.033268
  18 -15.882613 1.118284 0.126555 -0.145588 0.936150 0.320044 0.272016 0.127202
  19 -17.380534 1.029067 -0.371955 -0.106049 0.993079 0.050477 0.234834 0.031311
male.bmp
  18 -15.882613 1.118284 0.126555 -0.145588 0.936150 0.320044 0.272016 0.127202
  18 -15.795499 1.104549 -0.464057 -0.098771 0.958095 -0.268883 0.240705 0.127202
  19 -17.380534 1.029067 -0.371955 -0.106049 0.993079 0.050477 0.234834 0.031311
male.bmp
  19 -17.380534 1.029067 -0.371955 -0.106049 0.993079 0.050477 0.234834 0.031311
  18 -15.795499 1.104549 -0.464057 -0.098771 0.958095 -0.268883 0.240705 0.127202
  19 -17.390534 0.998717 -0.531889 -0.052371 0.920497 -0.387224 0.221135 0.031311
male.bmp
  18 -15.795499 1.104549 -0.464057 -0.098771 0.958095 -0.268883 0.240705 0.127202
  18 -15.796091 0.976758 -0.685347 -0.076808 0.755143 -0.651045 0.223092 0.125245
  19 -17.390534 0.998717 -0.531889 -0.052371 0.920497 -0.387224 0.221135 0.031311
male.bmp
  19 -17.390534 0.998717 -0.531889 -0.052371 0.920497 -0.387224 0.221135 0.031311
  18 -15.796091 0.976758 -0.685347 -0.076808 0.755143 -0.651045 0.223092 0.125245
  19 -17.390534 0.898411 -0.671670 -0.050147 0.685161 -0.726663 0.209393 0.031311
male.bmp
  18 -15.796091 0.976758 -0.685347 -0.076808 0.755143 -0.651045 0.223092 0.125245
  18 -15.786116 0.768512 -0.857492 -0.065973 0.581111 -0.811146 0.205479 0.123288
  19 -17.390534 0.898411 -0.671670 -0.050147 0.685161 -0.726663 0.209393 0.031311
male.bmp
  19 -17.390534 0.898411 -0.671670 -0.050147 0.685161 -0.726663 0.209393 0.031311
  18 -15.786116 0.768512 -0.857492 -0.065973 0.581111 -0.811146 0.205479 0.123288
  19 -17.390533 0.738193 -0.771320 -0.092519 0.343639 -0.934533 0.197652 0.029354
male.bmp
  18 -15.786116 0.768512 -0.857492 -0.065973 0.581111 -0.811146 0.205479 0.123288
  18 -15.775972 0.530167 -1.019938 -0.105510 0.173588 -0.979150 0.183953 0.119374
  19 -17.390533 0.738193 -0.771320 -0.092519 0.343639 -0.934533 0.197652 0.029354
male.bmp
  19 -17.390533 0.738193 -0.771320 -0.092519 0.343639 -0.934533 0.197652 0.029354
  18 -15.775972 0.530167 -1.019938 -0.105510 0.173588 -0.979150 0.183953 0.119374
  19 -17.400533 0.518128 -0.800839 -0.117405 -0.008108 -0.993051 0.185910 0.029354
male.bmp
  18 -15.775972 0.530167 -1.019938 -0.105510 0.173588 -0.979150 0.183953 0.119374
  18 -15.793760 0.109010 -0.914057 -0.107762 -0.014571 -0.994070 0.160470 0.119374
  19 -17.400533 0.518128 -0.800839 -0.117405 -0.008108 -0.993051 0.185910 0.029354
male.bmp
  19 -17.400533 0.518128 -0.800839 -0.117405 -0.008108 -0.993051 0.185910 0.029354
  18 -15.793760 0.109010 -0.914057 -0.107762 -0.014571 -0.994070 0.160470 0.119374
  19 -17.490533 0.208216 -0.760161 -0.069042 0.160091 -0.984685 0.164384 0.023483
male.bmp
  18 -15.793760 0.109010 -0.914057 -0.107762 -0.014571 -0.994070 0.160470 0.119374
  18 -15.803210 -0.080618 -0.955910 -0.107515 -0.156261 -0.981847 0.150685 0.119374
  19 -17.490533 0.208216 -0.760161 -0.069042 0.160091 -0.984685 0.164384 0.023483
male.bmp
  19 -17.490533 0.208216 -0.760161 -0.069042 0.160091 -0.984685 0.164384 0.023483
  18 -15.803210 -0.080618 -0.955910 -0.107515 -0.156261 -0.981847 0.150685 0.119374
  19 -17.530533 0.028063 -0.829768 -0.074804 -0.135932 -0.987890 0.152642 0.021526
male.bmp
  18 -15.803210 -0.080618 -0.955910 -0.107515 -0.156261 -0.981847 0.150685 0.119374
  18 -15.811728 -0.291947 -0.827974 -0.110622 -0.427158 -0.897384 0.136986 0.117417
  19 -17.530533 0.028063 -0.829768 -0.074804 -0.135932 -0.987890 0.152642 0.021526
male.bmp
  19 -17.530533 0.028063 -0.829768 -0.074804 -0.135932 -0.987890 0.152642 0.021526
  18 -15.811728 -0.291947 -0.827974 -0.110622 -0.427158 -0.897384 0.136986 0.117417
  19 -17.630533 -0.161696 -0.719353 -0.085492 -0.417853 -0.904483 0.140900 0.015656
male.bmp
  18 -15.811728 -0.291947 -0.827974 -0.110622 -0.427158 -0.897384 0.136986 0.117417
  19 -17.480533 -0.521433 -0.598566 -0.087228 -0.468029 -0.879398 0.121331 0.021526
  19 -17.630533 -0.161696 -0.719353 -0.085492 -0.417853 -0.904483 0.140900 0.015656
male.bmp
  26 -21.805242 -1.151009 -0.009983 -0.498737 -0.651571 -0.571592 0.637965 0.029354
  26 -21.804732 -1.236679 0.283037 -0.289798 -0.933601 0.210728 0.636008 0.048924
  26 -21.842195 -1.203899 0.278352 -0.701192 -0.710122 0.063688 0.628180 0.048924
male.bmp
  26 -21.842195 -1.203899 0.278352 -0.701192 -0.710122 0.063688 0.628180 0.048924
  26 -21.804732 -1.236679 0.283037 -0.289798 -0.933601 0.210728 0.636008 0.048924
  26 -21.898287 -1.017599 0.536318 -0.468662 -0.515266 0.717536 0.626223 0.068493
male.bmp
  26 -21.804732 -1.236679 0.283037 -0.289798 -0.933601 0.210728 0.636008 0.048924
  19 -20.709122 -0.883801 0.630518 -0.050972 -0.527366 0.848108 0.733855 0.088063
  26 -21.898287 -1.017599 0.536318 -0.468662 -0.515266 0.717536 0.626223 0.068493
male.bmp
  26 -21.898287 -1.017599 0.536318 -0.468662 -0.515266 0.717536 0.626223 0.068493
  19 -20.709122 -0.883801 0.630518 -0.050972 -0.527366 0.848108 0.733855 0.088063
  19 -20.766627 -0.580466 0.705891 -0.110984 0.102581 0.988514 0.726027 0.115460
male.bmp
  19 -20.709122 -0.883801 0.630518 -0.050972 -0.527366 0.848108 0.733855 0.088063
  19 -20.118329 -0.926782 0.641278 -0.047194 -0.359344 0.932011 0.788650 0.088063
  19 -20.766627 -0.580466 0.705891 -0.110984 0.102581 0.988514 0.726027 0.115460
male.bmp
  19 -20.766627 -0.580466 0.705891 -0.110984 0.102581 0.988514 0.726027 0.115460
  19 -20.118329 -0.926782 0.641278 -0.047194 -0.359344 0.932011 0.788650 0.088063
  19 -20.199881 -0.360344 0.690229 -0.058477 -0.018113 0.998124 0.776908 0.138943
male.bmp
  19 -20.118329 -0.926782 0.641278 -0.047194 -0.359344 0.932011 0.788650 0.088063
  19 -19.525750 -0.598231 0.709137 -0.000341 -0.151335 0.988482 0.839530 0.119374
  19 -20.199881 -0.360344 0.690229 -0.058477 -0.018113 0.998124 0.776908 0.138943
male.bmp
  19 -20.199881 -0.360344 0.690229 -0.058477 -0.018113 0.998124 0.776908 0.138943
  19 -19.525750 -0.598231 0.709137 -0.000341 -0.151335 0.988482 0.839530 0.119374
  19 -20.202639 0.322593 0.707246 -0.117716 0.202234 0.972237 0.772994 0.199609
male.bmp
  19 -19.525750 -0.598231 0.709137 -0.000341 -0.151335 0.988482 0.839530 0.119374
  19 -18.467345 0.044522 0.730278 -0.011732 0.065657 0.997773 0.931507 0.183953
  19 -20.202639 0.322593 0.707246 -0.117716 0.202234 0.972237 0.772994 0.199609
male.bmp
  19 -20.202639 0.322593 0.707246 -0.117716 0.202234 0.972237 0.772994 0.199609
  19 -18.467345 0.044522 0.730278 -0.011732 0.065657 0.997773 0.931507 0.183953
  19 -20.217344 0.870016 0.513567 -0.141405 0.404732 0.903436 0.769080 0.250489
male.bmp
  19 -18.467345 0.044522 0.730278 -0.011732 0.065657 0.997773 0.931507 0.183953
  19 -18.736072 0.695329 0.612654 0.076297 0.394210 0.915848 0.904110 0.240705
  19 -20.217344 0.870016 0.513567 -0.141405 0.404732 0.903436 0.769080 0.250489
male.bmp
  19 -20.217344 0.870016 0.513567 -0.141405 0.404732 0.903436 0.769080 0.250489
  19 -18.736072 0.695329 0.612654 0.076297 0.394210 0.915848 0.904110 0.240705
  19 -18.966949 1.256629 0.261885 0.136258 0.704118 0.696888 0.878669 0.281800
male.bmp
  19 -18.736072 0.695329 0.612654 0.076297 0.394210 0.915848 0.904110 0.240705
  19 -18.351820 1.086944 0.196134 0.263822 0.760439 0.593406 0.935421 0.272016
  19 -18.966949 1.256629 0.261885 0.136258 0.704118 0.696888 0.878669 0.281800
male.bmp
  19 -18.966949 1.256629 0.261885 0.136258 0.704118 0.696888 0.878669 0.281800
  19 -18.351820 1.086944 0.196134 0.263822 0.760439 0.593406 0.935421 0.272016
  19 -19.028976 1.625295 -0.287331 0.274903 0.960037 0.052508 0.866928 0.315068
male.bmp
  19 -18.351820 1.086944 0.196134 0.263822 0.760439 0.593406 0.935421 0.272016
  19 -18.291016 1.309364 -0.358061 0.336384 0.941153 -0.032810 0.941292 0.299413
  19 -19.028976 1.625295 -0.287331 0.274903 0.960037 0.052508 0.866928 0.315068
male.bmp
  19 -19.028976 1.625295 -0.287331 0.274903 0.960037 0.052508 0.866928 0.315068
  19 -18.291016 1.309364 -0.358061 0.336384 0.941153 -0.032810 0.941292 0.299413
  19 -18.920302 1.288824 -0.758157 0.200003 0.669694 -0.715199 0.882583 0.342466
male.bmp
  19 -18.291016 1.309364 -0.358061 0.336384 0.941153 -0.032810 0.941292 0.299413
  19 -18.284281 1.221067 -0.550826 0.239286 0.847718 -0.473409 0.945205 0.307241
  19 -18.920302 1.288824 -0.758157 0.200003 0.669694 -0.715199 0.882583 0.342466
male.bmp
  19 -18.920302 1.288824 -0.758157 0.200003 0.669694 -0.715199 0.882583 0.342466
  19 -18.284281 1.221067 -0.550826 0.239286 0.847718 -0.473409 0.945205 0.307241
  19 -18.297051 1.084470 -0.729930 0.226398 0.626684 -0.745662 0.947162 0.317025
male.bmp
  19 -18.284281 1.221067 -0.550826 0.239286 0.847718 -0.473409 0.945205 0.307241
  19 -18.000534 1.148672 -0.552218 -0.686077 0.640481 -0.345083 0.968689 0.301370
  19 -18.297051 1.084470 -0.729930 0.226398 0.626684 -0.745662 0.947162 0.317025
male.bmp
  19 -18.297051 1.084470 -0.729930 0.226398 0.626684 -0.745662 0.947162 0.317025
  19 -18.000534 1.148672 -0.552218 -0.686077 0.640481 -0.345083 0.968689 0.301370
  19 -18.000534 0.998345 -0.701890 -0.652830 0.468839 -0.594981 0.970646 0.309198
male.bmp
  9 22.442228 -1.374519 0.275450 0.701190 -0.710122 0.063705 0.628180 0.048924
  9 22.490547 -1.176481 0.532055 0.468645 -0.515265 0.717547 0.626223 0.068493
  9 22.404913 -1.406051 0.290054 0.289793 -0.933601 0.210736 0.636008 0.048924
male.bmp
  9 22.404913 -1.406051 0.290054 0.289793 -0.933601 0.210736 0.636008 0.048924
  9 22.490547 -1.176481 0.532055 0.468645 -0.515265 0.717547 0.626223 0.068493
  2 21.315743 -1.049784 0.629565 0.050952 -0.527364 0.848110 0.733855 0.088063
male.bmp
  9 22.490547 -1.176481 0.532055 0.468645 -0.515265 0.717547 0.626223 0.068493
  2 21.363252 -0.746269 0.705204 0.110961 0.102582 0.988516 0.726027 0.115460
  2 21.315743 -1.049784 0.629565 0.050952 -0.527364 0.848110 0.733855 0.088063
male.bmp
  2 21.315743 -1.049784 0.629565 0.050952 -0.527364 0.848110 0.733855 0.088063
  2 21.363252 -0.746269 0.705204 0.110961 0.102582 0.988516 0.726027 0.115460
  2 20.714955 -1.092585 0.640592 0.047172 -0.359342 0.932013 0.788650 0.088063
male.bmp
  2 21.363252 -0.746269 0.705204 0.110961 0.102582 0.988516 0.726027 0.115460
  2 20.796814 -0.523311 0.699127 0.058454 -0.018112 0.998126 0.776908 0.138943
  2 20.714955 -1.092585 0.640592 0.047172 -0.359342 0.932013 0.788650 0.088063
male.bmp
  2 20.714955 -1.092585 0.640592 0.047172 -0.359342 0.932013 0.788650 0.088063
  2 20.796814 -0.523311 0.699127 0.058454 -0.018112 0.998126 0.776908 0.138943
  2 20.132371 -0.764214 0.708184 0.000318 -0.151334 0.988483 0.839530 0.119374
male.bmp
  2 20.796814 -0.523311 0.699127 0.058454 -0.018112 0.998126 0.776908 0.138943
  2 20.799264 0.156791 0.706558 0.117694 0.202235 0.972239 0.772994 0.199609
  2 20.132371 -0.764214 0.708184 0.000318 -0.151334 0.988483 0.839530 0.119374
male.bmp
  2 20.132371 -0.764214 0.708184 0.000318 -0.151334 0.988483 0.839530 0.119374
  2 20.799264 0.156791 0.706558 0.117694 0.202235 0.972239 0.772994 0.199609
  2 19.063971 -0.121282 0.729592 0.011709 0.065658 0.997773 0.931507 0.183953
male.bmp
  2 20.799264 0.156791 0.706558 0.117694 0.202235 0.972239 0.772994 0.199609
  2 20.813969 0.704213 0.512877 0.141384 0.404733 0.903439 0.769080 0.250489
  2 19.063971 -0.121282 0.729592 0.011709 0.065658 0.997773 0.931507 0.183953
male.bmp
  2 19.063971 -0.121282 0.729592 0.011709 0.065658 0.997773 0.931507 0.183953
  2 20.813969 0.704213 0.512877 0.141384 0.404733 0.903439 0.769080 0.250489
  2 19.332697 0.529526 0.611965 -0.076318 0.394212 0.915845 0.904110 0.240705
male.bmp
  2 20.813969 0.704213 0.512877 0.141384 0.404733 0.903439 0.769080 0.250489
  2 19.563573 1.090825 0.261196 -0.136273 0.704119 0.696883 0.878669 0.281800
  2 19.332697 0.529526 0.611965 -0.076318 0.394212 0.915845 0.904110 0.240705
male.bmp
  2 19.332697 0.529526 0.611965 -0.076318 0.394212 0.915845 0.904110 0.240705
  2 19.563573 1.090825 0.261196 -0.136273 0.704119 0.696883 0.878669 0.281800
  2 18.948444 0.921139 0.195446 -0.263834 0.760440 0.593399 0.935421 0.272016
male.bmp
  2 19.563573 1.090825 0.261196 -0.136273 0.704119 0.696883 0.878669 0.281800
  2 19.625600 1.459489 -0.288021 -0.274903 0.960038 0.052500 0.866928 0.315068
  2 18.948444 0.921139 0.195446 -0.263834 0.760440 0.593399 0.935421 0.272016
male.bmp
  2 18.948444 0.921139 0.195446 -0.263834 0.760440 0.593399 0.935421 0.272016
  2 19.625600 1.459489 -0.288021 -0.274903 0.960038 0.052500 0.866928 0.315068
  2 18.887640 1.143558 -0.358750 -0.336380 0.941154 -0.032820 0.941292 0.299413
male.bmp
  2 19.625600 1.459489 -0.288021 -0.274903 0.960038 0.052500 0.866928 0.315068
  2 19.516926 1.123018 -0.758847 -0.199985 0.669693 -0.715204 0.882583 0.342466
  2 18.887640 1.143558 -0.358750 -0.336380 0.941154 -0.032820 0.941292 0.299413
male.bmp
  2 18.887640 1.143558 -0.358750 -0.336380 0.941154 -0.032820 0.941292 0.299413
  2 19.516926 1.123018 -0.758847 -0.199985 0.669693 -0.715204 0.882583 0.342466
  2 18.880905 1.055261 -0.551515 -0.239273 0.847718 -0.473415 0.945205 0.307241
male.bmp
  2 19.516926 1.123018 -0.758847 -0.199985 0.669693 -0.715204 0.882583 0.342466
  2 18.893674 0.918663 -0.730618 -0.226380 0.626683 -0.745668 0.947162 0.317025
  2 18.880905 1.055261 -0.551515 -0.239273 0.847718 -0.473415 0.945205 0.307241
male.bmp
  2 18.880905 1.055261 -0.551515 -0.239273 0.847718 -0.473415 0.945205 0.307241
  2 18.893674 0.918663 -0.730618 -0.226380 0.626683 -0.745668 0.947162 0.317025
  2 18.597225 0.977347 -0.553369 0.686089 0.640479 -0.345064 0.968689 0.301370
male.bmp
  2 18.893674 0.918663 -0.730618 -0.226380 0.626683 -0.745668 0.947162 0.317025
  2 18.597224 0.837347 -0.703369 0.652857 0.468832 -0.594957 0.970646 0.309198
  2 18.597225 0.977347 -0.553369 0.686089 0.640479 -0.345064 0.968689 0.301370
male.bmp
  1 1.840782 -2.879913 0.757446 0.106369 -0.894492 0.434246 0.011742 0.808219
  1 5.620806 -2.529914 -0.232463 0.150835 -0.966460 -0.207854 0.052838 0.669276
  1 5.640782 -2.429913 0.757537 0.144506 -0.889131 0.434240 0.007828 0.675147
male.bmp
  1 5.640782 -2.429913 0.757537 0.144506 -0.889131 0.434240 0.007828 0.675147
  1 5.620806 -2.529914 -0.232463 0.150835 -0.966460 -0.207854 0.052838 0.669276
  1 9.010805 -1.839914 -0.202382 0.276783 -0.942780 -0.185894 0.052838 0.522505
male.bmp
  1 5.620806 -2.529914 -0.232463 0.150835 -0.966460 -0.207854 0.052838 0.669276
  1 8.910829 -1.339915 -1.182385 0.217575 -0.579432 -0.785442 0.095890 0.524462
  1 9.010805 -1.839914 -0.202382 0.276783 -0.942780 -0.185894 0.052838 0.522505
male.bmp
  1 9.010805 -1.839914 -0.202382 0.276783 -0.942780 -0.185894 0.052838 0.522505
  1 8.910829 -1.339915 -1.182385 0.217575 -0.579432 -0.785442 0.095890 0.524462
  1 9.500827 -1.179915 -1.082371 0.217575 -0.579432 -0.785442 0.095890 0.497065
male.bmp
  1 8.910829 -1.339915 -1.182385 0.217575 -0.579432 -0.785442 0.095890 0.524462
  1 8.680836 -0.199916 -1.442392 0.079704 0.183572 -0.979770 0.174168 0.528376
  1 9.500827 -1.179915 -1.082371 0.217575 -0.579432 -0.785442 0.095890 0.497065
male.bmp
  1 9.500827 -1.179915 -1.082371 0.217575 -0.579432 -0.785442 0.095890 0.497065
  1 8.680836 -0.199916 -1.442392 0.079704 0.183572 -0.979770 0.174168 0.528376
  1 9.370833 -0.099915 -1.332375 0.011151 0.162107 -0.986710 0.172211 0.495108
male.bmp
  1 8.680836 -0.199916 -1.442392 0.079704 0.183572 -0.979770 0.174168 0.528376
  1 8.450819 0.860085 -0.772399 -0.058547 0.796846 -0.601339 0.228963 0.536204
  1 9.370833 -0.099915 -1.332375 0.011151 0.162107 -0.986710 0.172211 0.495108
male.bmp
  1 9.370833 -0.099915 -1.332375 0.011151 0.162107 -0.986710 0.172211 0.495108
  1 8.450819 0.860085 -0.772399 -0.058547 0.796846 -0.601339 0.228963 0.536204
  1 9.270817 0.970085 -0.672379 -0.108356 0.791324 -0.601719 0.232877 0.500978
male.bmp
  1 8.450819 0.860085 -0.772399 -0.058547 0.796846 -0.601339 0.228963 0.536204
  1 8.440791 1.160087 0.367601 -0.165504 0.979945 0.110980 0.285714 0.540117
  1 9.270817 0.970085 -0.672379 -0.108356 0.791324 -0.601719 0.232877 0.500978
male.bmp
  1 9.270817 0.970085 -0.672379 -0.108356 0.791324 -0.601719 0.232877 0.500978
  1 8.440791 1.160087 0.367601 -0.165504 0.979945 0.110980 0.285714 0.540117
  1 9.250796 1.400087 0.177620 -0.091980 0.993945 -0.060112 0.277886 0.502935
male.bmp
  1 8.440791 1.160087 0.367601 -0.165504 0.979945 0.110980 0.285714 0.540117
  1 9.310766 0.830088 1.397622 0.004700 0.523438 0.852051 0.338552 0.502935
  1 9.250796 1.400087 0.177620 -0.091980 0.993945 -0.060112 0.277886 0.502935
male.bmp
  1 9.250796 1.400087 0.177620 -0.091980 0.993945 -0.060112 0.277886 0.502935
  1 9.310766 0.830088 1.397622 0.004700 0.523438 0.852051 0.338552 0.502935
  1 9.983798 1.312582 0.289612 0.030341 0.990366 0.135110 0.277886 0.471624
male.bmp
  1 9.310766 0.830088 1.397622 0.004700 0.523438 0.852051 0.338552 0.502935
  1 9.998292 0.772834 1.169704 0.123227 0.593024 0.795700 0.334638 0.473581
  1 9.983798 1.312582 0.289612 0.030341 0.990366 0.135110 0.277886 0.471624
male.bmp
  1 9.983798 1.312582 0.289612 0.030341 0.990366 0.135110 0.277886 0.471624
  1 9.998292 0.772834 1.169704 0.123227 0.593024 0.795700 0.334638 0.473581
  1 12.713142 1.373433 0.122340 0.030341 0.990366 0.135110 0.279843 0.340509
male.bmp
  1 9.998292 0.772834 1.169704 0.123227 0.593024 0.795700 0.334638 0.473581
  1 12.787768 0.893957 1.142258 0.031122 0.696890 0.716502 0.326810 0.340509
  1 12.713142 1.373433 0.122340 0.030341 0.990366 0.135110 0.279843 0.340509
male.bmp
  1 12.713142 1.373433 0.122340 0.030341 0.990366 0.135110 0.279843 0.340509
  1 12.787768 0.893957 1.142258 0.031122 0.696890 0.716502 0.326810 0.340509
  1 14.573413 1.260837 0.047420 0.104278 0.985404 0.134554 0.268102 0.232877
male.bmp
  1 12.787768 0.893957 1.142258 0.031122 0.696890 0.716502 0.326810 0.340509
  1 14.638092 0.721304 0.997379 0.147017 0.648781 0.746639 0.318982 0.232877
  1 14.573413 1.260837 0.047420 0.104278 0.985404 0.134554 0.268102 0.232877
male.bmp
  1 14.573413 1.260837 0.047420 0.104278 0.985404 0.134554 0.268102 0.232877
  1 14.638092 0.721304 0.997379 0.147017 0.648781 0.746639 0.318982 0.232877
  1 16.474907 0.948439 0.132439 0.145581 0.936150 0.320047 0.272016 0.127202
male.bmp
  1 14.638092 0.721304 0.997379 0.147017 0.648781 0.746639 0.318982 0.232877
  1 16.478218 0.498577 0.702538 0.169223 0.611743 0.772745 0.315068 0.125245
  1 16.474907 0.948439 0.132439 0.145581 0.936150 0.320047 0.272016 0.127202
male.bmp
  18 -15.877922 0.662505 0.702006 -0.169241 0.611742 0.772741 0.315068 0.125245
  18 -14.037271 0.886749 1.005023 -0.147035 0.648780 0.746636 0.318982 0.232877
  18 -15.882613 1.118284 0.126555 -0.145588 0.936150 0.320044 0.272016 0.127202
male.bmp
  18 -15.882613 1.118284 0.126555 -0.145588 0.936150 0.320044 0.272016 0.127202
  18 -14.037271 0.886749 1.005023 -0.147035 0.648780 0.746636 0.318982 0.232877
  18 -13.974188 1.426605 0.050049 -0.104280 0.985404 0.134552 0.268102 0.232877
male.bmp
  18 -14.037271 0.886749 1.005023 -0.147035 0.648780 0.746636 0.318982 0.232877
  18 -12.197276 1.062697 1.137549 -0.031139 0.696889 0.716502 0.326810 0.340509
  18 -13.974188 1.426605 0.050049 -0.104280 0.985404 0.134552 0.268102 0.232877
male.bmp
  18 -13.974188 1.426605 0.050049 -0.104280 0.985404 0.134552 0.268102 0.232877
  18 -12.197276 1.062697 1.137549 -0.031139 0.696889 0.716502 0.326810 0.340509
  18 -12.114219 1.533237 0.121777 -0.030343 0.990366 0.135110 0.279843 0.340509
male.bmp
  18 -12.197276 1.062697 1.137549 -0.031139 0.696889 0.716502 0.326810 0.340509
  18 -9.396569 0.943402 1.172288 -0.123246 0.593023 0.795697 0.334638 0.473581
  18 -12.114219 1.533237 0.121777 -0.030343 0.990366 0.135110 0.279843 0.340509
male.bmp
  18 -12.114219 1.533237 0.121777 -0.030343 0.990366 0.135110 0.279843 0.340509
  18 -9.396569 0.943402 1.172288 -0.123246 0.593023 0.795697 0.334638 0.473581
  18 -9.383133 1.482358 0.287558 -0.030343 0.990366 0.135110 0.277886 0.471624
male.bmp
  18 -9.396569 0.943402 1.172288 -0.123246 0.593023 0.795697 0.334638 0.473581
  18 -8.704403 0.996079 1.396098 -0.004721 0.523437 0.852051 0.338552 0.502935
  18 -9.383133 1.482358 0.287558 -0.030343 0.990366 0.135110 0.277886 0.471624
male.bmp
  18 -9.383133 1.482358 0.287558 -0.030343 0.990366 0.135110 0.277886 0.471624
  18 -8.704403 0.996079 1.396098 -0.004721 0.523437 0.852051 0.338552 0.502935
  18 -8.654404 1.566079 0.176098 0.091982 0.993945 -0.060109 0.277886 0.502935
male.bmp
  18 -8.704403 0.996079 1.396098 -0.004721 0.523437 0.852051 0.338552 0.502935
  18 -7.844404 1.326079 0.366098 0.165501 0.979945 0.110985 0.285714 0.540117
  18 -8.654404 1.566079 0.176098 0.091982 0.993945 -0.060109 0.277886 0.502935
male.bmp
  18 -8.654404 1.566079 0.176098 0.091982 0.993945 -0.060109 0.277886 0.502935
  18 -7.844404 1.326079 0.366098 0.165501 0.979945 0.110985 0.285714 0.540117
  18 -8.674405 1.136079 -0.663902 0.108371 0.791324 -0.601716 0.232877 0.500978
male.bmp
  18 -7.844404 1.326079 0.366098 0.165501 0.979945 0.110985 0.285714 0.540117
  18 -7.854405 1.026079 -0.773903 0.058561 0.796847 -0.601337 0.228963 0.536204
  18 -8.674405 1.136079 -0.663902 0.108371 0.791324 -0.601716 0.232877 0.500978
male.bmp
  18 -8.674405 1.136079 -0.663902 0.108371 0.791324 -0.601716 0.232877 0.500978
  18 -7.854405 1.026079 -0.773903 0.058561 0.796847 -0.601337 0.228963 0.536204
  18 -8.774406 0.066079 -1.333902 -0.011126 0.162107 -0.986710 0.172211 0.495108
male.bmp
  18 -7.854405 1.026079 -0.773903 0.058561 0.796847 -0.601337 0.228963 0.536204
  18 -8.084405 -0.033921 -1.443902 -0.079681 0.183573 -0.979771 0.174168 0.528376
  18 -8.774406 0.066079 -1.333902 -0.011126 0.162107 -0.986710 0.172211 0.495108
male.bmp
  18 -8.774406 0.066079 -1.333902 -0.011126 0.162107 -0.986710 0.172211 0.495108
  18 -8.084405 -0.033921 -1.443902 -0.079681 0.183573 -0.979771 0.174168 0.528376
  18 -8.904405 -1.013921 -1.083902 -0.217557 -0.579431 -0.785448 0.095890 0.497065
male.bmp
  18 -8.084405 -0.033921 -1.443902 -0.079681 0.183573 -0.979771 0.174168 0.528376
  18 -8.314405 -1.173921 -1.183903 -0.217557 -0.579431 -0.785448 0.095890 0.524462
  18 -8.904405 -1.013921 -1.083902 -0.217557 -0.579431 -0.785448 0.095890 0.497065
male.bmp
  18 -8.904405 -1.013921 -1.083902 -0.217557 -0.579431 -0.785448 0.095890 0.497065
  18 -8.314405 -1.173921 -1.183903 -0.217557 -0.579431 -0.785448 0.095890 0.524462
  18 -8.404405 -1.673921 -0.203903 -0.276781 -0.942779 -0.185901 0.052838 0.522505
male.bmp
  18 -8.314405 -1.173921 -1.183903 -0.217557 -0.579431 -0.785448 0.095890 0.524462
  18 -5.014405 -2.363921 -0.233905 -0.150831 -0.966460 -0.207858 0.052838 0.669276
  18 -8.404405 -1.673921 -0.203903 -0.276781 -0.942779 -0.185901 0.052838 0.522505
male.bmp
  18 -8.404405 -1.673921 -0.203903 -0.276781 -0.942779 -0.185901 0.052838 0.522505
  18 -5.014405 -2.363921 -0.233905 -0.150831 -0.966460 -0.207858 0.052838 0.669276
  18 -5.044404 -2.263921 0.756095 -0.144517 -0.889131 0.434235 0.007828 0.675147
male.bmp
  18 -5.014405 -2.363921 -0.233905 -0.150831 -0.966460 -0.207858 0.052838 0.669276
  18 -1.244405 -2.713922 0.756093 -0.106379 -0.894492 0.434243 0.011742 0.808219
  18 -5.044404 -2.263921 0.756095 -0.144517 -0.889131 0.434235 0.007828 0.675147
male.bmp
  9 22.407298 -1.311917 -0.014138 0.498750 -0.651571 -0.571580 0.637965 0.029354
  9 22.404913 -1.406051 0.290054 0.289793 -0.933601 0.210736 0.636008 0.048924
  9 22.349952 -1.343144 -0.029511 0.179684 -0.774207 -0.606891 0.643836 0.029354
male.bmp
  9 22.349952 -1.343144 -0.029511 0.179684 -0.774207 -0.606891 0.643836 0.029354
  9 22.404913 -1.406051 0.290054 0.289793 -0.933601 0.210736 0.636008 0.048924
  9 21.438579 -1.289915 0.269765 0.067397 -0.967324 0.244423 0.722114 0.064579
male.bmp
  9 22.404913 -1.406051 0.290054 0.289793 -0.933601 0.210736 0.636008 0.048924
  2 21.315743 -1.049784 0.629565 0.050952 -0.527364 0.848110 0.733855 0.088063
  9 21.438579 -1.289915 0.269765 0.067397 -0.967324 0.244423 0.722114 0.064579
male.bmp
  9 21.438579 -1.289915 0.269765 0.067397 -0.967324 0.244423 0.722114 0.064579
  2 21.315743 -1.049784 0.629565 0.050952 -0.527364 0.848110 0.733855 0.088063
  9 21.085553 -1.365075 0.314746 0.298969 -0.864863 0.403274 0.763209 0.060665
male.bmp
  2 21.315743 -1.049784 0.629565 0.050952 -0.527364 0.848110 0.733855 0.088063
  2 20.714955 -1.092585 0.640592 0.047172 -0.359342 0.932013 0.788650 0.088063
  9 21.085553 -1.365075 0.314746 0.298969 -0.864863 0.403274 0.763209 0.060665
male.bmp
  9 21.085553 -1.365075 0.314746 0.298969 -0.864863 0.403274 0.763209 0.060665
  2 20.714955 -1.092585 0.640592 0.047172 -0.359342 0.932013 0.788650 0.088063
  15 20.465309 -1.594308 0.404964 0.342529 -0.502139 0.794059 0.814090 0.041096
male.bmp
  2 20.714955 -1.092585 0.640592 0.047172 -0.359342 0.932013 0.788650 0.088063
  2 20.132371 -0.764214 0.708184 0.000318 -0.151334 0.988483 0.839530 0.119374
  15 20.465309 -1.594308 0.404964 0.342529 -0.502139 0.794059 0.814090 0.041096
male.bmp
  15 20.465309 -1.594308 0.404964 0.342529 -0.502139 0.794059 0.814090 0.041096
  2 20.132371 -0.764214 0.708184 0.000318 -0.151334 0.988483 0.839530 0.119374
  15 20.065182 -1.567028 0.485920 -0.017226 -0.360580 0.932569 0.849315 0.046967
male.bmp
  2 20.132371 -0.764214 0.708184 0.000318 -0.151334 0.988483 0.839530 0.119374
  2 19.159223 -0.832618 0.655239 -0.083672 -0.325813 0.941724 0.927593 0.119374
  15 20.065182 -1.567028 0.485920 -0.017226 -0.360580 0.932569 0.849315 0.046967
male.bmp
  15 20.065182 -1.567028 0.485920 -0.017226 -0.360580 0.932569 0.849315 0.046967
  2 19.159223 -0.832618 0.655239 -0.083672 -0.325813 0.941724 0.927593 0.119374
  15 19.435449 -1.464803 0.419686 -0.350757 -0.519974 0.778843 0.908023 0.060665
male.bmp
  2 19.159223 -0.832618 0.655239 -0.083672 -0.325813 0.941724 0.927593 0.119374
  15 18.967337 -1.323766 0.164580 -0.406466 -0.732194 0.546513 0.953033 0.074364
  15 19.435449 -1.464803 0.419686 -0.350757 -0.519974 0.778843 0.908023 0.060665
male.bmp
  15 19.435449 -1.464803 0.419686 -0.350757 -0.519974 0.778843 0.908023 0.060665
  15 18.967337 -1.323766 0.164580 -0.406466 -0.732194 0.546513 0.953033 0.074364
  15 19.321976 -1.909081 -0.118683 -0.703569 -0.616063 0.354198 0.925636 0.025440
male.bmp
  15 18.967337 -1.323766 0.164580 -0.406466 -0.732194 0.546513 0.953033 0.074364
  15 18.957043 -1.402572 -0.038850 -0.637219 -0.760663 0.123873 0.958904 0.068493
  15 19.321976 -1.909081 -0.118683 -0.703569 -0.616063 0.354198 0.925636 0.025440
male.bmp
  15 19.321976 -1.909081 -0.118683 -0.703569 -0.616063 0.354198 0.925636 0.025440
  15 18.957043 -1.402572 -0.038850 -0.637219 -0.760663 0.123873 0.958904 0.068493
  15 19.303093 -1.931266 -0.293472 -0.798353 -0.602190 -0.000639 0.933464 0.021526
male.bmp
  15 18.957043 -1.402572 -0.038850 -0.637219 -0.760663 0.123873 0.958904 0.068493
  15 18.968554 -1.379218 -0.308520 -0.714995 -0.645484 -0.268574 0.966732 0.058708
  15 19.303093 -1.931266 -0.293472 -0.798353 -0.602190 -0.000639 0.933464 0.021526
male.bmp
  15 19.303093 -1.931266 -0.293472 -0.798353 -0.602190 -0.000639 0.933464 0.021526
  15 18.968554 -1.379218 -0.308520 -0.714995 -0.645484 -0.268574 0.966732 0.058708
  15 19.285908 -1.866830 -0.405064 -0.822511 -0.564884 -0.066195 0.941292 0.017613
male.bmp
  15 18.968554 -1.379218 -0.308520 -0.714995 -0.645484 -0.268574 0.966732 0.058708
  15 19.274091 -1.848156 -0.553764 -0.756864 -0.450189 -0.473801 0.947162 0.011742
  15 19.285908 -1.866830 -0.405064 -0.822511 -0.564884 -0.066195 0.941292 0.017613
male.bmp
  2 18.157224 -0.332653 -0.723365 -0.798551 0.072361 0.597562 0.598826 0.720157
  2 17.827224 -0.502654 -0.843364 -0.725834 0.658271 0.199610 0.592955 0.729941
  2 18.087224 -0.672653 -0.583364 -0.554457 0.457222 0.695360 0.608611 0.739726
male.bmp
  2 18.087224 -0.672653 -0.583364 -0.554457 0.457222 0.695360 0.608611 0.739726
  2 17.827224 -0.502654 -0.843364 -0.725834 0.658271 0.199610 0.592955 0.729941
  2 17.847224 -0.832653 -0.693363 -0.863048 0.263742 0.430800 0.602740 0.749511
male.bmp
  2 17.827224 -0.502654 -0.843364 -0.725834 0.658271 0.199610 0.592955 0.729941
  2 17.817224 -0.512654 -0.883364 -0.760263 0.330068 -0.559513 0.589041 0.729941
  2 17.847224 -0.832653 -0.693363 -0.863048 0.263742 0.430800 0.602740 0.749511
male.bmp
  2 17.847224 -0.832653 -0.693363 -0.863048 0.263742 0.430800 0.602740 0.749511
  2 17.817224 -0.512654 -0.883364 -0.760263 0.330068 -0.559513 0.589041 0.729941
  2 17.837224 -0.862653 -0.723363 -0.844129 -0.312610 -0.435570 0.600783 0.753425
male.bmp
  2 17.817224 -0.512654 -0.883364 -0.760263 0.330068 -0.559513 0.589041 0.729941
  2 17.887224 -0.882653 -0.733363 0.027882 -0.545338 -0.837753 0.596869 0.755382
  2 17.837224 -0.862653 -0.723363 -0.844129 -0.312610 -0.435570 0.600783 0.753425
male.bmp
  2 17.837224 -0.862653 -0.723363 -0.844129 -0.312610 -0.435570 0.600783 0.753425
  2 17.887224 -0.882653 -0.733363 0.027882 -0.545338 -0.837753 0.596869 0.755382
  2 17.847224 -1.152653 -0.473363 -0.843557 -0.379138 -0.380350 0.616438 0.771037
male.bmp
  2 17.887224 -0.882653 -0.733363 0.027882 -0.545338 -0.837753 0.596869 0.755382
  2 17.897224 -1.172653 -0.473363 0.028972 -0.732731 -0.679902 0.614481 0.774951
  2 17.847224 -1.152653 -0.473363 -0.843557 -0.379138 -0.380350 0.616438 0.771037
male.bmp
  2 17.847224 -1.152653 -0.473363 -0.843557 -0.379138 -0.380350 0.616438 0.771037
  2 17.897224 -1.172653 -0.473363 0.028972 -0.732731 -0.679902 0.614481 0.774951
  2 17.837225 -1.332652 -0.243362 -0.834077 -0.473231 -0.283494 0.632094 0.778865
male.bmp
  2 17.897224 -1.172653 -0.473363 0.028972 -0.732731 -0.679902 0.614481 0.774951
  2 17.887225 -1.352652 -0.243362 0.007650 -0.899138 -0.437598 0.632094 0.782779
  2 17.837225 -1.332652 -0.243362 -0.834077 -0.473231 -0.283494 0.632094 0.778865
male.bmp
  2 17.837225 -1.332652 -0.243362 -0.834077 -0.473231 -0.283494 0.632094 0.778865
  2 17.887225 -1.352652 -0.243362 0.007650 -0.899138 -0.437598 0.632094 0.782779
  2 17.817225 -1.422651 0.086638 -0.833621 -0.551670 -0.027143 0.651663 0.782779
male.bmp
  2 17.887225 -1.352652 -0.243362 0.007650 -0.899138 -0.437598 0.632094 0.782779
  2 17.867225 -1.442651 0.086638 0.008472 -0.999784 -0.018975 0.653620 0.786693
  2 17.817225 -1.422651 0.086638 -0.833621 -0.551670 -0.027143 0.651663 0.782779
male.bmp
  2 17.817225 -1.422651 0.086638 -0.833621 -0.551670 -0.027143 0.651663 0.782779
  2 17.867225 -1.442651 0.086638 0.008472 -0.999784 -0.018975 0.653620 0.786693
  2 17.827226 -1.372651 0.316638 -0.833338 -0.499542 0.236655 0.663405 0.782779
male.bmp
  2 17.867225 -1.442651 0.086638 0.008472 -0.999784 -0.018975 0.653620 0.786693
  2 17.877226 -1.392651 0.326638 0.024730 -0.921965 0.386483 0.665362 0.786693
  2 17.827226 -1.372651 0.316638 -0.833338 -0.499542 0.236655 0.663405 0.782779
male.bmp
  2 17.827226 -1.372651 0.316638 -0.833338 -0.499542 0.236655 0.663405 0.782779
  2 17.877226 -1.392651 0.326638 0.024730 -0.921965 0.386483 0.665362 0.786693
  2 17.827227 -1.052649 0.786637 -0.800317 -0.302523 0.517661 0.694716 0.763209
male.bmp
  2 17.877226 -1.392651 0.326638 0.024730 -0.921965 0.386483 0.665362 0.786693
  2 17.877227 -1.072650 0.796637 0.018213 -0.571916 0.820110 0.698630 0.767123
  2 17.827227 -1.052649 0.786637 -0.800317 -0.302523 0.517661 0.694716 0.763209
male.bmp
  2 17.827227 -1.052649 0.786637 -0.800317 -0.302523 0.517661 0.694716 0.763209
  2 17.877227 -1.072650 0.796637 0.018213 -0.571916 0.820110 0.698630 0.767123
  2 17.807227 -0.222649 0.946635 -0.847940 0.007538 0.530038 0.704501 0.710372
male.bmp
  2 17.877227 -1.072650 0.796637 0.018213 -0.571916 0.820110 0.698630 0.767123
  2 17.857227 -0.232649 0.966635 -0.027388 0.023255 0.999354 0.708415 0.710372
  2 17.807227 -0.222649 0.946635 -0.847940 0.007538 0.530038 0.704501 0.710372
male.bmp
  2 17.797225 1.037347 -0.623368 -0.150463 0.875467 -0.459258 0.039139 0.947162
  2 18.217224 0.837347 -0.753368 -0.577853 0.525141 -0.624750 0.060665 0.890411
  2 17.797224 0.887346 -0.803368 -0.118298 0.644652 -0.755267 0.054795 0.947162
male.bmp
  2 17.797224 0.887346 -0.803368 -0.118298 0.644652 -0.755267 0.054795 0.947162
  2 18.217224 0.837347 -0.753368 -0.577853 0.525141 -0.624750 0.060665 0.890411
  2 17.817224 0.647346 -0.933367 -0.094568 0.340485 -0.935482 0.078278 0.947162
male.bmp
  2 18.217224 0.837347 -0.753368 -0.577853 0.525141 -0.624750 0.060665 0.890411
  2 18.217224 0.617346 -0.873368 -0.649316 0.242539 -0.720807 0.084149 0.890411
  2 17.817224 0.647346 -0.933367 -0.094568 0.340485 -0.935482 0.078278 0.947162
male.bmp
  2 17.817224 0.647346 -0.933367 -0.094568 0.340485 -0.935482 0.078278 0.947162
  2 18.217224 0.617346 -0.873368 -0.649316 0.242539 -0.720807 0.084149 0.890411
  2 17.837224 0.397346 -0.983367 -0.063105 0.051854 -0.996659 0.101761 0.945205
male.bmp
  2 18.217224 0.617346 -0.873368 -0.649316 0.242539 -0.720807 0.084149 0.890411
  2 18.227224 0.387346 -0.913367 -0.686749 0.008064 -0.726850 0.105675 0.890411
  2 17.837224 0.397346 -0.983367 -0.063105 0.051854 -0.996659 0.101761 0.945205
male.bmp
  2 17.837224 0.397346 -0.983367 -0.063105 0.051854 -0.996659 0.101761 0.945205
  2 18.227224 0.387346 -0.913367 -0.686749 0.008064 -0.726850 0.105675 0.890411
  2 18.217224 -0.372654 -0.803365 -0.746283 -0.138660 -0.651026 0.197652 0.894325
male.bmp
  2 18.227224 0.387346 -0.913367 -0.686749 0.008064 -0.726850 0.105675 0.890411
  2 18.217224 -0.412654 -0.853365 -0.722171 -0.167925 -0.671021 0.201566 0.890411
  2 18.217224 -0.372654 -0.803365 -0.746283 -0.138660 -0.651026 0.197652 0.894325
male.bmp
  2 18.217224 -0.372654 -0.803365 -0.746283 -0.138660 -0.651026 0.197652 0.894325
  2 18.217224 -0.412654 -0.853365 -0.722171 -0.167925 -0.671021 0.201566 0.890411
  2 18.217224 -0.752653 -0.643364 -0.568808 -0.422211 -0.705830 0.238748 0.892368
male.bmp
  2 18.217224 -0.412654 -0.853365 -0.722171 -0.167925 -0.671021 0.201566 0.890411
  2 18.217224 -0.782653 -0.683364 -0.708024 -0.369125 -0.602037 0.242661 0.888454
  2 18.217224 -0.752653 -0.643364 -0.568808 -0.422211 -0.705830 0.238748 0.892368
male.bmp
  2 18.217224 -0.752653 -0.643364 -0.568808 -0.422211 -0.705830 0.238748 0.892368
  2 18.217224 -0.782653 -0.683364 -0.708024 -0.369125 -0.602037 0.242661 0.888454
  2 18.217225 -1.072653 -0.393364 -0.520962 -0.614997 -0.591928 0.279843 0.892368
male.bmp
  2 18.217224 -0.782653 -0.683364 -0.708024 -0.369125 -0.602037 0.242661 0.888454
  2 18.227225 -1.102653 -0.433363 -0.692614 -0.514655 -0.505386 0.283757 0.888454
  2 18.217225 -1.072653 -0.393364 -0.520962 -0.614997 -0.591928 0.279843 0.892368
male.bmp
  2 18.217225 -1.072653 -0.393364 -0.520962 -0.614997 -0.591928 0.279843 0.892368
  2 18.227225 -1.102653 -0.433363 -0.692614 -0.514655 -0.505386 0.283757 0.888454
  2 18.227225 -1.272652 -0.223363 -0.659086 -0.676604 -0.328349 0.303327 0.886497
male.bmp
  2 18.227225 -1.102653 -0.433363 -0.692614 -0.514655 -0.505386 0.283757 0.888454
  2 18.587225 -1.292652 -0.283364 0.553191 -0.739993 -0.382611 0.305284 0.841487
  2 18.227225 -1.272652 -0.223363 -0.659086 -0.676604 -0.328349 0.303327 0.886497
male.bmp
  2 18.227225 -1.272652 -0.223363 -0.659086 -0.676604 -0.328349 0.303327 0.886497
  2 18.587225 -1.292652 -0.283364 0.553191 -0.739993 -0.382611 0.305284 0.841487
  2 18.597225 -1.362652 0.016636 0.611390 -0.790368 -0.038995 0.326810 0.839530
male.bmp
  2 18.587225 -1.292652 -0.283364 0.553191 -0.739993 -0.382611 0.305284 0.841487
  2 18.607225 -1.262652 0.016636 0.620613 -0.782920 0.043307 0.324853 0.831703
  2 18.597225 -1.362652 0.016636 0.611390 -0.790368 -0.038995 0.326810 0.839530
male.bmp
  2 18.597225 -1.362652 0.016636 0.611390 -0.790368 -0.038995 0.326810 0.839530
  2 18.607225 -1.262652 0.016636 0.620613 -0.782920 0.043307 0.324853 0.831703
  2 18.607226 -1.302651 0.216636 0.690433 -0.669900 0.273013 0.340509 0.839530
male.bmp
  2 18.607225 -1.262652 0.016636 0.620613 -0.782920 0.043307 0.324853 0.831703
  2 18.617226 -1.192651 0.216636 0.629046 -0.694293 0.349656 0.338552 0.829746
  2 18.607226 -1.302651 0.216636 0.690433 -0.669900 0.273013 0.340509 0.839530
male.bmp
  32 -18.676800 -1.675010 -0.561145 0.756874 -0.450187 -0.473786 0.947162 0.011742
  32 -18.370980 -1.212421 -0.307992 0.715000 -0.645486 -0.268557 0.966732 0.058708
  32 -18.690181 -1.703945 -0.413891 0.822513 -0.564883 -0.066179 0.941292 0.017613
male.bmp
  32 -18.690181 -1.703945 -0.413891 0.822513 -0.564883 -0.066179 0.941292 0.017613
  32 -18.370980 -1.212421 -0.307992 0.715000 -0.645486 -0.268557 0.966732 0.058708
  32 -18.711630 -1.758461 -0.290733 0.798353 -0.602190 -0.000619 0.933464 0.021526
male.bmp
  32 -18.370980 -1.212421 -0.307992 0.715000 -0.645486 -0.268557 0.966732 0.058708
  32 -18.360477 -1.245477 -0.039856 0.637214 -0.760664 0.123888 0.958904 0.068493
  32 -18.711630 -1.758461 -0.290733 0.798353 -0.602190 -0.000619 0.933464 0.021526
male.bmp
  32 -18.711630 -1.758461 -0.290733 0.798353 -0.602190 -0.000619 0.933464 0.021526
  32 -18.360477 -1.245477 -0.039856 0.637214 -0.760664 0.123888 0.958904 0.068493
  32 -18.723759 -1.748115 -0.127497 0.703561 -0.616063 0.354216 0.925636 0.025440
male.bmp
  32 -18.360477 -1.245477 -0.039856 0.637214 -0.760664 0.123888 0.958904 0.068493
  32 -18.370100 -1.156569 0.155344 0.406452 -0.732196 0.546521 0.953033 0.074364
  32 -18.723759 -1.748115 -0.127497 0.703561 -0.616063 0.354216 0.925636 0.025440
male.bmp
  32 -18.723759 -1.748115 -0.127497 0.703561 -0.616063 0.354216 0.925636 0.025440
  32 -18.370100 -1.156569 0.155344 0.406452 -0.732196 0.546521 0.953033 0.074364
  32 -18.836165 -1.293109 0.414844 0.350739 -0.519976 0.778850 0.908023 0.060665
male.bmp
  32 -18.370100 -1.156569 0.155344 0.406452 -0.732196 0.546521 0.953033 0.074364
  19 -18.562597 -0.666814 0.655924 0.083649 -0.325815 0.941726 0.927593 0.119374
  32 -18.836165 -1.293109 0.414844 0.350739 -0.519976 0.778850 0.908023 0.060665
male.bmp
  32 -18.836165 -1.293109 0.414844 0.350739 -0.519976 0.778850 0.908023 0.060665
  19 -18.562597 -0.666814 0.655924 0.083649 -0.325815 0.941726 0.927593 0.119374
  32 -19.468498 -1.405721 0.484655 0.017203 -0.360581 0.932569 0.849315 0.046967
male.bmp
  19 -18.562597 -0.666814 0.655924 0.083649 -0.325815 0.941726 0.927593 0.119374
  19 -19.525750 -0.598231 0.709137 -0.000341 -0.151335 0.988482 0.839530 0.119374
  32 -19.468498 -1.405721 0.484655 0.017203 -0.360581 0.932569 0.849315 0.046967
male.bmp
  32 -19.468498 -1.405721 0.484655 0.017203 -0.360581 0.932569 0.849315 0.046967
  19 -19.525750 -0.598231 0.709137 -0.000341 -0.151335 0.988482 0.839530 0.119374
  32 -19.864927 -1.437601 0.406374 -0.342548 -0.502140 0.794051 0.814090 0.041096
male.bmp
  19 -19.525750 -0.598231 0.709137 -0.000341 -0.151335 0.988482 0.839530 0.119374
  19 -20.118329 -0.926782 0.641278 -0.047194 -0.359344 0.932011 0.788650 0.088063
  32 -19.864927 -1.437601 0.406374 -0.342548 -0.502140 0.794051 0.814090 0.041096
male.bmp
  32 -19.864927 -1.437601 0.406374 -0.342548 -0.502140 0.794051 0.814090 0.041096
  19 -20.118329 -0.926782 0.641278 -0.047194 -0.359344 0.932011 0.788650 0.088063
  26 -20.493143 -1.207440 0.309096 -0.298981 -0.864862 0.403267 0.763209 0.060665
male.bmp
  19 -20.118329 -0.926782 0.641278 -0.047194 -0.359344 0.932011 0.788650 0.088063
  19 -20.709122 -0.883801 0.630518 -0.050972 -0.527366 0.848108 0.733855 0.088063
  26 -20.493143 -1.207440 0.309096 -0.298981 -0.864862 0.403267 0.763209 0.060665
male.bmp
  26 -20.493143 -1.207440 0.309096 -0.298981 -0.864862 0.403267 0.763209 0.060665
  19 -20.709122 -0.883801 0.630518 -0.050972 -0.527366 0.848108 0.733855 0.088063
  26 -20.848340 -1.121320 0.272782 -0.067394 -0.967324 0.244423 0.722114 0.064579
male.bmp
  19 -20.709122 -0.883801 0.630518 -0.050972 -0.527366 0.848108 0.733855 0.088063
  26 -21.804732 -1.236679 0.283037 -0.289798 -0.933601 0.210728 0.636008 0.048924
  26 -20.848340 -1.121320 0.272782 -0.067394 -0.967324 0.244423 0.722114 0.064579
male.bmp
  26 -20.848340 -1.121320 0.272782 -0.067394 -0.967324 0.244423 0.722114 0.064579
  26 -21.804732 -1.236679 0.283037 -0.289798 -0.933601 0.210728 0.636008 0.048924
  26 -21.749770 -1.173771 -0.036528 -0.179670 -0.774207 -0.606896 0.643836 0.029354
male.bmp
  26 -21.804732 -1.236679 0.283037 -0.289798 -0.933601 0.210728 0.636008 0.048924
  26 -21.805242 -1.151009 -0.009983 -0.498737 -0.651571 -0.571592 0.637965 0.029354
  26 -21.749770 -1.173771 -0.036528 -0.179670 -0.774207 -0.606896 0.643836 0.029354
male.bmp
  19 -18.020534 -1.029661 0.212547 -0.629057 -0.694291 0.349639 0.338552 0.829746
  19 -18.010533 -1.100076 0.022700 -0.620615 -0.782920 0.043292 0.324853 0.831703
  19 -18.010534 -1.139660 0.212787 -0.690439 -0.669900 0.272998 0.340509 0.839530
male.bmp
  19 -18.010534 -1.139660 0.212787 -0.690439 -0.669900 0.272998 0.340509 0.839530
  19 -18.010533 -1.100076 0.022700 -0.620615 -0.782920 0.043292 0.324853 0.831703
  19 -18.000533 -1.200119 0.002919 -0.611390 -0.790367 -0.039010 0.326810 0.839530
male.bmp
  19 -18.010533 -1.100076 0.022700 -0.620615 -0.782920 0.043292 0.324853 0.831703
  19 -17.990533 -1.120732 -0.277255 -0.553178 -0.739995 -0.382624 0.305284 0.841487
  19 -18.000533 -1.200119 0.002919 -0.611390 -0.790367 -0.039010 0.326810 0.839530
male.bmp
  19 -18.000533 -1.200119 0.002919 -0.611390 -0.790367 -0.039010 0.326810 0.839530
  19 -17.990533 -1.120732 -0.277255 -0.553178 -0.739995 -0.382624 0.305284 0.841487
  19 -17.630533 -1.110622 -0.227277 0.659088 -0.676608 -0.328336 0.303327 0.886497
male.bmp
  19 -17.990533 -1.120732 -0.277255 -0.553178 -0.739995 -0.382624 0.305284 0.841487
  19 -17.630533 -0.941060 -0.427648 0.692626 -0.514654 -0.505371 0.283757 0.888454
  19 -17.630533 -1.110622 -0.227277 0.659088 -0.676608 -0.328336 0.303327 0.886497
male.bmp
  19 -17.630533 -1.110622 -0.227277 0.659088 -0.676608 -0.328336 0.303327 0.886497
  19 -17.630533 -0.941060 -0.427648 0.692626 -0.514654 -0.505371 0.283757 0.888454
  19 -17.620533 -0.900973 -0.387735 0.520975 -0.614996 -0.591917 0.279843 0.892368
male.bmp
  19 -17.630533 -0.941060 -0.427648 0.692626 -0.514654 -0.505371 0.283757 0.888454
  19 -17.620532 -0.621629 -0.688347 0.708032 -0.369128 -0.602026 0.242661 0.888454
  19 -17.620533 -0.900973 -0.387735 0.520975 -0.614996 -0.591917 0.279843 0.892368
male.bmp
  19 -17.620533 -0.900973 -0.387735 0.520975 -0.614996 -0.591917 0.279843 0.892368
  19 -17.620532 -0.621629 -0.688347 0.708032 -0.369128 -0.602026 0.242661 0.888454
  19 -17.620532 -0.591542 -0.648413 0.568815 -0.422214 -0.705822 0.238748 0.892368
male.bmp
  19 -17.620532 -0.621629 -0.688347 0.708032 -0.369128 -0.602026 0.242661 0.888454
  19 -17.620532 -0.241980 -0.849177 0.722186 -0.167924 -0.671005 0.201566 0.890411
  19 -17.620532 -0.591542 -0.648413 0.568815 -0.422214 -0.705822 0.238748 0.892368
male.bmp
  19 -17.620532 -0.591542 -0.648413 0.568815 -0.422214 -0.705822 0.238748 0.892368
  19 -17.620532 -0.241980 -0.849177 0.722186 -0.167924 -0.671005 0.201566 0.890411
  19 -17.620532 -0.211893 -0.809243 0.746297 -0.138660 -0.651010 0.197652 0.894325
male.bmp
  19 -17.620532 -0.241980 -0.849177 0.722186 -0.167924 -0.671005 0.201566 0.890411
  19 -17.620533 0.547887 -0.910905 0.686765 0.008063 -0.726835 0.105675 0.890411
  19 -17.620532 -0.211893 -0.809243 0.746297 -0.138660 -0.651010 0.197652 0.894325
male.bmp
  19 -17.620532 -0.211893 -0.809243 0.746297 -0.138660 -0.651010 0.197652 0.894325
  19 -17.620533 0.547887 -0.910905 0.686765 0.008063 -0.726835 0.105675 0.890411
  19 -17.240533 0.557734 -0.980926 0.063128 0.051855 -0.996657 0.101761 0.945205
male.bmp
  19 -17.620533 0.547887 -0.910905 0.686765 0.008063 -0.726835 0.105675 0.890411
  19 -17.620533 0.787952 -0.881430 0.649333 0.242539 -0.720792 0.084149 0.890411
  19 -17.240533 0.557734 -0.980926 0.063128 0.051855 -0.996657 0.101761 0.945205
male.bmp
  19 -17.240533 0.557734 -0.980926 0.063128 0.051855 -0.996657 0.101761 0.945205
  19 -17.620533 0.787952 -0.881430 0.649333 0.242539 -0.720792 0.084149 0.890411
  19 -17.220533 0.817821 -0.941494 0.094591 0.340487 -0.935479 0.078278 0.947162
male.bmp
  19 -17.620533 0.787952 -0.881430 0.649333 0.242539 -0.720792 0.084149 0.890411
  19 -17.620534 0.998236 -0.751889 0.577868 0.525142 -0.624736 0.060665 0.890411
  19 -17.220533 0.817821 -0.941494 0.094591 0.340487 -0.935479 0.078278 0.947162
male.bmp
  19 -17.220533 0.817821 -0.941494 0.094591 0.340487 -0.935479 0.078278 0.947162
  19 -17.620534 0.998236 -0.751889 0.577868 0.525142 -0.624736 0.060665 0.890411
  19 -17.200533 1.048127 -0.801997 0.118316 0.644654 -0.755264 0.054795 0.947162
male.bmp
  19 -17.620534 0.998236 -0.751889 0.577868 0.525142 -0.624736 0.060665 0.890411
  19 -17.200534 1.198520 -0.622326 0.150479 0.875467 -0.459254 0.039139 0.947162
  19 -17.200533 1.048127 -0.801997 0.118316 0.644654 -0.755264 0.054795 0.947162
male.bmp
  19 -17.260536 -0.068001 0.970447 0.027369 0.023254 0.999355 0.708415 0.710372
  19 -17.280535 -0.908392 0.792284 -0.018235 -0.571916 0.820109 0.698630 0.767123
  19 -17.210536 -0.058044 0.950425 0.847930 0.007537 0.530055 0.704501 0.710372
male.bmp
  19 -17.210536 -0.058044 0.950425 0.847930 0.007537 0.530055 0.704501 0.710372
  19 -17.280535 -0.908392 0.792284 -0.018235 -0.571916 0.820109 0.698630 0.767123
  19 -17.230535 -0.888414 0.782241 0.800306 -0.302523 0.517677 0.694716 0.763209
male.bmp
  19 -17.280535 -0.908392 0.792284 -0.018235 -0.571916 0.820109 0.698630 0.767123
  19 -17.280534 -1.229419 0.322985 -0.024743 -0.921965 0.386482 0.665362 0.786693
  19 -17.230535 -0.888414 0.782241 0.800306 -0.302523 0.517677 0.694716 0.763209
male.bmp
  19 -17.230535 -0.888414 0.782241 0.800306 -0.302523 0.517677 0.694716 0.763209
  19 -17.280534 -1.229419 0.322985 -0.024743 -0.921965 0.386482 0.665362 0.786693
  19 -17.230534 -1.209419 0.322941 0.833337 -0.499536 0.236671 0.663405 0.782779
male.bmp
  19 -17.280534 -1.229419 0.322985 -0.024743 -0.921965 0.386482 0.665362 0.786693
  19 -17.270533 -1.279944 0.083095 -0.008470 -0.999784 -0.018977 0.653620 0.786693
  19 -17.230534 -1.209419 0.322941 0.833337 -0.499536 0.236671 0.663405 0.782779
male.bmp
  19 -17.230534 -1.209419 0.322941 0.833337 -0.499536 0.236671 0.663405 0.782779
  19 -17.270533 -1.279944 0.083095 -0.008470 -0.999784 -0.018977 0.653620 0.786693
  19 -17.220533 -1.259944 0.083051 0.833621 -0.551671 -0.027123 0.651663 0.782779
male.bmp
  19 -17.270533 -1.279944 0.083095 -0.008470 -0.999784 -0.018977 0.653620 0.786693
  19 -17.290533 -1.190666 -0.247101 -0.007637 -0.899138 -0.437599 0.632094 0.782779
  19 -17.220533 -1.259944 0.083051 0.833621 -0.551671 -0.027123 0.651663 0.782779
male.bmp
  19 -17.220533 -1.259944 0.083051 0.833621 -0.551671 -0.027123 0.651663 0.782779
  19 -17.290533 -1.190666 -0.247101 -0.007637 -0.899138 -0.437599 0.632094 0.782779
  19 -17.240533 -1.170644 -0.237145 0.834084 -0.473229 -0.283474 0.632094 0.778865
male.bmp
  19 -17.290533 -1.190666 -0.247101 -0.007637 -0.899138 -0.437599 0.632094 0.782779
  19 -17.300532 -1.011169 -0.477494 -0.028960 -0.732730 -0.679903 0.614481 0.774951
  19 -17.240533 -1.170644 -0.237145 0.834084 -0.473229 -0.283474 0.632094 0.778865
male.bmp
  19 -17.240533 -1.170644 -0.237145 0.834084 -0.473229 -0.283474 0.632094 0.778865
  19 -17.300532 -1.011169 -0.477494 -0.028960 -0.732730 -0.679903 0.614481 0.774951
  19 -17.250532 -0.991147 -0.467538 0.843564 -0.379141 -0.380331 0.616438 0.771037
male.bmp
  19 -17.300532 -1.011169 -0.477494 -0.028960 -0.732730 -0.679903 0.614481 0.774951
  19 -17.280532 -0.711738 -0.738149 -0.027863 -0.545337 -0.837754 0.596869 0.755382
  19 -17.250532 -0.991147 -0.467538 0.843564 -0.379141 -0.380331 0.616438 0.771037
male.bmp
  19 -17.250532 -0.991147 -0.467538 0.843564 -0.379141 -0.380331 0.616438 0.771037
  19 -17.280532 -0.711738 -0.738149 -0.027863 -0.545337 -0.837754 0.596869 0.755382
  19 -17.240532 -0.701716 -0.728171 0.844138 -0.312610 -0.435552 0.600783 0.753425
male.bmp
  19 -17.280532 -0.711738 -0.738149 -0.027863 -0.545337 -0.837754 0.596869 0.755382
  19 -17.220532 -0.352045 -0.878936 0.760275 0.330067 -0.559498 0.589041 0.729941
  19 -17.240532 -0.701716 -0.728171 0.844138 -0.312610 -0.435552 0.600783 0.753425
male.bmp
  19 -17.240532 -0.701716 -0.728171 0.844138 -0.312610 -0.435552 0.600783 0.753425
  19 -17.220532 -0.352045 -0.878936 0.760275 0.330067 -0.559498 0.589041 0.729941
  19 -17.240532 -0.661629 -0.688259 0.863038 0.263742 0.430820 0.602740 0.749511
male.bmp
  19 -17.220532 -0.352045 -0.878936 0.760275 0.330067 -0.559498 0.589041 0.729941
  19 -17.230532 -0.331958 -0.838980 0.725830 0.658271 0.199627 0.592955 0.729941
  19 -17.240532 -0.661629 -0.688259 0.863038 0.263742 0.430820 0.602740 0.749511
male.bmp
  19 -17.240532 -0.661629 -0.688259 0.863038 0.263742 0.430820 0.602740 0.749511
  19 -17.230532 -0.331958 -0.838980 0.725830 0.658271 0.199627 0.592955 0.729941
  19 -17.490533 -0.501389 -0.578609 0.554441 0.457221 0.695373 0.608611 0.739726
male.bmp
  19 -17.230532 -0.331958 -0.838980 0.725830 0.658271 0.199627 0.592955 0.729941
  19 -17.560533 -0.171696 -0.719331 0.798539 0.072358 0.597579 0.598826 0.720157
  19 -17.490533 -0.501389 -0.578609 0.554441 0.457221 0.695373 0.608611 0.739726
male.bmp
  9 22.490530 -1.013877 -0.123429 0.639910 -0.095191 -0.762531 0.551859 0.684932
  9 22.456831 -0.981632 -0.167300 0.328934 0.162522 -0.930263 0.553816 0.681018
  9 22.609585 -0.770953 0.116391 0.888162 0.252575 -0.383893 0.534247 0.669276
male.bmp
  9 22.609585 -0.770953 0.116391 0.888162 0.252575 -0.383893 0.534247 0.669276
  9 22.456831 -0.981632 -0.167300 0.328934 0.162522 -0.930263 0.553816 0.681018
  9 22.600405 -0.715843 0.129757 0.639232 0.718682 -0.273638 0.532290 0.663405
male.bmp
  9 22.456831 -0.981632 -0.167300 0.328934 0.162522 -0.930263 0.553816 0.681018
  9 21.677296 -0.897715 -0.135936 0.192764 0.195992 -0.961472 0.614481 0.647750
  9 22.600405 -0.715843 0.129757 0.639232 0.718682 -0.273638 0.532290 0.663405
male.bmp
  9 22.600405 -0.715843 0.129757 0.639232 0.718682 -0.273638 0.532290 0.663405
  9 21.677296 -0.897715 -0.135936 0.192764 0.195992 -0.961472 0.614481 0.647750
  6 21.462821 -0.392779 0.396456 0.643505 -0.053037 0.763602 0.592955 0.626223
male.bmp
  9 21.677296 -0.897715 -0.135936 0.192764 0.195992 -0.961472 0.614481 0.647750
  6 21.607998 -0.625239 -0.138134 0.781764 -0.214696 -0.585449 0.612524 0.624266
  6 21.462821 -0.392779 0.396456 0.643505 -0.053037 0.763602 0.592955 0.626223
male.bmp
  6 21.462821 -0.392779 0.396456 0.643505 -0.053037 0.763602 0.592955 0.626223
  6 21.607998 -0.625239 -0.138134 0.781764 -0.214696 -0.585449 0.612524 0.624266
  6 21.811558 -0.420995 -0.174847 0.211983 -0.745472 -0.631929 0.589041 0.614481
male.bmp
  6 21.607998 -0.625239 -0.138134 0.781764 -0.214696 -0.585449 0.612524 0.624266
  2 21.191212 -0.565493 -0.240006 0.223223 -0.165956 -0.960536 0.643836 0.606654
  6 21.811558 -0.420995 -0.174847 0.211983 -0.745472 -0.631929 0.589041 0.614481
male.bmp
  6 21.811558 -0.420995 -0.174847 0.211983 -0.745472 -0.631929 0.589041 0.614481
  2 21.191212 -0.565493 -0.240006 0.223223 -0.165956 -0.960536 0.643836 0.606654
  2 21.198846 0.078659 -0.389038 0.209585 -0.236600 -0.948733 0.622309 0.551859
male.bmp
  2 21.191212 -0.565493 -0.240006 0.223223 -0.165956 -0.960536 0.643836 0.606654
  2 20.172670 -0.043122 -0.518397 0.326088 -0.225017 -0.918169 0.710372 0.528376
  2 21.198846 0.078659 -0.389038 0.209585 -0.236600 -0.948733 0.622309 0.551859
male.bmp
  2 21.198846 0.078659 -0.389038 0.209585 -0.236600 -0.948733 0.622309 0.551859
  2 20.172670 -0.043122 -0.518397 0.326088 -0.225017 -0.918169 0.710372 0.528376
  2 20.941914 0.675383 -0.672070 0.263652 -0.237906 -0.934820 0.622309 0.495108
male.bmp
  2 20.172670 -0.043122 -0.518397 0.326088 -0.225017 -0.918169 0.710372 0.528376
  2 19.980514 0.287125 -0.818585 0.280188 -0.366920 -0.887054 0.714286 0.495108
  2 20.941914 0.675383 -0.672070 0.263652 -0.237906 -0.934820 0.622309 0.495108
male.bmp
  2 20.941914 0.675383 -0.672070 0.263652 -0.237906 -0.934820 0.622309 0.495108
  2 19.980514 0.287125 -0.818585 0.280188 -0.366920 -0.887054 0.714286 0.495108
  2 19.733866 0.747269 -0.998951 0.057111 0.107380 -0.992576 0.720157 0.448141
male.bmp
  2 19.980514 0.287125 -0.818585 0.280188 -0.366920 -0.887054 0.714286 0.495108
  2 19.432518 0.686641 -1.002671 -0.056694 0.165891 -0.984513 0.747554 0.444227
  2 19.733866 0.747269 -0.998951 0.057111 0.107380 -0.992576 0.720157 0.448141
male.bmp
  2 19.733866 0.747269 -0.998951 0.057111 0.107380 -0.992576 0.720157 0.448141
  2 19.432518 0.686641 -1.002671 -0.056694 0.165891 -0.984513 0.747554 0.444227
  2 19.516926 1.123018 -0.758847 -0.199985 0.669693 -0.715204 0.726027 0.407045
male.bmp
  2 19.432518 0.686641 -1.002671 -0.056694 0.165891 -0.984513 0.747554 0.444227
  2 18.902952 0.602059 -0.918968 -0.177221 0.252069 -0.951343 0.794521 0.432485
  2 19.516926 1.123018 -0.758847 -0.199985 0.669693 -0.715204 0.726027 0.407045
male.bmp
  2 17.797225 1.097348 -0.393368 -0.173643 0.984099 -0.037372 0.585127 0.315068
  2 17.817226 0.957349 0.216632 -0.085659 0.890640 0.446568 0.577299 0.275930
  2 18.217225 1.047347 -0.393369 -0.588040 0.808656 0.016844 0.526419 0.317025
male.bmp
  2 18.217225 1.047347 -0.393369 -0.588040 0.808656 0.016844 0.526419 0.317025
  2 17.817226 0.957349 0.216632 -0.085659 0.890640 0.446568 0.577299 0.275930
  2 18.247226 0.857349 0.236632 -0.579899 0.673390 0.458545 0.522505 0.268102
male.bmp
  2 17.817226 0.957349 0.216632 -0.085659 0.890640 0.446568 0.577299 0.275930
  2 17.847227 0.447351 0.796633 0.000698 0.504073 0.863661 0.569472 0.223092
  2 18.247226 0.857349 0.236632 -0.579899 0.673390 0.458545 0.522505 0.268102
male.bmp
  2 18.247226 0.857349 0.236632 -0.579899 0.673390 0.458545 0.522505 0.268102
  2 17.847227 0.447351 0.796633 0.000698 0.504073 0.863661 0.569472 0.223092
  2 18.277227 0.387350 0.646633 -0.510784 0.395774 0.763193 0.514677 0.223092
male.bmp
  2 17.847227 0.447351 0.796633 0.000698 0.504073 0.863661 0.569472 0.223092
  2 17.857227 -0.232649 0.966635 -0.027388 0.023255 0.999354 0.557730 0.150685
  2 18.277227 0.387350 0.646633 -0.510784 0.395774 0.763193 0.514677 0.223092
male.bmp
  2 18.277227 0.387350 0.646633 -0.510784 0.395774 0.763193 0.514677 0.223092
  2 17.857227 -0.232649 0.966635 -0.027388 0.023255 0.999354 0.557730 0.150685
  2 18.277227 -0.232649 0.836634 -0.560708 0.051211 0.826428 0.506849 0.156556
male.bmp
  2 17.857227 -0.232649 0.966635 -0.027388 0.023255 0.999354 0.557730 0.150685
  2 17.877227 -1.072650 0.796637 0.018213 -0.571916 0.820110 0.544031 0.062622
  2 18.277227 -0.232649 0.836634 -0.560708 0.051211 0.826428 0.506849 0.156556
male.bmp
  2 18.277227 -0.232649 0.836634 -0.560708 0.051211 0.826428 0.506849 0.156556
  2 17.877227 -1.072650 0.796637 0.018213 -0.571916 0.820110 0.544031 0.062622
  2 18.257227 -0.962650 0.666636 -0.542824 -0.458881 0.703399 0.495108 0.076321
male.bmp
  2 17.877227 -1.072650 0.796637 0.018213 -0.571916 0.820110 0.544031 0.062622
  2 18.247226 -1.232651 0.286637 -0.529951 -0.743572 0.407739 0.489237 0.037182
  2 18.257227 -0.962650 0.666636 -0.542824 -0.458881 0.703399 0.495108 0.076321
male.bmp
  2 18.257227 -0.962650 0.666636 -0.542824 -0.458881 0.703399 0.495108 0.076321
  2 18.247226 -1.232651 0.286637 -0.529951 -0.743572 0.407739 0.489237 0.037182
  2 18.277227 -0.982650 0.726636 -0.542824 -0.458881 0.703399 0.491194 0.076321
male.bmp
  2 18.247226 -1.232651 0.286637 -0.529951 -0.743572 0.407739 0.489237 0.037182
  2 18.257226 -1.302651 0.276637 -0.584652 -0.716669 0.380221 0.485323 0.029354
  2 18.277227 -0.982650 0.726636 -0.542824 -0.458881 0.703399 0.491194 0.076321
male.bmp
  2 18.277227 -0.982650 0.726636 -0.542824 -0.458881 0.703399 0.491194 0.076321
  2 18.257226 -1.302651 0.276637 -0.584652 -0.716669 0.380221 0.485323 0.029354
  2 18.627227 -0.942650 0.716635 0.649094 -0.412175 0.639366 0.452055 0.086106
male.bmp
  2 18.257226 -1.302651 0.276637 -0.584652 -0.716669 0.380221 0.485323 0.029354
  2 18.607226 -1.302651 0.216636 0.690433 -0.669900 0.273013 0.444227 0.035225
  2 18.627227 -0.942650 0.716635 0.649094 -0.412175 0.639366 0.452055 0.086106
male.bmp
  2 18.627227 -0.942650 0.716635 0.649094 -0.412175 0.639366 0.452055 0.086106
  2 18.607226 -1.302651 0.216636 0.690433 -0.669900 0.273013 0.444227 0.035225
  2 18.627227 -0.902650 0.636635 0.787148 -0.323512 0.525107 0.446184 0.086106
male.bmp
  2 18.607226 -1.302651 0.216636 0.690433 -0.669900 0.273013 0.444227 0.035225
  2 18.617226 -1.192651 0.216636 0.629046 -0.694293 0.349656 0.438356 0.037182
  2 18.627227 -0.902650 0.636635 0.787148 -0.323512 0.525107 0.446184 0.086106
male.bmp
  15 20.688470 -1.569274 -0.261949 0.872663 -0.175069 -0.455863 0.422701 0.847358
  15 20.715791 -1.587641 0.058389 0.729680 -0.654529 0.197885 0.444227 0.835616
  16 20.684953 -1.918568 -0.261030 0.990895 0.006039 -0.134501 0.430528 0.874755
male.bmp
  16 20.684953 -1.918568 -0.261030 0.990895 0.006039 -0.134501 0.430528 0.874755
  15 20.715791 -1.587641 0.058389 0.729680 -0.654529 0.197885 0.444227 0.835616
  16 20.649897 -1.997917 0.020883 0.828056 -0.176444 0.532156 0.461840 0.866928
male.bmp
  15 20.715791 -1.587641 0.058389 0.729680 -0.654529 0.197885 0.444227 0.835616
  16 20.246264 -2.135494 0.251215 0.171104 -0.371669 0.912461 0.504892 0.874755
  16 20.649897 -1.997917 0.020883 0.828056 -0.176444 0.532156 0.461840 0.866928
male.bmp
  16 20.649897 -1.997917 0.020883 0.828056 -0.176444 0.532156 0.461840 0.866928
  16 20.246264 -2.135494 0.251215 0.171104 -0.371669 0.912461 0.504892 0.874755
  16 20.620720 -2.550595 -0.106380 0.768831 -0.083077 0.634033 0.471624 0.921722
male.bmp
  16 20.246264 -2.135494 0.251215 0.171104 -0.371669 0.912461 0.504892 0.874755
  16 20.346622 -2.631335 0.099657 0.134623 -0.273246 0.952477 0.499022 0.925636
  16 20.620720 -2.550595 -0.106380 0.768831 -0.083077 0.634033 0.471624 0.921722
male.bmp
  16 20.620720 -2.550595 -0.106380 0.768831 -0.083077 0.634033 0.471624 0.921722
  16 20.346622 -2.631335 0.099657 0.134623 -0.273246 0.952477 0.499022 0.925636
  16 20.415489 -3.094150 -0.056098 0.224862 -0.805700 0.547982 0.499022 0.974560
male.bmp
  16 20.346622 -2.631335 0.099657 0.134623 -0.273246 0.952477 0.499022 0.925636
  16 20.034991 -2.691563 -0.085165 -0.546508 -0.438663 0.713375 0.534247 0.929550
  16 20.415489 -3.094150 -0.056098 0.224862 -0.805700 0.547982 0.499022 0.974560
male.bmp
  16 20.415489 -3.094150 -0.056098 0.224862 -0.805700 0.547982 0.499022 0.974560
  16 20.034991 -2.691563 -0.085165 -0.546508 -0.438663 0.713375 0.534247 0.929550
  16 20.158796 -3.132907 -0.198249 -0.583114 -0.461242 0.668755 0.524462 0.976517
male.bmp
  16 20.034991 -2.691563 -0.085165 -0.546508 -0.438663 0.713375 0.534247 0.929550
  16 20.056447 -3.158739 -0.372195 -0.492422 -0.853209 0.171916 0.542074 0.980431
  16 20.158796 -3.132907 -0.198249 -0.583114 -0.461242 0.668755 0.524462 0.976517
male.bmp
  16 20.158796 -3.132907 -0.198249 -0.583114 -0.461242 0.668755 0.524462 0.976517
  16 20.056447 -3.158739 -0.372195 -0.492422 -0.853209 0.171916 0.542074 0.980431
  16 20.105990 -3.145052 -0.421775 0.613162 -0.768992 0.180787 0.538160 0.988258
male.bmp
  16 20.056447 -3.158739 -0.372195 -0.492422 -0.853209 0.171916 0.542074 0.980431
  16 20.091618 -3.193372 -0.479729 -0.021055 -0.970522 -0.240093 0.547945 0.982387
  16 20.105990 -3.145052 -0.421775 0.613162 -0.768992 0.180787 0.538160 0.988258
male.bmp
  16 20.105990 -3.145052 -0.421775 0.613162 -0.768992 0.180787 0.538160 0.988258
  16 20.091618 -3.193372 -0.479729 -0.021055 -0.970522 -0.240093 0.547945 0.982387
  16 20.118968 -3.142043 -0.543111 -0.291601 -0.896806 -0.332729 0.551859 0.984344
male.bmp
  16 20.091618 -3.193372 -0.479729 -0.021055 -0.970522 -0.240093 0.547945 0.982387
  16 19.923140 -2.729863 -0.524166 -0.824997 -0.487176 -0.286427 0.573386 0.933464
  16 20.118968 -3.142043 -0.543111 -0.291601 -0.896806 -0.332729 0.551859 0.984344
male.bmp
  16 20.118968 -3.142043 -0.543111 -0.291601 -0.896806 -0.332729 0.551859 0.984344
  16 19.923140 -2.729863 -0.524166 -0.824997 -0.487176 -0.286427 0.573386 0.933464
  16 19.936561 -2.729978 -0.625753 -0.759272 -0.399734 -0.513535 0.581213 0.931507
male.bmp
  16 19.923140 -2.729863 -0.524166 -0.824997 -0.487176 -0.286427 0.573386 0.933464
  16 19.595587 -2.291749 -0.599434 -0.731971 -0.506447 -0.455774 0.604697 0.892368
  16 19.936561 -2.729978 -0.625753 -0.759272 -0.399734 -0.513535 0.581213 0.931507
male.bmp
  1 1.820805 -2.979914 -0.182554 0.117238 -0.973350 -0.197089 0.056751 0.804305
  1 1.730830 -2.439915 -1.222557 0.056497 -0.612594 -0.788376 0.101761 0.804305
  1 5.530834 -1.879916 -1.382466 0.093451 -0.583152 -0.806970 0.095890 0.671233
male.bmp
  1 5.530834 -1.879916 -1.382466 0.093451 -0.583152 -0.806970 0.095890 0.671233
  1 1.730830 -2.439915 -1.222557 0.056497 -0.612594 -0.788376 0.101761 0.804305
  1 5.380841 -0.649916 -1.662471 -0.017007 0.202714 -0.979090 0.172211 0.669276
male.bmp
  1 1.730830 -2.439915 -1.222557 0.056497 -0.612594 -0.788376 0.101761 0.804305
  1 1.580837 -1.199916 -1.502562 -0.063349 0.180735 -0.981490 0.164384 0.802348
  1 5.380841 -0.649916 -1.662471 -0.017007 0.202714 -0.979090 0.172211 0.669276
male.bmp
  1 5.380841 -0.649916 -1.662471 -0.017007 0.202714 -0.979090 0.172211 0.669276
  1 1.580837 -1.199916 -1.502562 -0.063349 0.180735 -0.981490 0.164384 0.802348
  1 5.270820 0.480085 -0.832475 -0.111487 0.814730 -0.569021 0.228963 0.673190
male.bmp
  1 1.580837 -1.199916 -1.502562 -0.063349 0.180735 -0.981490 0.164384 0.802348
  1 1.470819 -0.169915 -0.782566 -0.141939 0.798867 -0.584521 0.232877 0.806262
  1 5.270820 0.480085 -0.832475 -0.111487 0.814730 -0.569021 0.228963 0.673190
male.bmp
  1 5.270820 0.480085 -0.832475 -0.111487 0.814730 -0.569021 0.228963 0.673190
  1 1.470819 -0.169915 -0.782566 -0.141939 0.798867 -0.584521 0.232877 0.806262
  1 5.240791 0.800087 0.377524 -0.139048 0.987211 0.077978 0.285714 0.675147
male.bmp
  1 1.470819 -0.169915 -0.782566 -0.141939 0.798867 -0.584521 0.232877 0.806262
  1 1.450791 0.160087 0.377433 -0.139048 0.987211 0.077978 0.285714 0.808219
  1 5.240791 0.800087 0.377524 -0.139048 0.987211 0.077978 0.285714 0.675147
male.bmp
  1 5.240791 0.800087 0.377524 -0.139048 0.987211 0.077978 0.285714 0.675147
  1 1.450791 0.160087 0.377433 -0.139048 0.987211 0.077978 0.285714 0.808219
  1 5.310768 0.390088 1.317526 -0.082592 0.678970 0.729505 0.338552 0.677104
male.bmp
  1 1.450791 0.160087 0.377433 -0.139048 0.987211 0.077978 0.285714 0.808219
  1 1.510769 -0.249912 1.317435 -0.118517 0.652067 0.748840 0.334638 0.810176
  1 5.310768 0.390088 1.317526 -0.082592 0.678970 0.729505 0.338552 0.677104
male.bmp
  1 5.310768 0.390088 1.317526 -0.082592 0.678970 0.729505 0.338552 0.677104
  1 1.510769 -0.249912 1.317435 -0.118517 0.652067 0.748840 0.334638 0.810176
  1 5.430759 -0.639912 1.707530 0.001999 0.112775 0.993619 0.377691 0.677104
male.bmp
  1 1.510769 -0.249912 1.317435 -0.118517 0.652067 0.748840 0.334638 0.810176
  1 1.630762 -1.199912 1.607439 -0.035904 0.078838 0.996241 0.377691 0.810176
  1 5.430759 -0.639912 1.707530 0.001999 0.112775 0.993619 0.377691 0.677104
male.bmp
  1 5.430759 -0.639912 1.707530 0.001999 0.112775 0.993619 0.377691 0.677104
  1 1.630762 -1.199912 1.607439 -0.035904 0.078838 0.996241 0.377691 0.810176
  1 5.540762 -1.559912 1.587534 0.072372 -0.401899 0.912819 0.428571 0.677104
male.bmp
  1 1.630762 -1.199912 1.607439 -0.035904 0.078838 0.996241 0.377691 0.810176
  1 1.740764 -2.119912 1.487443 0.041036 -0.435576 0.899216 0.422701 0.810176
  1 5.540762 -1.559912 1.587534 0.072372 -0.401899 0.912819 0.428571 0.677104
male.bmp
  1 5.540762 -1.559912 1.587534 0.072372 -0.401899 0.912819 0.428571 0.677104
  1 1.740764 -2.119912 1.487443 0.041036 -0.435576 0.899216 0.422701 0.810176
  1 5.640782 -2.429913 0.757537 0.144506 -0.889131 0.434240 0.467710 0.679061
male.bmp
  1 1.740764 -2.119912 1.487443 0.041036 -0.435576 0.899216 0.422701 0.810176
  1 1.840782 -2.879913 0.757446 0.106369 -0.894492 0.434246 0.461840 0.812133
  1 5.640782 -2.429913 0.757537 0.144506 -0.889131 0.434240 0.467710 0.679061
male.bmp
  33 -19.000580 -2.130637 -0.604718 0.731981 -0.506447 -0.455757 0.604697 0.892368
  33 -19.325159 -2.562878 -0.525879 0.825001 -0.487177 -0.286411 0.573386 0.933464
  33 -19.338841 -2.566028 -0.627382 0.759283 -0.399735 -0.513518 0.581213 0.931507
male.bmp
  33 -19.338841 -2.566028 -0.627382 0.759283 -0.399735 -0.513518 0.581213 0.931507
  33 -19.325159 -2.562878 -0.525879 0.825001 -0.487177 -0.286411 0.573386 0.933464
  33 -19.523162 -2.969913 -0.543699 0.291593 -0.896811 -0.332723 0.551859 0.984344
male.bmp
  33 -19.325159 -2.562878 -0.525879 0.825001 -0.487177 -0.286411 0.573386 0.933464
  33 -19.493777 -3.027250 -0.480858 0.021054 -0.970522 -0.240091 0.547945 0.982387
  33 -19.523162 -2.969913 -0.543699 0.291593 -0.896811 -0.332723 0.551859 0.984344
male.bmp
  33 -19.523162 -2.969913 -0.543699 0.291593 -0.896811 -0.332723 0.551859 0.984344
  33 -19.493777 -3.027250 -0.480858 0.021054 -0.970522 -0.240091 0.547945 0.982387
  33 -19.511886 -2.979176 -0.423753 -0.613174 -0.768985 0.180774 0.538160 0.988258
male.bmp
  33 -19.493777 -3.027250 -0.480858 0.021054 -0.970522 -0.240091 0.547945 0.982387
  33 -19.463514 -2.997447 -0.375521 0.492414 -0.853212 0.171927 0.542074 0.980431
  33 -19.511886 -2.979176 -0.423753 -0.613174 -0.768985 0.180774 0.538160 0.988258
male.bmp
  33 -19.511886 -2.979176 -0.423753 -0.613174 -0.768985 0.180774 0.538160 0.988258
  33 -19.463514 -2.997447 -0.375521 0.492414 -0.853212 0.171927 0.542074 0.980431
  34 -19.565198 -2.969240 -0.195138 0.583096 -0.461246 0.668769 0.524462 0.976517
male.bmp
  33 -19.463514 -2.997447 -0.375521 0.492414 -0.853212 0.171927 0.542074 0.980431
  33 -19.428675 -2.527788 -0.087413 0.546491 -0.438666 0.713386 0.534247 0.929550
  34 -19.565198 -2.969240 -0.195138 0.583096 -0.461246 0.668769 0.524462 0.976517
male.bmp
  34 -19.565198 -2.969240 -0.195138 0.583096 -0.461246 0.668769 0.524462 0.976517
  33 -19.428675 -2.527788 -0.087413 0.546491 -0.438666 0.713386 0.534247 0.929550
  33 -19.821098 -2.937221 -0.056293 -0.224874 -0.805702 0.547974 0.499022 0.974560
male.bmp
  33 -19.428675 -2.527788 -0.087413 0.546491 -0.438666 0.713386 0.534247 0.929550
  33 -19.758530 -2.465986 0.100939 -0.134643 -0.273247 0.952474 0.499022 0.925636
  33 -19.821098 -2.937221 -0.056293 -0.224874 -0.805702 0.547974 0.499022 0.974560
male.bmp
  33 -19.821098 -2.937221 -0.056293 -0.224874 -0.805702 0.547974 0.499022 0.974560
  33 -19.758530 -2.465986 0.100939 -0.134643 -0.273247 0.952474 0.499022 0.925636
  33 -20.022387 -2.385277 -0.101460 -0.768845 -0.083076 0.634016 0.471624 0.921722
male.bmp
  33 -19.758530 -2.465986 0.100939 -0.134643 -0.273247 0.952474 0.499022 0.925636
  33 -19.647767 -1.962489 0.242793 -0.171125 -0.371671 0.912457 0.504892 0.874755
  33 -20.022387 -2.385277 -0.101460 -0.768845 -0.083076 0.634016 0.471624 0.921722
male.bmp
  33 -20.022387 -2.385277 -0.101460 -0.768845 -0.083076 0.634016 0.471624 0.921722
  33 -19.647767 -1.962489 0.242793 -0.171125 -0.371671 0.912457 0.504892 0.874755
  33 -20.055197 -1.833960 0.015898 -0.828067 -0.176446 0.532138 0.461840 0.866928
male.bmp
  33 -19.647767 -1.962489 0.242793 -0.171125 -0.371671 0.912457 0.504892 0.874755
  32 -20.123524 -1.426879 0.062408 -0.729688 -0.654526 0.197867 0.444227 0.835616
  33 -20.055197 -1.833960 0.015898 -0.828067 -0.176446 0.532138 0.461840 0.866928
male.bmp
  33 -20.055197 -1.833960 0.015898 -0.828067 -0.176446 0.532138 0.461840 0.866928
  32 -20.123524 -1.426879 0.062408 -0.729688 -0.654526 0.197867 0.444227 0.835616
  33 -20.085505 -1.755766 -0.266178 -0.990892 0.006037 -0.134522 0.430528 0.874755
male.bmp
  32 -20.123524 -1.426879 0.062408 -0.729688 -0.654526 0.197867 0.444227 0.835616
  32 -20.085524 -1.398541 -0.266762 -0.872653 -0.175066 -0.455882 0.422701 0.847358
  33 -20.085505 -1.755766 -0.266178 -0.990892 0.006037 -0.134522 0.430528 0.874755
male.bmp
  19 -18.306329 0.767866 -0.918280 0.177243 0.252071 -0.951339 0.794521 0.432485
  19 -18.835895 0.852448 -1.001982 0.056717 0.165892 -0.984512 0.747554 0.444227
  19 -18.920302 1.288824 -0.758157 0.200003 0.669694 -0.715199 0.726027 0.407045
male.bmp
  19 -18.920302 1.288824 -0.758157 0.200003 0.669694 -0.715199 0.726027 0.407045
  19 -18.835895 0.852448 -1.001982 0.056717 0.165892 -0.984512 0.747554 0.444227
  19 -19.137242 0.913076 -0.998262 -0.057088 0.107381 -0.992578 0.720157 0.448141
male.bmp
  19 -18.835895 0.852448 -1.001982 0.056717 0.165892 -0.984512 0.747554 0.444227
  19 -19.383890 0.452931 -0.817897 -0.280169 -0.366919 -0.887060 0.714286 0.495108
  19 -19.137242 0.913076 -0.998262 -0.057088 0.107381 -0.992578 0.720157 0.448141
male.bmp
  19 -19.137242 0.913076 -0.998262 -0.057088 0.107381 -0.992578 0.720157 0.448141
  19 -19.383890 0.452931 -0.817897 -0.280169 -0.366919 -0.887060 0.714286 0.495108
  19 -20.345290 0.841188 -0.671380 -0.263629 -0.237906 -0.934826 0.622309 0.495108
male.bmp
  19 -19.383890 0.452931 -0.817897 -0.280169 -0.366919 -0.887060 0.714286 0.495108
  19 -19.576143 0.132272 -0.520548 -0.326067 -0.225016 -0.918176 0.710372 0.528376
  19 -20.345290 0.841188 -0.671380 -0.263629 -0.237906 -0.934826 0.622309 0.495108
male.bmp
  19 -20.345290 0.841188 -0.671380 -0.263629 -0.237906 -0.934826 0.622309 0.495108
  19 -19.576143 0.132272 -0.520548 -0.326067 -0.225016 -0.918176 0.710372 0.528376
  19 -20.602221 0.244463 -0.388349 -0.209563 -0.236599 -0.948738 0.622309 0.551859
male.bmp
  19 -19.576143 0.132272 -0.520548 -0.326067 -0.225016 -0.918176 0.710372 0.528376
  19 -20.594587 -0.399689 -0.239319 -0.223202 -0.165955 -0.960541 0.643836 0.606654
  19 -20.602221 0.244463 -0.388349 -0.209563 -0.236599 -0.948738 0.622309 0.551859
male.bmp
  19 -20.602221 0.244463 -0.388349 -0.209563 -0.236599 -0.948738 0.622309 0.551859
  19 -20.594587 -0.399689 -0.239319 -0.223202 -0.165955 -0.960541 0.643836 0.606654
  23 -21.209310 -0.256640 -0.176421 -0.211970 -0.745471 -0.631935 0.589041 0.614481
male.bmp
  19 -20.594587 -0.399689 -0.239319 -0.223202 -0.165955 -0.960541 0.643836 0.606654
  23 -21.005960 -0.451214 -0.141925 -0.781752 -0.214701 -0.585463 0.612524 0.624266
  23 -21.209310 -0.256640 -0.176421 -0.211970 -0.745471 -0.631935 0.589041 0.614481
male.bmp
  23 -21.209310 -0.256640 -0.176421 -0.211970 -0.745471 -0.631935 0.589041 0.614481
  23 -21.005960 -0.451214 -0.141925 -0.781752 -0.214701 -0.585463 0.612524 0.624266
  23 -20.860579 -0.226735 0.394799 -0.643522 -0.053038 0.763588 0.592955 0.626223
male.bmp
  23 -21.005960 -0.451214 -0.141925 -0.781752 -0.214701 -0.585463 0.612524 0.624266
  26 -21.077261 -0.727094 -0.133027 -0.192743 0.195990 -0.961477 0.614481 0.647750
  23 -20.860579 -0.226735 0.394799 -0.643522 -0.053038 0.763588 0.592955 0.626223
male.bmp
  23 -20.860579 -0.226735 0.394799 -0.643522 -0.053038 0.763588 0.592955 0.626223
  26 -21.077261 -0.727094 -0.133027 -0.192743 0.195990 -0.961477 0.614481 0.647750
  26 -22.000372 -0.545222 0.132661 -0.639226 0.718683 -0.273652 0.532290 0.663405
male.bmp
  26 -21.077261 -0.727094 -0.133027 -0.192743 0.195990 -0.961477 0.614481 0.647750
  26 -21.854774 -0.820724 -0.163144 -0.328912 0.162524 -0.930270 0.553816 0.681018
  26 -22.000372 -0.545222 0.132661 -0.639226 0.718683 -0.273652 0.532290 0.663405
male.bmp
  26 -22.000372 -0.545222 0.132661 -0.639226 0.718683 -0.273652 0.532290 0.663405
  26 -21.854774 -0.820724 -0.163144 -0.328912 0.162524 -0.930270 0.553816 0.681018
  26 -22.009552 -0.600332 0.119294 -0.888153 0.252577 -0.383913 0.534247 0.669276
male.bmp
  26 -21.854774 -0.820724 -0.163144 -0.328912 0.162524 -0.930270 0.553816 0.681018
  26 -21.890347 -0.844504 -0.130447 -0.639892 -0.095190 -0.762546 0.551859 0.684932
  26 -22.009552 -0.600332 0.119294 -0.888153 0.252577 -0.383913 0.534247 0.669276
male.bmp
  19 -18.020534 -1.029661 0.212547 -0.629057 -0.694291 0.349639 0.438356 0.037182
  19 -18.010534 -1.139660 0.212787 -0.690439 -0.669900 0.272998 0.444227 0.035225
  19 -18.030535 -0.738721 0.641912 -0.787156 -0.323515 0.525093 0.446184 0.086106
male.bmp
  19 -18.030535 -0.738721 0.641912 -0.787156 -0.323515 0.525093 0.446184 0.086106
  19 -18.010534 -1.139660 0.212787 -0.690439 -0.669900 0.272998 0.444227 0.035225
  19 -18.030535 -0.778546 0.721999 -0.649106 -0.412176 0.639353 0.452055 0.086106
male.bmp
  19 -18.010534 -1.139660 0.212787 -0.690439 -0.669900 0.272998 0.444227 0.035225
  19 -17.660534 -1.139529 0.272788 0.584637 -0.716673 0.380235 0.485323 0.029354
  19 -18.030535 -0.778546 0.721999 -0.649106 -0.412176 0.639353 0.452055 0.086106
male.bmp
  19 -18.030535 -0.778546 0.721999 -0.649106 -0.412176 0.639353 0.452055 0.086106
  19 -17.660534 -1.139529 0.272788 0.584637 -0.716673 0.380235 0.485323 0.029354
  19 -17.670535 -0.818524 0.732087 0.542806 -0.458883 0.703412 0.491194 0.076321
male.bmp
  19 -17.660534 -1.139529 0.272788 0.584637 -0.716673 0.380235 0.485323 0.029354
  19 -17.650534 -1.069507 0.282635 0.529935 -0.743577 0.407752 0.489237 0.037182
  19 -17.670535 -0.818524 0.732087 0.542806 -0.458883 0.703412 0.491194 0.076321
male.bmp
  19 -17.670535 -0.818524 0.732087 0.542806 -0.458883 0.703412 0.491194 0.076321
  19 -17.650534 -1.069507 0.282635 0.529935 -0.743577 0.407752 0.489237 0.037182
  19 -17.660535 -0.788677 0.662021 0.542806 -0.458883 0.703412 0.495108 0.076321
male.bmp
  19 -17.650534 -1.069507 0.282635 0.529935 -0.743577 0.407752 0.489237 0.037182
  19 -17.280535 -0.908392 0.792284 -0.018235 -0.571916 0.820109 0.544031 0.062622
  19 -17.660535 -0.788677 0.662021 0.542806 -0.458883 0.703412 0.495108 0.076321
male.bmp
  19 -17.660535 -0.788677 0.662021 0.542806 -0.458883 0.703412 0.495108 0.076321
  19 -17.280535 -0.908392 0.792284 -0.018235 -0.571916 0.820109 0.544031 0.062622
  19 -17.670536 -0.068307 0.830447 0.560697 0.051212 0.826436 0.506849 0.156556
male.bmp
  19 -17.280535 -0.908392 0.792284 -0.018235 -0.571916 0.820109 0.544031 0.062622
  19 -17.260536 -0.068001 0.970447 0.027369 0.023254 0.999355 0.557730 0.150685
  19 -17.670536 -0.068307 0.830447 0.560697 0.051212 0.826436 0.506849 0.156556
male.bmp
  19 -17.670536 -0.068307 0.830447 0.560697 0.051212 0.826436 0.506849 0.156556
  19 -17.260536 -0.068001 0.970447 0.027369 0.023254 0.999355 0.557730 0.150685
  19 -17.680536 0.551276 0.639092 0.510757 0.395774 0.763210 0.514677 0.223092
male.bmp
  19 -17.260536 -0.068001 0.970447 0.027369 0.023254 0.999355 0.557730 0.150685
  19 -17.250536 0.621626 0.798939 -0.000721 0.504072 0.863661 0.569472 0.223092
  19 -17.680536 0.551276 0.639092 0.510757 0.395774 0.763210 0.514677 0.223092
male.bmp
  19 -17.680536 0.551276 0.639092 0.510757 0.395774 0.763210 0.514677 0.223092
  19 -17.250536 0.621626 0.798939 -0.000721 0.504072 0.863661 0.569472 0.223092
  19 -17.650535 1.020400 0.238065 0.579896 0.673384 0.458557 0.522505 0.268102
male.bmp
  19 -17.250536 0.621626 0.798939 -0.000721 0.504072 0.863661 0.569472 0.223092
  19 -17.220535 1.130357 0.217825 0.085645 0.890639 0.446572 0.577299 0.275930
  19 -17.650535 1.020400 0.238065 0.579896 0.673384 0.458557 0.522505 0.268102
male.bmp
  19 -17.650535 1.020400 0.238065 0.579896 0.673384 0.458557 0.522505 0.268102
  19 -17.220535 1.130357 0.217825 0.085645 0.890639 0.446572 0.577299 0.275930
  19 -17.620534 1.219022 -0.392371 0.588063 0.808640 0.016855 0.526419 0.317025
male.bmp
  19 -17.220535 1.130357 0.217825 0.085645 0.890639 0.446572 0.577299 0.275930
  19 -17.200534 1.269023 -0.392479 0.173646 0.984099 -0.037367 0.585127 0.315068
  19 -17.620534 1.219022 -0.392371 0.588063 0.808640 0.016855 0.526419 0.317025
male.bmp
  18 -1.244405 -2.713922 0.756093 -0.106379 -0.894492 0.434243 0.461840 0.812133
  18 -1.144404 -1.953922 1.496093 -0.041058 -0.435577 0.899215 0.422701 0.810176
  18 -5.044404 -2.263921 0.756095 -0.144517 -0.889131 0.434235 0.467710 0.679061
male.bmp
  18 -5.044404 -2.263921 0.756095 -0.144517 -0.889131 0.434235 0.467710 0.679061
  18 -1.144404 -1.953922 1.496093 -0.041058 -0.435577 0.899215 0.422701 0.810176
  18 -4.944404 -1.393922 1.586096 -0.075229 -0.398234 0.914194 0.428571 0.677104
male.bmp
  18 -1.144404 -1.953922 1.496093 -0.041058 -0.435577 0.899215 0.422701 0.810176
  18 -1.034404 -1.033922 1.616093 0.035880 0.078837 0.996242 0.377691 0.810176
  18 -4.944404 -1.393922 1.586096 -0.075229 -0.398234 0.914194 0.428571 0.677104
male.bmp
  18 -4.944404 -1.393922 1.586096 -0.075229 -0.398234 0.914194 0.428571 0.677104
  18 -1.034404 -1.033922 1.616093 0.035880 0.078837 0.996242 0.377691 0.810176
  18 -4.824404 -0.473922 1.706096 -0.002022 0.112774 0.993619 0.377691 0.677104
male.bmp
  18 -1.034404 -1.033922 1.616093 0.035880 0.078837 0.996242 0.377691 0.810176
  18 -0.914404 -0.083922 1.316093 0.118500 0.652067 0.748843 0.334638 0.810176
  18 -4.824404 -0.473922 1.706096 -0.002022 0.112774 0.993619 0.377691 0.677104
male.bmp
  18 -4.824404 -0.473922 1.706096 -0.002022 0.112774 0.993619 0.377691 0.677104
  18 -0.914404 -0.083922 1.316093 0.118500 0.652067 0.748843 0.334638 0.810176
  18 -4.714404 0.556078 1.316096 0.082575 0.678970 0.729507 0.338552 0.677104
male.bmp
  18 -0.914404 -0.083922 1.316093 0.118500 0.652067 0.748843 0.334638 0.810176
  18 -0.854404 0.326078 0.376093 0.139046 0.987211 0.077982 0.285714 0.808219
  18 -4.714404 0.556078 1.316096 0.082575 0.678970 0.729507 0.338552 0.677104
male.bmp
  18 -4.714404 0.556078 1.316096 0.082575 0.678970 0.729507 0.338552 0.677104
  18 -0.854404 0.326078 0.376093 0.139046 0.987211 0.077982 0.285714 0.808219
  18 -4.644404 0.966079 0.376096 0.139046 0.987211 0.077982 0.285714 0.675147
male.bmp
  18 -0.854404 0.326078 0.376093 0.139046 0.987211 0.077982 0.285714 0.808219
  18 -0.874405 -0.003922 -0.783907 0.141953 0.798867 -0.584517 0.232877 0.806262
  18 -4.644404 0.966079 0.376096 0.139046 0.987211 0.077982 0.285714 0.675147
male.bmp
  18 -4.644404 0.966079 0.376096 0.139046 0.987211 0.077982 0.285714 0.675147
  18 -0.874405 -0.003922 -0.783907 0.141953 0.798867 -0.584517 0.232877 0.806262
  18 -4.674405 0.646079 -0.833904 0.111501 0.814731 -0.569018 0.228963 0.673190
male.bmp
  18 -0.874405 -0.003922 -0.783907 0.141953 0.798867 -0.584517 0.232877 0.806262
  18 -0.984406 -1.033922 -1.503907 0.063373 0.180736 -0.981488 0.164384 0.802348
  18 -4.674405 0.646079 -0.833904 0.111501 0.814731 -0.569018 0.228963 0.673190
male.bmp
  18 -4.674405 0.646079 -0.833904 0.111501 0.814731 -0.569018 0.228963 0.673190
  18 -0.984406 -1.033922 -1.503907 0.063373 0.180736 -0.981488 0.164384 0.802348
  18 -4.784406 -0.483921 -1.663904 0.017030 0.202715 -0.979090 0.172211 0.669276
male.bmp
  18 -0.984406 -1.033922 -1.503907 0.063373 0.180736 -0.981488 0.164384 0.802348
  18 -1.134406 -2.273922 -1.223907 -0.056479 -0.612593 -0.788378 0.101761 0.804305
  18 -4.784406 -0.483921 -1.663904 0.017030 0.202715 -0.979090 0.172211 0.669276
male.bmp
  18 -4.784406 -0.483921 -1.663904 0.017030 0.202715 -0.979090 0.172211 0.669276
  18 -1.134406 -2.273922 -1.223907 -0.056479 -0.612593 -0.788378 0.101761 0.804305
  18 -4.934405 -1.713921 -1.383905 -0.093433 -0.583152 -0.806972 0.095890 0.671233
male.bmp
  18 -1.134406 -2.273922 -1.223907 -0.056479 -0.612593 -0.788378 0.101761 0.804305
  18 -1.224405 -2.813922 -0.183907 -0.117233 -0.973350 -0.197093 0.056751 0.804305
  18 -4.934405 -1.713921 -1.383905 -0.093433 -0.583152 -0.806972 0.095890 0.671233
male.bmp
  8 25.018212 0.072700 0.174374 0.849116 0.510093 -0.137138 0.898239 0.667319
  8 24.976577 -0.040642 0.353873 0.980719 0.062190 0.185264 0.923679 0.671233
  8 25.055468 -0.075989 0.238431 0.988877 0.000521 0.148738 0.925636 0.661448
male.bmp
  8 25.055468 -0.075989 0.238431 0.988877 0.000521 0.148738 0.925636 0.661448
  8 24.976577 -0.040642 0.353873 0.980719 0.062190 0.185264 0.923679 0.671233
  8 25.002197 -0.247686 0.289247 0.800481 -0.557829 0.219220 0.956947 0.673190
male.bmp
  8 24.976577 -0.040642 0.353873 0.980719 0.062190 0.185264 0.923679 0.671233
  8 24.942664 -0.240365 0.381455 0.365493 -0.509086 0.779260 0.956947 0.688845
  8 25.002197 -0.247686 0.289247 0.800481 -0.557829 0.219220 0.956947 0.673190
male.bmp
  8 25.002197 -0.247686 0.289247 0.800481 -0.557829 0.219220 0.956947 0.673190
  8 24.942664 -0.240365 0.381455 0.365493 -0.509086 0.779260 0.956947 0.688845
  8 24.850679 -0.316304 0.258686 0.158823 -0.943181 0.291864 0.968689 0.706458
male.bmp
  8 24.942664 -0.240365 0.381455 0.365493 -0.509086 0.779260 0.956947 0.688845
  8 24.593011 -0.212998 0.345490 0.002568 -0.338054 0.941123 0.949119 0.747554
  8 24.850679 -0.316304 0.258686 0.158823 -0.943181 0.291864 0.968689 0.706458
male.bmp
  8 24.850679 -0.316304 0.258686 0.158823 -0.943181 0.291864 0.968689 0.706458
  8 24.593011 -0.212998 0.345490 0.002568 -0.338054 0.941123 0.949119 0.747554
  7 24.162210 -0.222177 0.372079 0.024290 -0.509619 0.860057 0.949119 0.818004
male.bmp
  8 24.593011 -0.212998 0.345490 0.002568 -0.338054 0.941123 0.949119 0.747554
  7 24.152836 -0.036442 0.400626 0.033997 0.251445 0.967274 0.921722 0.814090
  7 24.162210 -0.222177 0.372079 0.024290 -0.509619 0.860057 0.949119 0.818004
male.bmp
  7 24.162210 -0.222177 0.372079 0.024290 -0.509619 0.860057 0.949119 0.818004
  7 24.152836 -0.036442 0.400626 0.033997 0.251445 0.967274 0.921722 0.814090
  7 23.021890 -0.191321 0.367862 0.000683 -0.347411 0.937713 0.951076 0.964775
male.bmp
  7 24.152836 -0.036442 0.400626 0.033997 0.251445 0.967274 0.921722 0.814090
  7 23.022819 -0.008492 0.387168 -0.065075 0.291065 0.954488 0.919765 0.964775
  7 23.021890 -0.191321 0.367862 0.000683 -0.347411 0.937713 0.951076 0.964775
male.bmp
  7 23.021890 -0.191321 0.367862 0.000683 -0.347411 0.937713 0.951076 0.964775
  7 23.022819 -0.008492 0.387168 -0.065075 0.291065 0.954488 0.919765 0.964775
  6 22.939177 -0.000794 0.371600 -0.103217 0.323686 0.940518 0.919765 0.982387
male.bmp
  7 23.022819 -0.008492 0.387168 -0.065075 0.291065 0.954488 0.919765 0.964775
  7 23.019135 0.170537 0.251026 -0.021644 0.864564 0.502057 0.894325 0.966732
  6 22.939177 -0.000794 0.371600 -0.103217 0.323686 0.940518 0.919765 0.982387
male.bmp
  6 22.939177 -0.000794 0.371600 -0.103217 0.323686 0.940518 0.919765 0.982387
  7 23.019135 0.170537 0.251026 -0.021644 0.864564 0.502057 0.894325 0.966732
  6 22.923723 0.168859 0.238262 -0.052494 0.890421 0.452100 0.892368 0.986301
male.bmp
  7 23.019135 0.170537 0.251026 -0.021644 0.864564 0.502057 0.894325 0.966732
  7 23.006988 0.200710 0.033213 0.017345 0.941917 -0.335396 0.872798 0.970646
  6 22.923723 0.168859 0.238262 -0.052494 0.890421 0.452100 0.892368 0.986301
male.bmp
  6 22.923723 0.168859 0.238262 -0.052494 0.890421 0.452100 0.892368 0.986301
  7 23.006988 0.200710 0.033213 0.017345 0.941917 -0.335396 0.872798 0.970646
  6 22.887610 0.199476 0.020413 0.067336 0.870758 -0.487080 0.872798 0.988258
male.bmp
  31 -22.810089 2.554128 -0.372194 -0.945412 -0.207301 0.251440 0.956947 0.673190
  31 -22.730937 2.691801 -0.318518 -0.851822 0.453493 0.262190 0.923679 0.671233
  31 -22.804397 2.706472 -0.439714 -0.890976 0.452990 -0.031000 0.925636 0.661448
male.bmp
  31 -22.804397 2.706472 -0.439714 -0.890976 0.452990 -0.031000 0.925636 0.661448
  31 -22.730937 2.691801 -0.318518 -0.851822 0.453493 0.262190 0.923679 0.671233
  31 -22.714440 2.767813 -0.467011 -0.436113 0.871291 -0.225072 0.898239 0.667319
male.bmp
  31 -22.730937 2.691801 -0.318518 -0.851822 0.453493 0.262190 0.923679 0.671233
  31 -22.635517 2.771353 -0.393128 0.037830 0.928895 0.368405 0.894325 0.694716
  31 -22.714440 2.767813 -0.467011 -0.436113 0.871291 -0.225072 0.898239 0.667319
male.bmp
  31 -22.714440 2.767813 -0.467011 -0.436113 0.871291 -0.225072 0.898239 0.667319
  31 -22.635517 2.771353 -0.393128 0.037830 0.928895 0.368405 0.894325 0.694716
  31 -22.597518 2.767748 -0.495808 0.177528 0.928979 -0.324780 0.882583 0.690802
male.bmp
  31 -22.635517 2.771353 -0.393128 0.037830 0.928895 0.368405 0.894325 0.694716
  31 -22.429817 2.688842 -0.384228 0.286038 0.863777 0.414816 0.896282 0.747554
  31 -22.597518 2.767748 -0.495808 0.177528 0.928979 -0.324780 0.882583 0.690802
male.bmp
  31 -22.597518 2.767748 -0.495808 0.177528 0.928979 -0.324780 0.882583 0.690802
  31 -22.429817 2.688842 -0.384228 0.286038 0.863777 0.414816 0.896282 0.747554
  30 -22.051978 2.566513 -0.460348 0.382259 0.882139 -0.275151 0.878669 0.825832
male.bmp
  31 -22.429817 2.688842 -0.384228 0.286038 0.863777 0.414816 0.896282 0.747554
  30 -22.123509 2.566104 -0.312418 0.300952 0.812147 0.499846 0.894325 0.814090
  30 -22.051978 2.566513 -0.460348 0.382259 0.882139 -0.275151 0.878669 0.825832
male.bmp
  30 -22.051978 2.566513 -0.460348 0.382259 0.882139 -0.275151 0.878669 0.825832
  30 -22.123509 2.566104 -0.312418 0.300952 0.812147 0.499846 0.894325 0.814090
  30 -21.366906 2.240674 -0.300333 0.335016 0.834365 0.437721 0.894325 0.966732
male.bmp
  30 -22.123509 2.566104 -0.312418 0.300952 0.812147 0.499846 0.894325 0.814090
  30 -21.468851 2.100268 -0.206029 0.135932 0.273779 0.952138 0.919765 0.964775
  30 -21.366906 2.240674 -0.300333 0.335016 0.834365 0.437721 0.894325 0.966732
male.bmp
  30 -21.366906 2.240674 -0.300333 0.335016 0.834365 0.437721 0.894325 0.966732
  30 -21.468851 2.100268 -0.206029 0.135932 0.273779 0.952138 0.919765 0.964775
  29 -21.392771 2.044346 -0.203971 0.102933 0.284196 0.953225 0.919765 0.982387
male.bmp
  30 -21.468851 2.100268 -0.206029 0.135932 0.273779 0.952138 0.919765 0.964775
  30 -21.515216 1.963588 -0.197731 -0.225554 -0.189144 0.955693 0.951076 0.964775
  29 -21.392771 2.044346 -0.203971 0.102933 0.284196 0.953225 0.919765 0.982387
male.bmp
  29 -21.392771 2.044346 -0.203971 0.102933 0.284196 0.953225 0.919765 0.982387
  30 -21.515216 1.963588 -0.197731 -0.225554 -0.189144 0.955693 0.951076 0.964775
  29 -21.451952 1.930503 -0.180788 -0.327677 -0.123634 0.936666 0.951076 0.982387
male.bmp
  30 -21.515216 1.963588 -0.197731 -0.225554 -0.189144 0.955693 0.951076 0.964775
  30 -21.552804 1.793697 -0.325887 -0.519009 -0.796949 0.309035 0.978474 0.974560
  29 -21.451952 1.930503 -0.180788 -0.327677 -0.123634 0.936666 0.951076 0.982387
male.bmp
  29 -21.451952 1.930503 -0.180788 -0.327677 -0.123634 0.936666 0.951076 0.982387
  30 -21.552804 1.793697 -0.325887 -0.519009 -0.796949 0.309035 0.978474 0.974560
  29 -21.492794 1.759252 -0.319370 -0.574215 -0.774582 0.265141 0.978474 0.988258
male.bmp
  25 -24.397243 -0.073778 0.284693 -0.800488 -0.557826 0.219201 0.956947 0.673190
  25 -24.380207 0.135734 0.358953 -0.980720 0.062195 0.185258 0.923679 0.671233
  25 -24.459002 0.091444 0.246126 -0.988880 0.000521 0.148715 0.925636 0.661448
male.bmp
  25 -24.459002 0.091444 0.246126 -0.988880 0.000521 0.148715 0.925636 0.661448
  25 -24.380207 0.135734 0.358953 -0.980720 0.062195 0.185258 0.923679 0.671233
  25 -24.420306 0.237029 0.172589 -0.849114 0.510092 -0.137157 0.898239 0.667319
male.bmp
  25 -24.380207 0.135734 0.358953 -0.980720 0.062195 0.185258 0.923679 0.671233
  25 -24.341518 0.288104 0.273007 -0.415406 0.791954 0.447490 0.894325 0.694716
  25 -24.420306 0.237029 0.172589 -0.849114 0.510092 -0.137157 0.898239 0.667319
male.bmp
  25 -24.420306 0.237029 0.172589 -0.849114 0.510092 -0.137157 0.898239 0.667319
  25 -24.341518 0.288104 0.273007 -0.415406 0.791954 0.447490 0.894325 0.694716
  25 -24.281113 0.322265 0.138529 -0.282694 0.930498 -0.232931 0.882583 0.690802
male.bmp
  25 -24.341518 0.288104 0.273007 -0.415406 0.791954 0.447490 0.894325 0.694716
  25 -24.011371 0.293234 0.243394 -0.009965 0.829119 0.558984 0.896282 0.747554
  25 -24.281113 0.322265 0.138529 -0.282694 0.930498 -0.232931 0.882583 0.690802
male.bmp
  25 -24.281113 0.322265 0.138529 -0.282694 0.930498 -0.232931 0.882583 0.690802
  25 -24.011371 0.293234 0.243394 -0.009965 0.829119 0.558984 0.896282 0.747554
  24 -23.577170 0.354637 0.055982 -0.036523 0.960466 -0.275992 0.878669 0.825832
male.bmp
  25 -24.011371 0.293234 0.243394 -0.009965 0.829119 0.558984 0.896282 0.747554
  24 -23.569766 0.309453 0.256740 -0.024103 0.840270 0.541633 0.894325 0.814090
  24 -23.577170 0.354637 0.055982 -0.036523 0.960466 -0.275992 0.878669 0.825832
male.bmp
  24 -23.577170 0.354637 0.055982 -0.036523 0.960466 -0.275992 0.878669 0.825832
  24 -23.569766 0.309453 0.256740 -0.024103 0.840270 0.541633 0.894325 0.814090
  24 -22.419452 0.340391 0.252162 0.021633 0.864563 0.502058 0.894325 0.966732
male.bmp
  24 -23.569766 0.309453 0.256740 -0.024103 0.840270 0.541633 0.894325 0.814090
  24 -22.423137 0.161391 0.388344 0.065054 0.291063 0.954490 0.919765 0.964775
  24 -22.419452 0.340391 0.252162 0.021633 0.864563 0.502058 0.894325 0.966732
male.bmp
  24 -22.419452 0.340391 0.252162 0.021633 0.864563 0.502058 0.894325 0.966732
  24 -22.423137 0.161391 0.388344 0.065054 0.291063 0.954490 0.919765 0.964775
  23 -22.346766 0.168083 0.378470 0.103197 0.323686 0.940520 0.919765 0.982387
male.bmp
  24 -22.423137 0.161391 0.388344 0.065054 0.291063 0.954490 0.919765 0.964775
  24 -22.422208 -0.021442 0.369077 -0.000705 -0.347412 0.937712 0.951076 0.964775
  23 -22.346766 0.168083 0.378470 0.103197 0.323686 0.940520 0.919765 0.982387
male.bmp
  23 -22.346766 0.168083 0.378470 0.103197 0.323686 0.940520 0.919765 0.982387
  24 -22.422208 -0.021442 0.369077 -0.000705 -0.347412 0.937712 0.951076 0.964775
  23 -22.334003 -0.030974 0.374797 -0.064440 -0.353149 0.933345 0.951076 0.982387
male.bmp
  24 -22.422208 -0.021442 0.369077 -0.000705 -0.347412 0.937712 0.951076 0.964775
  24 -22.406253 -0.249215 0.195685 -0.059425 -0.955240 0.289802 0.978474 0.974560
  23 -22.334003 -0.030974 0.374797 -0.064440 -0.353149 0.933345 0.951076 0.982387
male.bmp
  23 -22.334003 -0.030974 0.374797 -0.064440 -0.353149 0.933345 0.951076 0.982387
  24 -22.406253 -0.249215 0.195685 -0.059425 -0.955240 0.289802 0.978474 0.974560
  23 -22.293289 -0.253102 0.221168 -0.142100 -0.932630 0.331677 0.978474 0.988258
male.bmp
  33 -20.105280 -2.775042 -0.580639 -0.830899 0.004290 -0.556407 0.849315 0.984344
  34 -20.157907 -2.954951 -0.514969 -0.984735 0.094251 -0.146331 0.835616 0.951076
  33 -20.135785 -2.797349 -0.371900 -0.977174 0.056881 0.204685 0.827789 0.990215
male.bmp
  33 -20.135785 -2.797349 -0.371900 -0.977174 0.056881 0.204685 0.827789 0.990215
  34 -20.157907 -2.954951 -0.514969 -0.984735 0.094251 -0.146331 0.835616 0.951076
  34 -20.089410 -2.967396 -0.252570 -0.796048 -0.041001 0.603844 0.812133 0.966732
male.bmp
  34 -20.157907 -2.954951 -0.514969 -0.984735 0.094251 -0.146331 0.835616 0.951076
  34 -20.113771 -3.489360 -0.318604 -0.817705 -0.154829 0.554425 0.786693 0.902153
  34 -20.089410 -2.967396 -0.252570 -0.796048 -0.041001 0.603844 0.812133 0.966732
male.bmp
  34 -20.089410 -2.967396 -0.252570 -0.796048 -0.041001 0.603844 0.812133 0.966732
  34 -20.113771 -3.489360 -0.318604 -0.817705 -0.154829 0.554425 0.786693 0.902153
  34 -19.956076 -3.433270 -0.185614 -0.179598 -0.208637 0.961361 0.772994 0.917808
male.bmp
  34 -20.113771 -3.489360 -0.318604 -0.817705 -0.154829 0.554425 0.786693 0.902153
  34 -20.024318 -3.779252 -0.334743 -0.508815 -0.620507 0.596723 0.759295 0.866928
  34 -19.956076 -3.433270 -0.185614 -0.179598 -0.208637 0.961361 0.772994 0.917808
male.bmp
  34 -19.956076 -3.433270 -0.185614 -0.179598 -0.208637 0.961361 0.772994 0.917808
  34 -20.024318 -3.779252 -0.334743 -0.508815 -0.620507 0.596723 0.759295 0.866928
  34 -19.865705 -3.809924 -0.317388 0.257386 -0.692375 0.674069 0.739726 0.872798
male.bmp
  34 -20.024318 -3.779252 -0.334743 -0.508815 -0.620507 0.596723 0.759295 0.866928
  34 -19.819373 -3.873140 -0.529890 0.073618 -0.995345 -0.062205 0.722114 0.857143
  34 -19.865705 -3.809924 -0.317388 0.257386 -0.692375 0.674069 0.739726 0.872798
male.bmp
  34 -19.865705 -3.809924 -0.317388 0.257386 -0.692375 0.674069 0.739726 0.872798
  34 -19.819373 -3.873140 -0.529890 0.073618 -0.995345 -0.062205 0.722114 0.857143
  34 -19.762943 -3.860931 -0.516984 0.662081 -0.744264 0.087861 0.722114 0.864971
male.bmp
  34 -19.819373 -3.873140 -0.529890 0.073618 -0.995345 -0.062205 0.722114 0.857143
  34 -19.786641 -3.775872 -0.726276 0.533752 -0.563859 -0.630216 0.694716 0.876712
  34 -19.762943 -3.860931 -0.516984 0.662081 -0.744264 0.087861 0.722114 0.864971
male.bmp
  34 -19.762943 -3.860931 -0.516984 0.662081 -0.744264 0.087861 0.722114 0.864971
  34 -19.786641 -3.775872 -0.726276 0.533752 -0.563859 -0.630216 0.694716 0.876712
  34 -19.652065 -3.499211 -0.476181 0.885490 -0.445966 0.130465 0.720157 0.919765
male.bmp
  34 -19.786641 -3.775872 -0.726276 0.533752 -0.563859 -0.630216 0.694716 0.876712
  34 -19.681319 -3.429769 -0.708392 0.802858 -0.198097 -0.562295 0.696673 0.919765
  34 -19.652065 -3.499211 -0.476181 0.885490 -0.445966 0.130465 0.720157 0.919765
male.bmp
  34 -19.652065 -3.499211 -0.476181 0.885490 -0.445966 0.130465 0.720157 0.919765
  34 -19.681319 -3.429769 -0.708392 0.802858 -0.198097 -0.562295 0.696673 0.919765
  34 -19.612424 -3.437338 -0.475591 0.897388 -0.430882 0.095051 0.720157 0.927593
male.bmp
  34 -19.681319 -3.429769 -0.708392 0.802858 -0.198097 -0.562295 0.696673 0.919765
  33 -19.554096 -2.960273 -0.633422 0.839382 -0.136146 -0.526215 0.690802 0.986301
  34 -19.612424 -3.437338 -0.475591 0.897388 -0.430882 0.095051 0.720157 0.927593
male.bmp
  34 -19.612424 -3.437338 -0.475591 0.897388 -0.430882 0.095051 0.720157 0.927593
  33 -19.554096 -2.960273 -0.633422 0.839382 -0.136146 -0.526215 0.690802 0.986301
  33 -19.511886 -2.979176 -0.423753 0.975194 -0.219555 0.028142 0.720157 0.988258
male.bmp
  26 -21.842195 -1.203899 0.278352 -0.701192 -0.710122 0.063688 0.628180 0.048924
  26 -21.898287 -1.017599 0.536318 -0.468662 -0.515266 0.717536 0.626223 0.068493
  26 -21.911528 -1.005188 0.494239 -0.862602 -0.435564 0.257298 0.620352 0.066536
male.bmp
  26 -21.911528 -1.005188 0.494239 -0.862602 -0.435564 0.257298 0.620352 0.066536
  26 -21.898287 -1.017599 0.536318 -0.468662 -0.515266 0.717536 0.626223 0.068493
  26 -21.975051 -0.792781 0.567371 -0.656324 0.104724 0.747175 0.618395 0.090020
male.bmp
  26 -21.898287 -1.017599 0.536318 -0.468662 -0.515266 0.717536 0.626223 0.068493
  19 -20.766627 -0.580466 0.705891 -0.110984 0.102581 0.988514 0.726027 0.115460
  26 -21.975051 -0.792781 0.567371 -0.656324 0.104724 0.747175 0.618395 0.090020
male.bmp
  26 -21.975051 -0.792781 0.567371 -0.656324 0.104724 0.747175 0.618395 0.090020
  19 -20.766627 -0.580466 0.705891 -0.110984 0.102581 0.988514 0.726027 0.115460
  26 -21.999564 -0.633388 0.405839 -0.747084 0.525101 0.407596 0.614481 0.103718
male.bmp
  19 -20.766627 -0.580466 0.705891 -0.110984 0.102581 0.988514 0.726027 0.115460
  19 -20.688741 -0.264370 0.573161 -0.362492 0.071646 0.929229 0.731898 0.142857
  26 -21.999564 -0.633388 0.405839 -0.747084 0.525101 0.407596 0.614481 0.103718
male.bmp
  26 -21.999564 -0.633388 0.405839 -0.747084 0.525101 0.407596 0.614481 0.103718
  19 -20.688741 -0.264370 0.573161 -0.362492 0.071646 0.929229 0.731898 0.142857
  23 -20.860579 -0.226735 0.394799 -0.643522 -0.053038 0.763588 0.716243 0.146771
male.bmp
  19 -20.688741 -0.264370 0.573161 -0.362492 0.071646 0.929229 0.731898 0.142857
  19 -20.813592 -0.056010 0.611870 -0.257178 -0.259395 0.930899 0.720157 0.160470
  23 -20.860579 -0.226735 0.394799 -0.643522 -0.053038 0.763588 0.716243 0.146771
male.bmp
  23 -20.860579 -0.226735 0.394799 -0.643522 -0.053038 0.763588 0.716243 0.146771
  19 -20.813592 -0.056010 0.611870 -0.257178 -0.259395 0.930899 0.720157 0.160470
  23 -22.323195 -0.038626 0.418667 -0.624553 -0.253504 0.738694 0.583170 0.154599
male.bmp
  19 -20.813592 -0.056010 0.611870 -0.257178 -0.259395 0.930899 0.720157 0.160470
  19 -20.917291 0.202818 0.573730 -0.167138 0.282735 0.944524 0.708415 0.185910
  23 -22.323195 -0.038626 0.418667 -0.624553 -0.253504 0.738694 0.583170 0.154599
male.bmp
  23 -22.323195 -0.038626 0.418667 -0.624553 -0.253504 0.738694 0.583170 0.154599
  19 -20.917291 0.202818 0.573730 -0.167138 0.282735 0.944524 0.708415 0.185910
  23 -22.336320 0.179603 0.416656 -0.617375 0.262059 0.741737 0.581213 0.176125
male.bmp
  19 -20.917291 0.202818 0.573730 -0.167138 0.282735 0.944524 0.708415 0.185910
  23 -22.321021 0.358433 0.279960 -0.581845 0.692438 0.426598 0.581213 0.191781
  23 -22.336320 0.179603 0.416656 -0.617375 0.262059 0.741737 0.581213 0.176125
male.bmp
  23 -22.336320 0.179603 0.416656 -0.617375 0.262059 0.741737 0.581213 0.176125
  23 -22.321021 0.358433 0.279960 -0.581845 0.692438 0.426598 0.581213 0.191781
  23 -22.331398 0.334483 0.235030 -0.941186 0.331334 0.066235 0.569472 0.191781
male.bmp
  23 -22.321021 0.358433 0.279960 -0.581845 0.692438 0.426598 0.581213 0.191781
  23 -22.295957 0.418050 0.022050 -0.603442 0.740023 -0.297026 0.583170 0.209393
  23 -22.331398 0.334483 0.235030 -0.941186 0.331334 0.066235 0.569472 0.191781
male.bmp
  23 -22.331398 0.334483 0.235030 -0.941186 0.331334 0.066235 0.569472 0.191781
  23 -22.295957 0.418050 0.022050 -0.603442 0.740023 -0.297026 0.583170 0.209393
  23 -22.295276 0.364432 0.017089 -0.952030 0.034287 -0.304077 0.571429 0.211350
male.bmp
  16 20.737925 -2.957557 -0.375907 0.977170 0.056863 0.204708 0.827789 0.990215
  17 20.680716 -3.131453 -0.257660 0.796034 -0.041008 0.603861 0.812133 0.966732
  17 20.754537 -3.112911 -0.509070 0.984740 0.094241 -0.146309 0.835616 0.951076
male.bmp
  17 20.754537 -3.112911 -0.509070 0.984740 0.094241 -0.146309 0.835616 0.951076
  17 20.680716 -3.131453 -0.257660 0.796034 -0.041008 0.603861 0.812133 0.966732
  17 20.714516 -3.662418 -0.323490 0.817692 -0.154830 0.554443 0.786693 0.902153
male.bmp
  17 20.680716 -3.131453 -0.257660 0.796034 -0.041008 0.603861 0.812133 0.966732
  17 20.563404 -3.594406 -0.179478 0.179579 -0.208636 0.961365 0.772994 0.917808
  17 20.714516 -3.662418 -0.323490 0.817692 -0.154830 0.554443 0.786693 0.902153
male.bmp
  17 20.714516 -3.662418 -0.323490 0.817692 -0.154830 0.554443 0.786693 0.902153
  17 20.563404 -3.594406 -0.179478 0.179579 -0.208636 0.961365 0.772994 0.917808
  17 20.616282 -3.947347 -0.331583 0.508801 -0.620507 0.596735 0.759295 0.866928
male.bmp
  17 20.563404 -3.594406 -0.179478 0.179579 -0.208636 0.961365 0.772994 0.917808
  17 20.457971 -3.978305 -0.322676 -0.257399 -0.692374 0.674065 0.739726 0.872798
  17 20.616282 -3.947347 -0.331583 0.508801 -0.620507 0.596735 0.759295 0.866928
male.bmp
  17 20.616282 -3.947347 -0.331583 0.508801 -0.620507 0.596735 0.759295 0.866928
  17 20.457971 -3.978305 -0.322676 -0.257399 -0.692374 0.674065 0.739726 0.872798
  17 20.418006 -4.034392 -0.531857 -0.073618 -0.995345 -0.062205 0.722114 0.857143
male.bmp
  17 20.457971 -3.978305 -0.322676 -0.257399 -0.692374 0.674065 0.739726 0.872798
  17 20.361679 -4.024043 -0.509051 -0.662084 -0.744263 0.087847 0.722114 0.864971
  17 20.418006 -4.034392 -0.531857 -0.073618 -0.995345 -0.062205 0.722114 0.857143
male.bmp
  17 20.418006 -4.034392 -0.531857 -0.073618 -0.995345 -0.062205 0.722114 0.857143
  17 20.361679 -4.024043 -0.509051 -0.662084 -0.744263 0.087847 0.722114 0.864971
  17 20.383087 -3.941964 -0.730194 -0.533739 -0.563859 -0.630227 0.694716 0.876712
male.bmp
  17 20.361679 -4.024043 -0.509051 -0.662084 -0.744263 0.087847 0.722114 0.864971
  17 20.246206 -3.662993 -0.475757 -0.885495 -0.445963 0.130444 0.720157 0.919765
  17 20.383087 -3.941964 -0.730194 -0.533739 -0.563859 -0.630227 0.694716 0.876712
male.bmp
  17 20.383087 -3.941964 -0.730194 -0.533739 -0.563859 -0.630227 0.694716 0.876712
  17 20.246206 -3.662993 -0.475757 -0.885495 -0.445963 0.130444 0.720157 0.919765
  17 20.273471 -3.598365 -0.709594 -0.802847 -0.198094 -0.562312 0.696673 0.919765
male.bmp
  17 20.246206 -3.662993 -0.475757 -0.885495 -0.445963 0.130444 0.720157 0.919765
  17 20.205752 -3.601649 -0.476349 -0.897393 -0.430878 0.095030 0.720157 0.927593
  17 20.273471 -3.598365 -0.709594 -0.802847 -0.198094 -0.562312 0.696673 0.919765
male.bmp
  17 20.273471 -3.598365 -0.709594 -0.802847 -0.198094 -0.562312 0.696673 0.919765
  17 20.205752 -3.601649 -0.476349 -0.897393 -0.430878 0.095030 0.720157 0.927593
  16 20.148368 -3.126656 -0.642605 -0.839371 -0.136141 -0.526234 0.690802 0.986301
male.bmp
  17 20.205752 -3.601649 -0.476349 -0.897393 -0.430878 0.095030 0.720157 0.927593
  16 20.105990 -3.145052 -0.421775 -0.975196 -0.219548 0.028119 0.720157 0.988258
  16 20.148368 -3.126656 -0.642605 -0.839371 -0.136141 -0.526234 0.690802 0.986301
male.bmp
  14 23.397054 2.536151 -0.435040 0.890979 0.452987 -0.030980 0.925636 0.661448
  14 23.311294 2.607381 -0.475924 0.436119 0.871290 -0.225064 0.898239 0.667319
  14 23.327790 2.531368 -0.327432 0.851817 0.453491 0.262209 0.923679 0.671233
male.bmp
  14 23.327790 2.531368 -0.327432 0.851817 0.453491 0.262209 0.923679 0.671233
  14 23.311294 2.607381 -0.475924 0.436119 0.871290 -0.225064 0.898239 0.667319
  14 23.237095 2.605293 -0.389958 -0.037838 0.928896 0.368403 0.894325 0.694716
male.bmp
  14 23.311294 2.607381 -0.475924 0.436119 0.871290 -0.225064 0.898239 0.667319
  14 23.199097 2.601689 -0.492638 -0.177519 0.928979 -0.324785 0.882583 0.690802
  14 23.237095 2.605293 -0.389958 -0.037838 0.928896 0.368403 0.894325 0.694716
male.bmp
  14 23.237095 2.605293 -0.389958 -0.037838 0.928896 0.368403 0.894325 0.694716
  14 23.199097 2.601689 -0.492638 -0.177519 0.928979 -0.324785 0.882583 0.690802
  14 23.026880 2.531341 -0.383586 -0.286046 0.863777 0.414809 0.896282 0.747554
male.bmp
  14 23.199097 2.601689 -0.492638 -0.177519 0.928979 -0.324785 0.882583 0.690802
  13 22.656960 2.396397 -0.456582 -0.382251 0.882140 -0.275161 0.878669 0.825832
  14 23.026880 2.531341 -0.383586 -0.286046 0.863777 0.414809 0.896282 0.747554
male.bmp
  14 23.026880 2.531341 -0.383586 -0.286046 0.863777 0.414809 0.896282 0.747554
  13 22.656960 2.396397 -0.456582 -0.382251 0.882140 -0.275161 0.878669 0.825832
  13 22.723977 2.404546 -0.311178 -0.300962 0.812148 0.499837 0.894325 0.814090
male.bmp
  13 22.656960 2.396397 -0.456582 -0.382251 0.882140 -0.275161 0.878669 0.825832
  13 21.967705 2.076449 -0.308728 -0.335030 0.834364 0.437712 0.894325 0.966732
  13 22.723977 2.404546 -0.311178 -0.300962 0.812148 0.499837 0.894325 0.814090
male.bmp
  13 22.723977 2.404546 -0.311178 -0.300962 0.812148 0.499837 0.894325 0.814090
  13 21.967705 2.076449 -0.308728 -0.335030 0.834364 0.437712 0.894325 0.966732
  13 22.074164 1.927484 -0.211898 -0.135953 0.273781 0.952135 0.919765 0.964775
male.bmp
  13 21.967705 2.076449 -0.308728 -0.335030 0.834364 0.437712 0.894325 0.966732
  12 21.989806 1.877157 -0.211987 -0.102954 0.284198 0.953222 0.919765 0.982387
  13 22.074164 1.927484 -0.211898 -0.135953 0.273781 0.952135 0.919765 0.964775
male.bmp
  13 22.074164 1.927484 -0.211898 -0.135953 0.273781 0.952135 0.919765 0.964775
  12 21.989806 1.877157 -0.211987 -0.102954 0.284198 0.953222 0.919765 0.982387
  13 22.115683 1.802030 -0.196493 0.225529 -0.189144 0.955699 0.951076 0.964775
male.bmp
  12 21.989806 1.877157 -0.211987 -0.102954 0.284198 0.953222 0.919765 0.982387
  12 22.048493 1.765901 -0.179156 0.327651 -0.123638 0.936674 0.951076 0.982387
  13 22.115683 1.802030 -0.196493 0.225529 -0.189144 0.955699 0.951076 0.964775
male.bmp
  13 22.115683 1.802030 -0.196493 0.225529 -0.189144 0.955699 0.951076 0.964775
  12 22.048493 1.765901 -0.179156 0.327651 -0.123638 0.936674 0.951076 0.982387
  13 22.144686 1.625039 -0.333362 0.519002 -0.796948 0.309049 0.978474 0.974560
male.bmp
  12 22.048493 1.765901 -0.179156 0.327651 -0.123638 0.936674 0.951076 0.982387
  12 22.093849 1.586091 -0.315213 0.574209 -0.774583 0.265153 0.978474 0.988258
  13 22.144686 1.625039 -0.333362 0.519002 -0.796948 0.309049 0.978474 0.974560
male.bmp
  11 24.140773 -1.628705 0.280931 0.005222 -0.964447 0.264223 0.888454 0.393346
  11 24.141698 -1.608942 0.036373 0.229768 -0.857565 -0.460205 0.904110 0.393346
  11 24.292007 -1.587451 0.286063 0.630745 -0.771637 0.082081 0.904110 0.373777
male.bmp
  11 24.292007 -1.587451 0.286063 0.630745 -0.771637 0.082081 0.904110 0.373777
  11 24.141698 -1.608942 0.036373 0.229768 -0.857565 -0.460205 0.904110 0.393346
  11 24.392982 -1.449902 0.238270 0.984644 -0.166972 -0.050959 0.925636 0.365949
male.bmp
  11 24.141698 -1.608942 0.036373 0.229768 -0.857565 -0.460205 0.904110 0.393346
  11 24.242698 -1.472676 -0.021338 0.671848 -0.294390 -0.679672 0.925636 0.385519
  11 24.392982 -1.449902 0.238270 0.984644 -0.166972 -0.050959 0.925636 0.365949
male.bmp
  11 24.392982 -1.449902 0.238270 0.984644 -0.166972 -0.050959 0.925636 0.365949
  11 24.242698 -1.472676 -0.021338 0.671848 -0.294390 -0.679672 0.925636 0.385519
  11 24.186638 -1.352385 -0.057217 0.493962 0.364230 -0.789518 0.941292 0.395303
male.bmp
  11 24.242698 -1.472676 -0.021338 0.671848 -0.294390 -0.679672 0.925636 0.385519
  11 24.017677 -1.438192 -0.117129 0.088849 -0.221472 -0.971111 0.923679 0.414873
  11 24.186638 -1.352385 -0.057217 0.493962 0.364230 -0.789518 0.941292 0.395303
male.bmp
  11 24.186638 -1.352385 -0.057217 0.493962 0.364230 -0.789518 0.941292 0.395303
  11 24.017677 -1.438192 -0.117129 0.088849 -0.221472 -0.971111 0.923679 0.414873
  11 23.634523 -1.211723 -0.097006 0.131469 0.343535 -0.929892 0.941292 0.510763
male.bmp
  11 24.017677 -1.438192 -0.117129 0.088849 -0.221472 -0.971111 0.923679 0.414873
  11 23.565978 -1.484986 -0.011398 -0.092307 -0.747469 -0.657853 0.908023 0.518591
  11 23.634523 -1.211723 -0.097006 0.131469 0.343535 -0.929892 0.941292 0.510763
male.bmp
  11 23.634523 -1.211723 -0.097006 0.131469 0.343535 -0.929892 0.941292 0.510763
  11 23.565978 -1.484986 -0.011398 -0.092307 -0.747469 -0.657853 0.908023 0.518591
  10 23.447178 -1.189921 -0.131639 0.119964 0.245802 -0.961868 0.943249 0.534247
male.bmp
  11 23.565978 -1.484986 -0.011398 -0.092307 -0.747469 -0.657853 0.908023 0.518591
  10 23.388615 -1.465225 -0.045741 -0.072173 -0.746578 -0.661372 0.904110 0.542074
  10 23.447178 -1.189921 -0.131639 0.119964 0.245802 -0.961868 0.943249 0.534247
male.bmp
  10 23.447178 -1.189921 -0.131639 0.119964 0.245802 -0.961868 0.943249 0.534247
  10 23.388615 -1.465225 -0.045741 -0.072173 -0.746578 -0.661372 0.904110 0.542074
  10 22.563762 -1.016497 -0.132696 0.029989 0.252405 -0.967157 0.943249 0.634051
male.bmp
  10 23.388615 -1.465225 -0.045741 -0.072173 -0.746578 -0.661372 0.904110 0.542074
  10 22.477539 -1.325364 -0.032364 -0.164501 -0.740230 -0.651920 0.908023 0.634051
  10 22.563762 -1.016497 -0.132696 0.029989 0.252405 -0.967157 0.943249 0.634051
male.bmp
  10 22.563762 -1.016497 -0.132696 0.029989 0.252405 -0.967157 0.943249 0.634051
  10 22.477539 -1.325364 -0.032364 -0.164501 -0.740230 -0.651920 0.908023 0.634051
  9 22.490530 -1.013877 -0.123429 -0.032348 0.163489 -0.986015 0.943249 0.645793
male.bmp
  10 22.477539 -1.325364 -0.032364 -0.164501 -0.740230 -0.651920 0.908023 0.634051
  9 22.407298 -1.311917 -0.014138 -0.234321 -0.756074 -0.611102 0.906067 0.645793
  9 22.490530 -1.013877 -0.123429 -0.032348 0.163489 -0.986015 0.943249 0.645793
male.bmp
  5 24.374442 1.173622 0.085681 0.383571 -0.849992 0.361092 0.888454 0.393346
  5 24.390946 1.184320 -0.146295 0.599871 -0.678385 -0.424205 0.904110 0.393346
  5 24.486658 1.263498 0.103845 0.854142 -0.429733 0.292865 0.904110 0.373777
male.bmp
  5 24.486658 1.263498 0.103845 0.854142 -0.429733 0.292865 0.904110 0.373777
  5 24.390946 1.184320 -0.146295 0.599871 -0.678385 -0.424205 0.904110 0.393346
  5 24.514020 1.429245 0.056102 0.978011 0.205061 0.038015 0.925636 0.365949
male.bmp
  5 24.390946 1.184320 -0.146295 0.599871 -0.678385 -0.424205 0.904110 0.393346
  5 24.418075 1.352869 -0.184442 0.790559 0.027003 -0.611790 0.925636 0.385519
  5 24.514020 1.429245 0.056102 0.978011 0.205061 0.038015 0.925636 0.365949
male.bmp
  5 24.514020 1.429245 0.056102 0.978011 0.205061 0.038015 0.925636 0.365949
  5 24.418075 1.352869 -0.184442 0.790559 0.027003 -0.611790 0.925636 0.385519
  5 24.344951 1.427558 -0.228877 0.345989 0.507897 -0.788880 0.941292 0.395303
male.bmp
  5 24.418075 1.352869 -0.184442 0.790559 0.027003 -0.611790 0.925636 0.385519
  5 24.224644 1.281610 -0.282964 0.188398 -0.175570 -0.966272 0.923679 0.414873
  5 24.344951 1.427558 -0.228877 0.345989 0.507897 -0.788880 0.941292 0.395303
male.bmp
  5 24.344951 1.427558 -0.228877 0.345989 0.507897 -0.788880 0.941292 0.395303
  5 24.224644 1.281610 -0.282964 0.188398 -0.175570 -0.966272 0.923679 0.414873
  5 23.707461 1.286302 -0.265658 -0.039122 0.301629 -0.952622 0.941292 0.510763
male.bmp
  5 24.224644 1.281610 -0.282964 0.188398 -0.175570 -0.966272 0.923679 0.414873
  5 23.772804 1.048034 -0.184057 0.205819 -0.741534 -0.638566 0.908023 0.518591
  5 23.707461 1.286302 -0.265658 -0.039122 0.301629 -0.952622 0.941292 0.510763
male.bmp
  5 23.707461 1.286302 -0.265658 -0.039122 0.301629 -0.952622 0.941292 0.510763
  5 23.772804 1.048034 -0.184057 0.205819 -0.741534 -0.638566 0.908023 0.518591
  4 23.567013 1.242442 -0.280205 -0.023050 0.225122 -0.974058 0.943249 0.534247
male.bmp
  5 23.772804 1.048034 -0.184057 0.205819 -0.741534 -0.638566 0.908023 0.518591
  4 23.608184 0.981006 -0.181939 0.231039 -0.755833 -0.612648 0.904110 0.542074
  4 23.567013 1.242442 -0.280205 -0.023050 0.225122 -0.974058 0.943249 0.534247
male.bmp
  4 23.567013 1.242442 -0.280205 -0.023050 0.225122 -0.974058 0.943249 0.534247
  4 23.608184 0.981006 -0.181939 0.231039 -0.755833 -0.612648 0.904110 0.542074
  4 22.532082 1.008317 -0.265953 -0.137279 0.210316 -0.967947 0.943249 0.634051
male.bmp
  4 23.608184 0.981006 -0.181939 0.231039 -0.755833 -0.612648 0.904110 0.542074
  4 22.607533 0.732966 -0.173276 0.179111 -0.691908 -0.699416 0.908023 0.634051
  4 22.532082 1.008317 -0.265953 -0.137279 0.210316 -0.967947 0.943249 0.634051
male.bmp
  4 22.532082 1.008317 -0.265953 -0.137279 0.210316 -0.967947 0.943249 0.634051
  4 22.607533 0.732966 -0.173276 0.179111 -0.691908 -0.699416 0.908023 0.634051
  3 22.530882 0.703960 -0.164064 0.191697 -0.720139 -0.666822 0.906067 0.645793
male.bmp
  4 22.607533 0.732966 -0.173276 0.179111 -0.691908 -0.699416 0.908023 0.634051
  3 22.607139 0.649992 0.127436 0.505050 -0.823481 0.258463 0.882583 0.643836
  3 22.530882 0.703960 -0.164064 0.191697 -0.720139 -0.666822 0.906067 0.645793
male.bmp
  9 22.513581 -1.166094 0.490084 0.083417 -0.466980 0.880324 0.951076 0.982387
  10 22.594302 -1.191667 0.474579 -0.022847 -0.486904 0.873157 0.951076 0.964775
  9 22.572169 -0.980601 0.506196 0.211534 0.244801 0.946217 0.919765 0.982387
male.bmp
  9 22.572169 -0.980601 0.506196 0.211534 0.244801 0.946217 0.919765 0.982387
  10 22.594302 -1.191667 0.474579 -0.022847 -0.486904 0.873157 0.951076 0.964775
  10 22.644587 -0.993031 0.499378 0.153365 0.274057 0.949406 0.919765 0.964775
male.bmp
  10 22.594302 -1.191667 0.474579 -0.022847 -0.486904 0.873157 0.951076 0.964775
  10 23.594511 -1.192765 0.483573 0.153365 0.274057 0.949406 0.921722 0.814090
  10 22.644587 -0.993031 0.499378 0.153365 0.274057 0.949406 0.919765 0.964775
male.bmp
  10 22.644587 -0.993031 0.499378 0.153365 0.274057 0.949406 0.919765 0.964775
  10 23.594511 -1.192765 0.483573 0.153365 0.274057 0.949406 0.921722 0.814090
  10 22.676784 -0.852930 0.360327 0.237081 0.827881 0.508336 0.894325 0.966732
male.bmp
  10 23.594511 -1.192765 0.483573 0.153365 0.274057 0.949406 0.921722 0.814090
  10 23.626709 -1.052664 0.344522 0.237081 0.827881 0.508336 0.894325 0.814090
  10 22.676784 -0.852930 0.360327 0.237081 0.827881 0.508336 0.894325 0.966732
male.bmp
  10 22.676784 -0.852930 0.360327 0.237081 0.827881 0.508336 0.894325 0.966732
  10 23.626709 -1.052664 0.344522 0.237081 0.827881 0.508336 0.894325 0.814090
  10 23.640640 -1.007637 0.157230 0.271227 0.934288 -0.231389 0.878669 0.825832
male.bmp
  10 23.626709 -1.052664 0.344522 0.237081 0.827881 0.508336 0.894325 0.814090
  11 24.014109 -1.149588 0.279097 0.298056 0.836429 0.459945 0.896282 0.747554
  10 23.640640 -1.007637 0.157230 0.271227 0.934288 -0.231389 0.878669 0.825832
male.bmp
  10 23.640640 -1.007637 0.157230 0.271227 0.934288 -0.231389 0.878669 0.825832
  11 24.014109 -1.149588 0.279097 0.298056 0.836429 0.459945 0.896282 0.747554
  11 24.249459 -1.213029 0.166911 0.468351 0.840108 -0.273618 0.882583 0.690802
male.bmp
  11 24.014109 -1.149588 0.279097 0.298056 0.836429 0.459945 0.896282 0.747554
  11 24.309647 -1.251773 0.282997 0.616701 0.680063 0.396477 0.894325 0.694716
  11 24.249459 -1.213029 0.166911 0.468351 0.840108 -0.273618 0.882583 0.690802
male.bmp
  11 24.249459 -1.213029 0.166911 0.468351 0.840108 -0.273618 0.882583 0.690802
  11 24.309647 -1.251773 0.282997 0.616701 0.680063 0.396477 0.894325 0.694716
  11 24.362573 -1.304474 0.199203 0.899216 0.382687 -0.212043 0.898239 0.667319
male.bmp
  11 24.309647 -1.251773 0.282997 0.616701 0.680063 0.396477 0.894325 0.694716
  11 24.341687 -1.434204 0.357108 0.931102 -0.215579 0.294235 0.923679 0.671233
  11 24.362573 -1.304474 0.199203 0.899216 0.382687 -0.212043 0.898239 0.667319
male.bmp
  11 24.362573 -1.304474 0.199203 0.899216 0.382687 -0.212043 0.898239 0.667319
  11 24.341687 -1.434204 0.357108 0.931102 -0.215579 0.294235 0.923679 0.671233
  11 24.392982 -1.449902 0.238270 0.984644 -0.166972 -0.050959 0.925636 0.661448
male.bmp
  11 24.341687 -1.434204 0.357108 0.931102 -0.215579 0.294235 0.923679 0.671233
  11 24.292007 -1.587451 0.286063 0.630745 -0.771637 0.082081 0.956947 0.673190
  11 24.392982 -1.449902 0.238270 0.984644 -0.166972 -0.050959 0.925636 0.661448
male.bmp
  12 21.896484 2.049120 -0.293961 0.557966 0.817128 0.144830 0.659491 0.371820
  12 21.840815 2.075779 -0.262493 0.084904 0.920885 0.380476 0.667319 0.369863
  12 21.989806 1.877157 -0.211987 0.836279 0.524786 0.158863 0.653620 0.354207
male.bmp
  12 21.989806 1.877157 -0.211987 0.836279 0.524786 0.158863 0.653620 0.354207
  12 21.840815 2.075779 -0.262493 0.084904 0.920885 0.380476 0.667319 0.369863
  12 21.963899 1.916457 -0.151288 0.472694 0.557612 0.682371 0.657534 0.354207
male.bmp
  12 21.840815 2.075779 -0.262493 0.084904 0.920885 0.380476 0.667319 0.369863
  2 21.062853 1.481506 -0.058850 -0.043303 0.539370 0.840955 0.741683 0.318982
  12 21.963899 1.916457 -0.151288 0.472694 0.557612 0.682371 0.657534 0.354207
male.bmp
  12 21.963899 1.916457 -0.151288 0.472694 0.557612 0.682371 0.657534 0.354207
  2 21.062853 1.481506 -0.058850 -0.043303 0.539370 0.840955 0.741683 0.318982
  12 22.046758 1.733054 -0.128976 0.706498 0.098900 0.700770 0.651663 0.330724
male.bmp
  2 21.062853 1.481506 -0.058850 -0.043303 0.539370 0.840955 0.741683 0.318982
  2 21.162359 1.188813 0.118432 0.315072 0.374921 0.871874 0.733855 0.291585
  12 22.046758 1.733054 -0.128976 0.706498 0.098900 0.700770 0.651663 0.330724
male.bmp
  12 22.046758 1.733054 -0.128976 0.706498 0.098900 0.700770 0.651663 0.330724
  2 21.162359 1.188813 0.118432 0.315072 0.374921 0.871874 0.733855 0.291585
  2 21.266244 1.000487 0.014310 0.716474 0.597535 0.360023 0.726027 0.281800
male.bmp
  2 21.162359 1.188813 0.118432 0.315072 0.374921 0.871874 0.733855 0.291585
  2 21.271119 0.932540 0.242913 0.152154 0.680442 0.716832 0.726027 0.268102
  2 21.266244 1.000487 0.014310 0.716474 0.597535 0.360023 0.726027 0.281800
male.bmp
  2 21.266244 1.000487 0.014310 0.716474 0.597535 0.360023 0.726027 0.281800
  2 21.271119 0.932540 0.242913 0.152154 0.680442 0.716832 0.726027 0.268102
  3 22.436789 1.235917 0.222158 0.244545 0.865548 0.437063 0.618395 0.285714
male.bmp
  2 21.271119 0.932540 0.242913 0.152154 0.680442 0.716832 0.726027 0.268102
  2 21.420456 0.707146 0.367396 0.057435 0.193165 0.979484 0.712329 0.246575
  3 22.436789 1.235917 0.222158 0.244545 0.865548 0.437063 0.618395 0.285714
male.bmp
  3 22.436789 1.235917 0.222158 0.244545 0.865548 0.437063 0.618395 0.285714
  2 21.420456 0.707146 0.367396 0.057435 0.193165 0.979484 0.712329 0.246575
  3 22.496684 1.053230 0.350368 0.439554 0.416650 0.795736 0.614481 0.272016
male.bmp
  2 21.420456 0.707146 0.367396 0.057435 0.193165 0.979484 0.712329 0.246575
  3 22.537644 0.826714 0.385195 0.512692 -0.142999 0.846580 0.612524 0.250489
  3 22.496684 1.053230 0.350368 0.439554 0.416650 0.795736 0.614481 0.272016
male.bmp
  3 22.496684 1.053230 0.350368 0.439554 0.416650 0.795736 0.614481 0.272016
  3 22.537644 0.826714 0.385195 0.512692 -0.142999 0.846580 0.612524 0.250489
  3 22.506804 1.054467 0.309185 0.872291 0.337439 0.353897 0.610568 0.272016
male.bmp
  3 22.537644 0.826714 0.385195 0.512692 -0.142999 0.846580 0.612524 0.250489
  3 22.562015 0.851757 0.338516 0.873208 0.022382 0.486834 0.606654 0.252446
  3 22.506804 1.054467 0.309185 0.872291 0.337439 0.353897 0.610568 0.272016
male.bmp
  9 22.513581 -1.166094 0.490084 0.862596 -0.435564 0.257318 0.620352 0.066536
  9 22.565289 -0.961377 0.564361 0.656307 0.104725 0.747190 0.618395 0.090020
  9 22.490547 -1.176481 0.532055 0.468645 -0.515265 0.717547 0.626223 0.068493
male.bmp
  9 22.490547 -1.176481 0.532055 0.468645 -0.515265 0.717547 0.626223 0.068493
  9 22.565289 -0.961377 0.564361 0.656307 0.104725 0.747190 0.618395 0.090020
  2 21.363252 -0.746269 0.705204 0.110961 0.102582 0.988516 0.726027 0.115460
male.bmp
  9 22.565289 -0.961377 0.564361 0.656307 0.104725 0.747190 0.618395 0.090020
  9 22.601617 -0.794295 0.401683 0.747075 0.525101 0.407613 0.614481 0.103718
  2 21.363252 -0.746269 0.705204 0.110961 0.102582 0.988516 0.726027 0.115460
male.bmp
  2 21.363252 -0.746269 0.705204 0.110961 0.102582 0.988516 0.726027 0.115460
  9 22.601617 -0.794295 0.401683 0.747075 0.525101 0.407613 0.614481 0.103718
  2 21.285366 -0.430173 0.572474 0.362471 0.071647 0.929237 0.731898 0.142857
male.bmp
  9 22.601617 -0.794295 0.401683 0.747075 0.525101 0.407613 0.614481 0.103718
  6 21.462821 -0.392779 0.396456 0.643505 -0.053037 0.763602 0.716243 0.146771
  2 21.285366 -0.430173 0.572474 0.362471 0.071647 0.929237 0.731898 0.142857
male.bmp
  2 21.285366 -0.430173 0.572474 0.362471 0.071647 0.929237 0.731898 0.142857
  6 21.462821 -0.392779 0.396456 0.643505 -0.053037 0.763602 0.716243 0.146771
  2 21.410217 -0.221812 0.611181 0.257156 -0.259395 0.930906 0.720157 0.160470
male.bmp
  6 21.462821 -0.392779 0.396456 0.643505 -0.053037 0.763602 0.716243 0.146771
  6 22.915465 -0.204805 0.420763 0.624536 -0.253504 0.738709 0.583170 0.154599
  2 21.410217 -0.221812 0.611181 0.257156 -0.259395 0.930906 0.720157 0.160470
male.bmp
  2 21.410217 -0.221812 0.611181 0.257156 -0.259395 0.930906 0.720157 0.160470
  6 22.915465 -0.204805 0.420763 0.624536 -0.253504 0.738709 0.583170 0.154599
  2 21.513916 0.037015 0.573041 0.167116 0.282736 0.944528 0.708415 0.185910
male.bmp
  6 22.915465 -0.204805 0.420763 0.624536 -0.253504 0.738709 0.583170 0.154599
  6 22.928732 0.010611 0.409821 0.617358 0.262059 0.741751 0.581213 0.176125
  2 21.513916 0.037015 0.573041 0.167116 0.282736 0.944528 0.708415 0.185910
male.bmp
  2 21.513916 0.037015 0.573041 0.167116 0.282736 0.944528 0.708415 0.185910
  6 22.928732 0.010611 0.409821 0.617358 0.262059 0.741751 0.581213 0.176125
  6 22.913461 0.189859 0.273670 0.581836 0.692438 0.426611 0.581213 0.191781
male.bmp
  6 22.928732 0.010611 0.409821 0.617358 0.262059 0.741751 0.581213 0.176125
  6 22.923723 0.168859 0.238262 0.941185 0.331333 0.066257 0.569472 0.191781
  6 22.913461 0.189859 0.273670 0.581836 0.692438 0.426611 0.581213 0.191781
male.bmp
  6 22.913461 0.189859 0.273670 0.581836 0.692438 0.426611 0.581213 0.191781
  6 22.923723 0.168859 0.238262 0.941185 0.331333 0.066257 0.569472 0.191781
  6 22.888298 0.253079 0.025537 0.603449 0.740022 -0.297012 0.583170 0.209393
male.bmp
  6 22.923723 0.168859 0.238262 0.941185 0.331333 0.066257 0.569472 0.191781
  6 22.887610 0.199476 0.020413 0.952037 0.034286 -0.304055 0.571429 0.211350
  6 22.888298 0.253079 0.025537 0.603449 0.740022 -0.297012 0.583170 0.209393
male.bmp
  6 22.817434 -0.035824 -0.182341 0.906150 -0.017490 -0.422595 0.500978 0.614481
  6 22.788658 -0.023502 -0.248826 0.460934 0.185196 -0.867895 0.502935 0.610568
  6 22.887610 0.199476 0.020413 0.952037 0.034286 -0.304055 0.487280 0.592955
male.bmp
  6 22.887610 0.199476 0.020413 0.952037 0.034286 -0.304055 0.487280 0.592955
  6 22.788658 -0.023502 -0.248826 0.460934 0.185196 -0.867895 0.502935 0.610568
  6 22.888298 0.253079 0.025537 0.603449 0.740022 -0.297012 0.491194 0.589041
male.bmp
  6 22.788658 -0.023502 -0.248826 0.460934 0.185196 -0.867895 0.502935 0.610568
  6 21.798785 -0.049341 -0.294470 0.183591 0.211875 -0.959898 0.577299 0.583170
  6 22.888298 0.253079 0.025537 0.603449 0.740022 -0.297012 0.491194 0.589041
male.bmp
  6 22.888298 0.253079 0.025537 0.603449 0.740022 -0.297012 0.491194 0.589041
  6 21.798785 -0.049341 -0.294470 0.183591 0.211875 -0.959898 0.577299 0.583170
  3 21.486281 0.311947 0.269219 0.676875 0.416203 0.607136 0.563601 0.555773
male.bmp
  6 21.798785 -0.049341 -0.294470 0.183591 0.211875 -0.959898 0.577299 0.583170
  3 21.674688 0.195485 -0.256176 0.850981 0.048604 -0.522942 0.579256 0.559687
  3 21.486281 0.311947 0.269219 0.676875 0.416203 0.607136 0.563601 0.555773
male.bmp
  3 21.486281 0.311947 0.269219 0.676875 0.416203 0.607136 0.563601 0.555773
  3 21.674688 0.195485 -0.256176 0.850981 0.048604 -0.522942 0.579256 0.559687
  3 21.829789 0.501124 -0.276871 0.427463 -0.632109 -0.646308 0.561644 0.532290
male.bmp
  3 21.674688 0.195485 -0.256176 0.850981 0.048604 -0.522942 0.579256 0.559687
  2 21.198846 0.078659 -0.389038 0.209585 -0.236600 -0.948733 0.622309 0.551859
  3 21.829789 0.501124 -0.276871 0.427463 -0.632109 -0.646308 0.561644 0.532290
male.bmp
  3 21.829789 0.501124 -0.276871 0.427463 -0.632109 -0.646308 0.561644 0.532290
  2 21.198846 0.078659 -0.389038 0.209585 -0.236600 -0.948733 0.622309 0.551859
  3 21.571320 0.766228 -0.453828 0.289416 0.288687 -0.912633 0.567515 0.506849
male.bmp
  2 21.198846 0.078659 -0.389038 0.209585 -0.236600 -0.948733 0.622309 0.551859
  2 20.941914 0.675383 -0.672070 0.263652 -0.237906 -0.934820 0.622309 0.495108
  3 21.571320 0.766228 -0.453828 0.289416 0.288687 -0.912633 0.567515 0.506849
male.bmp
  3 21.571320 0.766228 -0.453828 0.289416 0.288687 -0.912633 0.567515 0.506849
  2 20.941914 0.675383 -0.672070 0.263652 -0.237906 -0.934820 0.622309 0.495108
  12 21.332073 0.922611 -0.528733 0.827629 0.122223 -0.547806 0.583170 0.487280
male.bmp
  2 20.941914 0.675383 -0.672070 0.263652 -0.237906 -0.934820 0.622309 0.495108
  12 21.331179 1.142862 -0.691487 0.459984 -0.428136 -0.777891 0.575342 0.469667
  12 21.332073 0.922611 -0.528733 0.827629 0.122223 -0.547806 0.583170 0.487280
male.bmp
  12 21.332073 0.922611 -0.528733 0.827629 0.122223 -0.547806 0.583170 0.487280
  12 21.331179 1.142862 -0.691487 0.459984 -0.428136 -0.777891 0.575342 0.469667
  2 21.266244 1.000487 0.014310 0.716474 0.597535 0.360023 0.567515 0.481409
male.bmp
  12 21.331179 1.142862 -0.691487 0.459984 -0.428136 -0.777891 0.575342 0.469667
  12 22.094088 1.542899 -0.303621 0.899100 -0.418782 0.127436 0.495108 0.481409
  2 21.266244 1.000487 0.014310 0.716474 0.597535 0.360023 0.567515 0.481409
male.bmp
  2 17.817227 -0.222649 0.896635 -0.852486 -0.022400 -0.522270 0.569472 0.722114
  2 17.817227 0.407350 0.746633 -0.900101 -0.250188 -0.356685 0.581213 0.772994
  2 17.997227 -0.212650 0.776635 -0.589990 -0.036521 -0.806584 0.579256 0.724070
male.bmp
  2 17.997227 -0.212650 0.776635 -0.589990 -0.036521 -0.806584 0.579256 0.724070
  2 17.817227 0.407350 0.746633 -0.900101 -0.250188 -0.356685 0.581213 0.772994
  2 17.987227 0.307350 0.586633 -0.740043 -0.402192 -0.539052 0.594912 0.765166
male.bmp
  2 17.817227 0.407350 0.746633 -0.900101 -0.250188 -0.356685 0.581213 0.772994
  2 17.787226 0.887349 0.206632 -0.910580 -0.383357 -0.154538 0.624266 0.810176
  2 17.987227 0.307350 0.586633 -0.740043 -0.402192 -0.539052 0.594912 0.765166
male.bmp
  2 17.987227 0.307350 0.586633 -0.740043 -0.402192 -0.539052 0.594912 0.765166
  2 17.787226 0.887349 0.206632 -0.910580 -0.383357 -0.154538 0.624266 0.810176
  2 17.967226 0.707349 0.066632 -0.754315 -0.609468 -0.244045 0.636008 0.794521
male.bmp
  2 17.787226 0.887349 0.206632 -0.910580 -0.383357 -0.154538 0.624266 0.810176
  2 17.757225 1.007348 -0.353368 -0.877005 -0.480482 0.000415 0.669276 0.818004
  2 17.967226 0.707349 0.066632 -0.754315 -0.609468 -0.244045 0.636008 0.794521
male.bmp
  2 17.967226 0.707349 0.066632 -0.754315 -0.609468 -0.244045 0.636008 0.794521
  2 17.757225 1.007348 -0.353368 -0.877005 -0.480482 0.000415 0.669276 0.818004
  2 17.947225 0.867348 -0.383368 -0.614818 -0.788434 -0.019257 0.671233 0.806262
male.bmp
  2 17.757225 1.007348 -0.353368 -0.877005 -0.480482 0.000415 0.669276 0.818004
  2 17.767225 0.957347 -0.573368 -0.856274 -0.473822 0.205637 0.684932 0.810176
  2 17.947225 0.867348 -0.383368 -0.614818 -0.788434 -0.019257 0.671233 0.806262
male.bmp
  2 17.947225 0.867348 -0.383368 -0.614818 -0.788434 -0.019257 0.671233 0.806262
  2 17.767225 0.957347 -0.573368 -0.856274 -0.473822 0.205637 0.684932 0.810176
  2 17.947225 0.827347 -0.543368 -0.566641 -0.746013 0.349833 0.681018 0.800391
male.bmp
  2 17.767225 0.957347 -0.573368 -0.856274 -0.473822 0.205637 0.684932 0.810176
  2 17.767224 0.817347 -0.753367 -0.844433 -0.379985 0.377551 0.698630 0.802348
  2 17.947225 0.827347 -0.543368 -0.566641 -0.746013 0.349833 0.681018 0.800391
male.bmp
  2 17.947225 0.827347 -0.543368 -0.566641 -0.746013 0.349833 0.681018 0.800391
  2 17.767224 0.817347 -0.753367 -0.844433 -0.379985 0.377551 0.698630 0.802348
  2 17.947224 0.737347 -0.673368 -0.553775 -0.558727 0.617379 0.692759 0.792564
male.bmp
  2 17.767224 0.817347 -0.753367 -0.844433 -0.379985 0.377551 0.698630 0.802348
  2 17.787224 0.597346 -0.873367 -0.858120 -0.215226 0.466163 0.706458 0.784736
  2 17.947224 0.737347 -0.673368 -0.553775 -0.558727 0.617379 0.692759 0.792564
male.bmp
  2 17.947224 0.737347 -0.673368 -0.553775 -0.558727 0.617379 0.692759 0.792564
  2 17.787224 0.597346 -0.873367 -0.858120 -0.215226 0.466163 0.706458 0.784736
  2 17.907224 0.567347 -0.773367 -0.642895 -0.258703 0.720943 0.698630 0.780822
male.bmp
  2 17.787224 0.597346 -0.873367 -0.858120 -0.215226 0.466163 0.706458 0.784736
  2 17.957224 0.347346 -0.803367 -0.568217 -0.088321 0.818125 0.704501 0.769080
  2 17.907224 0.567347 -0.773367 -0.642895 -0.258703 0.720943 0.698630 0.780822
male.bmp
  1 5.640782 -2.429913 0.757537 0.144506 -0.889131 0.434240 0.007828 0.675147
  1 9.010805 -1.839914 -0.202382 0.276783 -0.942780 -0.185894 0.052838 0.522505
  1 9.030783 -1.749913 0.717619 0.275815 -0.863086 0.423093 0.007828 0.528376
male.bmp
  1 9.030783 -1.749913 0.717619 0.275815 -0.863086 0.423093 0.007828 0.528376
  1 9.010805 -1.839914 -0.202382 0.276783 -0.942780 -0.185894 0.052838 0.522505
  1 9.500806 -1.639914 -0.232370 0.214482 -0.951360 -0.221160 0.052838 0.497065
male.bmp
  1 9.010805 -1.839914 -0.202382 0.276783 -0.942780 -0.185894 0.052838 0.522505
  1 9.500827 -1.179915 -1.082371 0.217575 -0.579432 -0.785442 0.095890 0.497065
  1 9.500806 -1.639914 -0.232370 0.214482 -0.951360 -0.221160 0.052838 0.497065
male.bmp
  1 9.500806 -1.639914 -0.232370 0.214482 -0.951360 -0.221160 0.052838 0.497065
  1 9.500827 -1.179915 -1.082371 0.217575 -0.579432 -0.785442 0.095890 0.497065
  1 10.019650 -1.067602 -1.079928 0.045846 -0.579424 -0.813736 0.107632 0.471624
male.bmp
  1 9.500827 -1.179915 -1.082371 0.217575 -0.579432 -0.785442 0.095890 0.497065
  1 9.370833 -0.099915 -1.332375 0.011151 0.162107 -0.986710 0.172211 0.495108
  1 10.019650 -1.067602 -1.079928 0.045846 -0.579424 -0.813736 0.107632 0.471624
male.bmp
  1 10.019650 -1.067602 -1.079928 0.045846 -0.579424 -0.813736 0.107632 0.471624
  1 9.370833 -0.099915 -1.332375 0.011151 0.162107 -0.986710 0.172211 0.495108
  1 9.914558 0.001918 -1.389901 -0.073687 0.134775 -0.988133 0.170254 0.469667
male.bmp
  1 9.370833 -0.099915 -1.332375 0.011151 0.162107 -0.986710 0.172211 0.495108
  1 9.951991 1.052213 -0.780246 -0.114201 0.792115 -0.599594 0.227006 0.471624
  1 9.914558 0.001918 -1.389901 -0.073687 0.134775 -0.988133 0.170254 0.469667
male.bmp
  1 9.914558 0.001918 -1.389901 -0.073687 0.134775 -0.988133 0.170254 0.469667
  1 9.951991 1.052213 -0.780246 -0.114201 0.792115 -0.599594 0.227006 0.471624
  1 12.503717 0.222249 -1.386837 0.024461 0.163175 -0.986294 0.170254 0.340509
male.bmp
  1 9.951991 1.052213 -0.780246 -0.114201 0.792115 -0.599594 0.227006 0.471624
  1 12.631375 1.182892 -0.827401 0.010427 0.815831 -0.578196 0.228963 0.340509
  1 12.503717 0.222249 -1.386837 0.024461 0.163175 -0.986294 0.170254 0.340509
male.bmp
  1 12.503717 0.222249 -1.386837 0.024461 0.163175 -0.986294 0.170254 0.340509
  1 12.631375 1.182892 -0.827401 0.010427 0.815831 -0.578196 0.228963 0.340509
  1 14.463774 0.310102 -1.242069 0.089198 0.224631 -0.970353 0.183953 0.230920
male.bmp
  1 12.631375 1.182892 -0.827401 0.010427 0.815831 -0.578196 0.228963 0.340509
  1 14.512085 1.100424 -0.692381 0.086284 0.830831 -0.549796 0.236791 0.234834
  1 14.463774 0.310102 -1.242069 0.089198 0.224631 -0.970353 0.183953 0.230920
male.bmp
  1 14.463774 0.310102 -1.242069 0.089198 0.224631 -0.970353 0.183953 0.230920
  1 14.512085 1.100424 -0.692381 0.086284 0.830831 -0.549796 0.236791 0.234834
  1 16.383672 0.597849 -0.857240 0.065992 0.581110 -0.811145 0.205479 0.123288
male.bmp
  1 14.512085 1.100424 -0.692381 0.086284 0.830831 -0.549796 0.236791 0.234834
  1 16.393246 0.817928 -0.687316 0.076825 0.755142 -0.651044 0.223092 0.125245
  1 16.383672 0.597849 -0.857240 0.065992 0.581110 -0.811145 0.205479 0.123288
male.bmp
  28 -23.687031 -1.422894 0.280960 -0.630750 -0.771634 0.082067 0.956947 0.673190
  28 -23.736711 -1.269648 0.352005 -0.931108 -0.215580 0.294215 0.923679 0.671233
  28 -23.790028 -1.275632 0.231916 -0.984642 -0.166975 -0.050983 0.925636 0.661448
male.bmp
  28 -23.790028 -1.275632 0.231916 -0.984642 -0.166975 -0.050983 0.925636 0.661448
  28 -23.736711 -1.269648 0.352005 -0.931108 -0.215580 0.294215 0.923679 0.671233
  28 -23.757598 -1.139918 0.194101 -0.899215 0.382678 -0.212063 0.898239 0.667319
male.bmp
  28 -23.736711 -1.269648 0.352005 -0.931108 -0.215580 0.294215 0.923679 0.671233
  28 -23.716486 -1.079505 0.276927 -0.616711 0.680060 0.396467 0.894325 0.694716
  28 -23.757598 -1.139918 0.194101 -0.899215 0.382678 -0.212063 0.898239 0.667319
male.bmp
  28 -23.757598 -1.139918 0.194101 -0.899215 0.382678 -0.212063 0.898239 0.667319
  28 -23.716486 -1.079505 0.276927 -0.616711 0.680060 0.396467 0.894325 0.694716
  28 -23.654252 -1.049190 0.172008 -0.468348 0.840106 -0.273629 0.882583 0.690802
male.bmp
  28 -23.716486 -1.079505 0.276927 -0.616711 0.680060 0.396467 0.894325 0.694716
  28 -23.409107 -0.983748 0.283908 -0.298065 0.836428 0.459941 0.896282 0.747554
  28 -23.654252 -1.049190 0.172008 -0.468348 0.840106 -0.273629 0.882583 0.690802
male.bmp
  28 -23.654252 -1.049190 0.172008 -0.468348 0.840106 -0.273629 0.882583 0.690802
  28 -23.409107 -0.983748 0.283908 -0.298065 0.836428 0.459941 0.896282 0.747554
  27 -23.035521 -0.841931 0.153246 -0.271213 0.934291 -0.231395 0.878669 0.825832
male.bmp
  28 -23.409107 -0.983748 0.283908 -0.298065 0.836428 0.459941 0.896282 0.747554
  27 -23.021602 -0.885683 0.350456 -0.238914 0.837329 0.491733 0.894325 0.814090
  27 -23.035521 -0.841931 0.153246 -0.271213 0.934291 -0.231395 0.878669 0.825832
male.bmp
  27 -23.035521 -0.841931 0.153246 -0.271213 0.934291 -0.231395 0.878669 0.825832
  27 -23.021602 -0.885683 0.350456 -0.238914 0.837329 0.491733 0.894325 0.814090
  27 -22.071665 -0.687225 0.356340 -0.238914 0.837329 0.491733 0.894325 0.966732
male.bmp
  27 -23.021602 -0.885683 0.350456 -0.238914 0.837329 0.491733 0.894325 0.814090
  27 -22.999197 -1.027791 0.489753 -0.153387 0.274056 0.949403 0.921722 0.814090
  27 -22.071665 -0.687225 0.356340 -0.238914 0.837329 0.491733 0.894325 0.966732
male.bmp
  27 -22.071665 -0.687225 0.356340 -0.238914 0.837329 0.491733 0.894325 0.966732
  27 -22.999197 -1.027791 0.489753 -0.153387 0.274056 0.949403 0.921722 0.814090
  27 -22.049260 -0.829333 0.495636 -0.153387 0.274056 0.949403 0.919765 0.964775
male.bmp
  27 -22.999197 -1.027791 0.489753 -0.153387 0.274056 0.949403 0.921722 0.814090
  27 -21.998976 -1.027969 0.470837 0.022826 -0.486905 0.873156 0.951076 0.964775
  27 -22.049260 -0.829333 0.495636 -0.153387 0.274056 0.949403 0.919765 0.964775
male.bmp
  27 -22.049260 -0.829333 0.495636 -0.153387 0.274056 0.949403 0.919765 0.964775
  27 -21.998976 -1.027969 0.470837 0.022826 -0.486905 0.873156 0.951076 0.964775
  26 -21.981930 -0.812005 0.509207 -0.211543 0.244803 0.946214 0.919765 0.982387
male.bmp
  27 -21.998976 -1.027969 0.470837 0.022826 -0.486905 0.873156 0.951076 0.964775
  26 -21.911528 -1.005188 0.494239 -0.083430 -0.466982 0.880322 0.951076 0.982387
  26 -21.981930 -0.812005 0.509207 -0.211543 0.244803 0.946214 0.919765 0.982387
male.bmp
  26 -21.805242 -1.151009 -0.009983 0.234321 -0.756076 -0.611100 0.906067 0.645793
  27 -21.882227 -1.160390 -0.026189 0.164508 -0.740231 -0.651916 0.908023 0.634051
  26 -21.890347 -0.844504 -0.130447 0.032367 0.163488 -0.986014 0.943249 0.645793
male.bmp
  26 -21.890347 -0.844504 -0.130447 0.032367 0.163488 -0.986014 0.943249 0.645793
  27 -21.882227 -1.160390 -0.026189 0.164508 -0.740231 -0.651916 0.908023 0.634051
  27 -21.968451 -0.851523 -0.126520 -0.029969 0.252406 -0.967157 0.943249 0.634051
male.bmp
  27 -21.882227 -1.160390 -0.026189 0.164508 -0.740231 -0.651916 0.908023 0.634051
  27 -22.793304 -1.300250 -0.039562 0.072187 -0.746577 -0.661371 0.904110 0.542074
  27 -21.968451 -0.851523 -0.126520 -0.029969 0.252406 -0.967157 0.943249 0.634051
male.bmp
  27 -21.968451 -0.851523 -0.126520 -0.029969 0.252406 -0.967157 0.943249 0.634051
  27 -22.793304 -1.300250 -0.039562 0.072187 -0.746577 -0.661371 0.904110 0.542074
  27 -22.851854 -1.026222 -0.135377 -0.119942 0.245803 -0.961870 0.943249 0.534247
male.bmp
  27 -22.793304 -1.300250 -0.039562 0.072187 -0.746577 -0.661371 0.904110 0.542074
  28 -22.972821 -1.312719 -0.017476 0.092321 -0.747468 -0.657852 0.908023 0.518591
  27 -22.851854 -1.026222 -0.135377 -0.119942 0.245803 -0.961870 0.943249 0.534247
male.bmp
  27 -22.851854 -1.026222 -0.135377 -0.119942 0.245803 -0.961870 0.943249 0.534247
  28 -22.972821 -1.312719 -0.017476 0.092321 -0.747468 -0.657852 0.908023 0.518591
  28 -23.039344 -1.049169 -0.101832 -0.131448 0.343537 -0.929895 0.941292 0.510763
male.bmp
  28 -22.972821 -1.312719 -0.017476 0.092321 -0.747468 -0.657852 0.908023 0.518591
  28 -23.424494 -1.264641 -0.113286 -0.088826 -0.221471 -0.971113 0.923679 0.414873
  28 -23.039344 -1.049169 -0.101832 -0.131448 0.343537 -0.929895 0.941292 0.510763
male.bmp
  28 -23.039344 -1.049169 -0.101832 -0.131448 0.343537 -0.929895 0.941292 0.510763
  28 -23.424494 -1.264641 -0.113286 -0.088826 -0.221471 -0.971113 0.923679 0.414873
  28 -23.591433 -1.188547 -0.052120 -0.493942 0.364232 -0.789529 0.941292 0.395303
male.bmp
  28 -23.424494 -1.264641 -0.113286 -0.088826 -0.221471 -0.971113 0.923679 0.414873
  28 -23.637700 -1.306836 -0.016524 -0.671836 -0.294386 -0.679686 0.925636 0.385519
  28 -23.591433 -1.188547 -0.052120 -0.493942 0.364232 -0.789529 0.941292 0.395303
male.bmp
  28 -23.591433 -1.188547 -0.052120 -0.493942 0.364232 -0.789529 0.941292 0.395303
  28 -23.637700 -1.306836 -0.016524 -0.671836 -0.294386 -0.679686 0.925636 0.385519
  28 -23.790028 -1.275632 0.231916 -0.984642 -0.166975 -0.050983 0.925636 0.365949
male.bmp
  28 -23.637700 -1.306836 -0.016524 -0.671836 -0.294386 -0.679686 0.925636 0.385519
  28 -23.536725 -1.444386 0.031269 -0.229757 -0.857565 -0.460211 0.904110 0.393346
  28 -23.790028 -1.275632 0.231916 -0.984642 -0.166975 -0.050983 0.925636 0.365949
male.bmp
  28 -23.790028 -1.275632 0.231916 -0.984642 -0.166975 -0.050983 0.925636 0.365949
  28 -23.536725 -1.444386 0.031269 -0.229757 -0.857565 -0.460211 0.904110 0.393346
  28 -23.687031 -1.422894 0.280960 -0.630750 -0.771634 0.082067 0.904110 0.373777
male.bmp
  28 -23.536725 -1.444386 0.031269 -0.229757 -0.857565 -0.460211 0.904110 0.393346
  28 -23.545591 -1.466150 0.276111 -0.005229 -0.964448 0.264221 0.888454 0.393346
  28 -23.687031 -1.422894 0.280960 -0.630750 -0.771634 0.082067 0.904110 0.373777
male.bmp
  20 -22.007300 0.818671 0.130513 -0.505046 -0.823487 0.258453 0.882583 0.643836
  21 -22.008098 0.897149 -0.174753 -0.179092 -0.691908 -0.699420 0.908023 0.634051
  20 -21.930967 0.872583 -0.160977 -0.191675 -0.720139 -0.666829 0.906067 0.645793
male.bmp
  20 -21.930967 0.872583 -0.160977 -0.191675 -0.720139 -0.666829 0.906067 0.645793
  21 -22.008098 0.897149 -0.174753 -0.179092 -0.691908 -0.699420 0.908023 0.634051
  21 -21.932257 1.175260 -0.257834 0.137300 0.210317 -0.967944 0.943249 0.634051
male.bmp
  21 -22.008098 0.897149 -0.174753 -0.179092 -0.691908 -0.699420 0.908023 0.634051
  21 -23.018275 1.148258 -0.184101 -0.231027 -0.755832 -0.612653 0.904110 0.542074
  21 -21.932257 1.175260 -0.257834 0.137300 0.210317 -0.967944 0.943249 0.634051
male.bmp
  21 -21.932257 1.175260 -0.257834 0.137300 0.210317 -0.967944 0.943249 0.634051
  21 -23.018275 1.148258 -0.184101 -0.231027 -0.755832 -0.612653 0.904110 0.542074
  21 -22.967262 1.407181 -0.281859 0.023071 0.225123 -0.974057 0.943249 0.534247
male.bmp
  21 -23.018275 1.148258 -0.184101 -0.231027 -0.755832 -0.612653 0.904110 0.542074
  22 -23.173984 1.214029 -0.189049 -0.205807 -0.741533 -0.638570 0.908023 0.518591
  21 -22.967262 1.407181 -0.281859 0.023071 0.225123 -0.974057 0.943249 0.534247
male.bmp
  21 -22.967262 1.407181 -0.281859 0.023071 0.225123 -0.974057 0.943249 0.534247
  22 -23.173984 1.214029 -0.189049 -0.205807 -0.741533 -0.638570 0.908023 0.518591
  22 -23.108256 1.455058 -0.261053 0.039143 0.301629 -0.952621 0.941292 0.510763
male.bmp
  22 -23.173984 1.214029 -0.189049 -0.205807 -0.741533 -0.638570 0.908023 0.518591
  22 -23.628200 1.438594 -0.285272 -0.188379 -0.175570 -0.966276 0.923679 0.414873
  22 -23.108256 1.455058 -0.261053 0.039143 0.301629 -0.952621 0.941292 0.510763
male.bmp
  22 -23.108256 1.455058 -0.261053 0.039143 0.301629 -0.952621 0.941292 0.510763
  22 -23.628200 1.438594 -0.285272 -0.188379 -0.175570 -0.966276 0.923679 0.414873
  22 -23.745669 1.596688 -0.224384 -0.345972 0.507899 -0.788886 0.941292 0.395303
male.bmp
  22 -23.628200 1.438594 -0.285272 -0.188379 -0.175570 -0.966276 0.923679 0.414873
  22 -23.819078 1.519240 -0.189555 -0.790547 0.027000 -0.611806 0.925636 0.385519
  22 -23.745669 1.596688 -0.224384 -0.345972 0.507899 -0.788886 0.941292 0.395303
male.bmp
  22 -23.745669 1.596688 -0.224384 -0.345972 0.507899 -0.788886 0.941292 0.395303
  22 -23.819078 1.519240 -0.189555 -0.790547 0.027000 -0.611806 0.925636 0.385519
  22 -23.915018 1.595683 0.050970 -0.978010 0.205070 0.037995 0.925636 0.365949
male.bmp
  22 -23.819078 1.519240 -0.189555 -0.790547 0.027000 -0.611806 0.925636 0.385519
  22 -23.791820 1.353480 -0.141800 -0.599859 -0.678387 -0.424218 0.904110 0.393346
  22 -23.915018 1.595683 0.050970 -0.978010 0.205070 0.037995 0.925636 0.365949
male.bmp
  22 -23.915018 1.595683 0.050970 -0.978010 0.205070 0.037995 0.925636 0.365949
  22 -23.791820 1.353480 -0.141800 -0.599859 -0.678387 -0.424218 0.904110 0.393346
  22 -23.897199 1.435216 0.107829 -0.854151 -0.429729 0.292847 0.904110 0.373777
male.bmp
  22 -23.791820 1.353480 -0.141800 -0.599859 -0.678387 -0.424218 0.904110 0.393346
  22 -23.775594 1.339980 0.080584 -0.383578 -0.849993 0.361081 0.888454 0.393346
  22 -23.897199 1.435216 0.107829 -0.854151 -0.429729 0.292847 0.904110 0.373777
male.bmp
  29 -21.497547 1.707502 -0.305253 -0.899107 -0.418775 0.127415 0.495108 0.481409
  29 -20.734147 1.310052 -0.683477 -0.459967 -0.428137 -0.777901 0.575342 0.469667
  19 -20.669620 1.166291 0.015001 -0.716480 0.597535 0.360011 0.567515 0.481409
male.bmp
  19 -20.669620 1.166291 0.015001 -0.716480 0.597535 0.360011 0.567515 0.481409
  29 -20.734147 1.310052 -0.683477 -0.459967 -0.428137 -0.777901 0.575342 0.469667
  29 -20.735040 1.089801 -0.520724 -0.827618 0.122220 -0.547823 0.583170 0.487280
male.bmp
  29 -20.734147 1.310052 -0.683477 -0.459967 -0.428137 -0.777901 0.575342 0.469667
  19 -20.345290 0.841188 -0.671380 -0.263629 -0.237906 -0.934826 0.622309 0.495108
  29 -20.735040 1.089801 -0.520724 -0.827618 0.122220 -0.547823 0.583170 0.487280
male.bmp
  29 -20.735040 1.089801 -0.520724 -0.827618 0.122220 -0.547823 0.583170 0.487280
  19 -20.345290 0.841188 -0.671380 -0.263629 -0.237906 -0.934826 0.622309 0.495108
  20 -20.971324 0.934278 -0.450597 -0.289396 0.288687 -0.912639 0.567515 0.506849
male.bmp
  19 -20.345290 0.841188 -0.671380 -0.263629 -0.237906 -0.934826 0.622309 0.495108
  19 -20.602221 0.244463 -0.388349 -0.209563 -0.236599 -0.948738 0.622309 0.551859
  20 -20.971324 0.934278 -0.450597 -0.289396 0.288687 -0.912639 0.567515 0.506849
male.bmp
  20 -20.971324 0.934278 -0.450597 -0.289396 0.288687 -0.912639 0.567515 0.506849
  19 -20.602221 0.244463 -0.388349 -0.209563 -0.236599 -0.948738 0.622309 0.551859
  20 -21.229975 0.669332 -0.273669 -0.427448 -0.632107 -0.646319 0.561644 0.532290
male.bmp
  19 -20.602221 0.244463 -0.388349 -0.209563 -0.236599 -0.948738 0.622309 0.551859
  20 -21.075056 0.363603 -0.252937 -0.850969 0.048603 -0.522962 0.579256 0.559687
  20 -21.229975 0.669332 -0.273669 -0.427448 -0.632107 -0.646319 0.561644 0.532290
male.bmp
  20 -21.229975 0.669332 -0.273669 -0.427448 -0.632107 -0.646319 0.561644 0.532290
  20 -21.075056 0.363603 -0.252937 -0.850969 0.048603 -0.522962 0.579256 0.559687
  20 -20.897056 0.479947 0.262893 -0.676887 0.416201 0.607125 0.563601 0.555773
male.bmp
  20 -21.075056 0.363603 -0.252937 -0.850969 0.048603 -0.522962 0.579256 0.559687
  23 -21.196664 0.124233 -0.300016 -0.183570 0.211875 -0.959902 0.577299 0.583170
  20 -20.897056 0.479947 0.262893 -0.676887 0.416201 0.607125 0.563601 0.555773
male.bmp
  20 -20.897056 0.479947 0.262893 -0.676887 0.416201 0.607125 0.563601 0.555773
  23 -21.196664 0.124233 -0.300016 -0.183570 0.211875 -0.959902 0.577299 0.583170
  23 -22.295957 0.418050 0.022050 -0.603442 0.740023 -0.297026 0.491194 0.589041
male.bmp
  23 -21.196664 0.124233 -0.300016 -0.183570 0.211875 -0.959902 0.577299 0.583170
  23 -22.196351 0.140622 -0.251468 -0.460913 0.185197 -0.867906 0.502935 0.610568
  23 -22.295957 0.418050 0.022050 -0.603442 0.740023 -0.297026 0.491194 0.589041
male.bmp
  23 -22.295957 0.418050 0.022050 -0.603442 0.740023 -0.297026 0.491194 0.589041
  23 -22.196351 0.140622 -0.251468 -0.460913 0.185197 -0.867906 0.502935 0.610568
  23 -22.295276 0.364432 0.017089 -0.952030 0.034287 -0.304077 0.487280 0.592955
male.bmp
  23 -22.196351 0.140622 -0.251468 -0.460913 0.185197 -0.867906 0.502935 0.610568
  23 -22.225129 0.128507 -0.184947 -0.906140 -0.017489 -0.422616 0.500978 0.614481
  23 -22.295276 0.364432 0.017089 -0.952030 0.034287 -0.304077 0.487280 0.592955
male.bmp
  20 -21.962839 1.017752 0.331983 -0.873219 0.022383 0.486814 0.606654 0.252446
  20 -21.938490 0.992697 0.378667 -0.512712 -0.143000 0.846568 0.612524 0.250489
  20 -21.910032 1.211158 0.305422 -0.872299 0.337439 0.353877 0.610568 0.272016
male.bmp
  20 -21.910032 1.211158 0.305422 -0.872299 0.337439 0.353877 0.610568 0.272016
  20 -21.938490 0.992697 0.378667 -0.512712 -0.143000 0.846568 0.612524 0.250489
  20 -21.896643 1.221854 0.353446 -0.439572 0.416649 0.795726 0.614481 0.272016
male.bmp
  20 -21.938490 0.992697 0.378667 -0.512712 -0.143000 0.846568 0.612524 0.250489
  19 -20.823831 0.872949 0.368086 -0.057459 0.193163 0.979483 0.712329 0.246575
  20 -21.896643 1.221854 0.353446 -0.439572 0.416649 0.795726 0.614481 0.272016
male.bmp
  20 -21.896643 1.221854 0.353446 -0.439572 0.416649 0.795726 0.614481 0.272016
  19 -20.823831 0.872949 0.368086 -0.057459 0.193163 0.979483 0.712329 0.246575
  20 -21.839898 1.392564 0.218398 -0.244554 0.865548 0.437059 0.618395 0.285714
male.bmp
  19 -20.823831 0.872949 0.368086 -0.057459 0.193163 0.979483 0.712329 0.246575
  19 -20.674495 1.098344 0.243604 -0.152169 0.680441 0.716829 0.726027 0.268102
  20 -21.839898 1.392564 0.218398 -0.244554 0.865548 0.437059 0.618395 0.285714
male.bmp
  20 -21.839898 1.392564 0.218398 -0.244554 0.865548 0.437059 0.618395 0.285714
  19 -20.674495 1.098344 0.243604 -0.152169 0.680441 0.716829 0.726027 0.268102
  19 -20.669620 1.166291 0.015001 -0.716480 0.597535 0.360011 0.726027 0.281800
male.bmp
  19 -20.674495 1.098344 0.243604 -0.152169 0.680441 0.716829 0.726027 0.268102
  19 -20.565735 1.354617 0.119123 -0.315092 0.374920 0.871867 0.733855 0.291585
  19 -20.669620 1.166291 0.015001 -0.716480 0.597535 0.360011 0.726027 0.281800
male.bmp
  19 -20.669620 1.166291 0.015001 -0.716480 0.597535 0.360011 0.726027 0.281800
  19 -20.565735 1.354617 0.119123 -0.315092 0.374920 0.871867 0.733855 0.291585
  29 -21.450217 1.897657 -0.130608 -0.706514 0.098900 0.700755 0.651663 0.330724
male.bmp
  19 -20.565735 1.354617 0.119123 -0.315092 0.374920 0.871867 0.733855 0.291585
  19 -20.466326 1.656899 -0.060998 0.043284 0.539369 0.840956 0.741683 0.318982
  29 -21.450217 1.897657 -0.130608 -0.706514 0.098900 0.700755 0.651663 0.330724
male.bmp
  29 -21.450217 1.897657 -0.130608 -0.706514 0.098900 0.700755 0.651663 0.330724
  19 -20.466326 1.656899 -0.060998 0.043284 0.539369 0.840956 0.741683 0.318982
  29 -21.367358 2.081059 -0.152920 -0.472709 0.557611 0.682360 0.657534 0.354207
male.bmp
  19 -20.466326 1.656899 -0.060998 0.043284 0.539369 0.840956 0.741683 0.318982
  29 -21.244274 2.240382 -0.264125 -0.084912 0.920885 0.380475 0.667319 0.369863
  29 -21.367358 2.081059 -0.152920 -0.472709 0.557611 0.682360 0.657534 0.354207
male.bmp
  29 -21.367358 2.081059 -0.152920 -0.472709 0.557611 0.682360 0.657534 0.354207
  29 -21.244274 2.240382 -0.264125 -0.084912 0.920885 0.380475 0.667319 0.369863
  29 -21.392771 2.044346 -0.203971 -0.836282 0.524786 0.158844 0.653620 0.354207
male.bmp
  29 -21.244274 2.240382 -0.264125 -0.084912 0.920885 0.380475 0.667319 0.369863
  29 -21.286519 2.217801 -0.297373 -0.557968 0.817129 0.144818 0.659491 0.371820
  29 -21.392771 2.044346 -0.203971 -0.836282 0.524786 0.158844 0.653620 0.354207
male.bmp
  19 -17.360533 0.518128 -0.800839 0.568199 -0.088322 0.818138 0.704501 0.769080
  19 -17.190533 0.757974 -0.871363 0.858110 -0.215227 0.466181 0.706458 0.784736
  19 -17.310533 0.738193 -0.771320 0.642881 -0.258705 0.720955 0.698630 0.780822
male.bmp
  19 -17.310533 0.738193 -0.771320 0.642881 -0.258705 0.720955 0.698630 0.780822
  19 -17.190533 0.757974 -0.871363 0.858110 -0.215227 0.466181 0.706458 0.784736
  19 -17.350534 0.898411 -0.671670 0.553764 -0.558728 0.617389 0.692759 0.792564
male.bmp
  19 -17.190533 0.757974 -0.871363 0.858110 -0.215227 0.466181 0.706458 0.784736
  19 -17.170534 0.988236 -0.751866 0.844424 -0.379986 0.377569 0.698630 0.802348
  19 -17.350534 0.898411 -0.671670 0.553764 -0.558728 0.617389 0.692759 0.792564
male.bmp
  19 -17.350534 0.898411 -0.671670 0.553764 -0.558728 0.617389 0.692759 0.792564
  19 -17.170534 0.988236 -0.751866 0.844424 -0.379986 0.377569 0.698630 0.802348
  19 -17.350534 0.988695 -0.541867 0.566635 -0.746012 0.349844 0.681018 0.800391
male.bmp
  19 -17.170534 0.988236 -0.751866 0.844424 -0.379986 0.377569 0.698630 0.802348
  19 -17.170534 1.118629 -0.572151 0.856274 -0.473817 0.205651 0.684932 0.810176
  19 -17.350534 0.988695 -0.541867 0.566635 -0.746012 0.349844 0.681018 0.800391
male.bmp
  19 -17.350534 0.988695 -0.541867 0.566635 -0.746012 0.349844 0.681018 0.800391
  19 -17.170534 1.118629 -0.572151 0.856274 -0.473817 0.205651 0.684932 0.810176
  19 -17.350534 1.029045 -0.381955 0.614819 -0.788434 -0.019243 0.671233 0.806262
male.bmp
  19 -17.170534 1.118629 -0.572151 0.856274 -0.473817 0.205651 0.684932 0.810176
  19 -17.160534 1.169110 -0.352261 0.877005 -0.480482 0.000434 0.669276 0.818004
  19 -17.350534 1.029045 -0.381955 0.614819 -0.788434 -0.019243 0.671233 0.806262
male.bmp
  19 -17.350534 1.029045 -0.381955 0.614819 -0.788434 -0.019243 0.671233 0.806262
  19 -17.160534 1.169110 -0.352261 0.877005 -0.480482 0.000434 0.669276 0.818004
  19 -17.370535 0.870029 0.068394 0.754320 -0.609468 -0.244029 0.636008 0.794521
male.bmp
  19 -17.160534 1.169110 -0.352261 0.877005 -0.480482 0.000434 0.669276 0.818004
  19 -17.190535 1.050335 0.208000 0.910579 -0.383365 -0.154522 0.624266 0.810176
  19 -17.370535 0.870029 0.068394 0.754320 -0.609468 -0.244029 0.636008 0.794521
male.bmp
  19 -17.370535 0.870029 0.068394 0.754320 -0.609468 -0.244029 0.636008 0.794521
  19 -17.190535 1.050335 0.208000 0.910579 -0.383365 -0.154522 0.624266 0.810176
  19 -17.390536 0.481145 0.579245 0.740057 -0.402191 -0.539034 0.594912 0.765166
male.bmp
  19 -17.190535 1.050335 0.208000 0.910579 -0.383365 -0.154522 0.624266 0.810176
  19 -17.220536 0.571517 0.749048 0.900105 -0.250193 -0.356672 0.581213 0.772994
  19 -17.390536 0.481145 0.579245 0.740057 -0.402191 -0.539034 0.594912 0.765166
male.bmp
  19 -17.390536 0.481145 0.579245 0.740057 -0.402191 -0.539034 0.594912 0.765166
  19 -17.220536 0.571517 0.749048 0.900105 -0.250193 -0.356672 0.581213 0.772994
  19 -17.400536 -0.048416 0.780404 0.590011 -0.036520 -0.806569 0.579256 0.724070
male.bmp
  19 -17.220536 0.571517 0.749048 0.900105 -0.250193 -0.356672 0.581213 0.772994
  19 -17.220536 -0.058154 0.900426 0.852499 -0.022400 -0.522249 0.569472 0.722114
  19 -17.400536 -0.048416 0.780404 0.590011 -0.036520 -0.806569 0.579256 0.724070
male.bmp
  18 -15.796091 0.976758 -0.685347 -0.076808 0.755143 -0.651045 0.223092 0.125245
  18 -13.907235 1.264301 -0.691958 -0.086270 0.830831 -0.549797 0.236791 0.234834
  18 -15.786116 0.768512 -0.857492 -0.065973 0.581111 -0.811146 0.205479 0.123288
male.bmp
  18 -15.786116 0.768512 -0.857492 -0.065973 0.581111 -0.811146 0.205479 0.123288
  18 -13.907235 1.264301 -0.691958 -0.086270 0.830831 -0.549797 0.236791 0.234834
  18 -13.866790 0.469911 -1.240146 -0.089175 0.224632 -0.970355 0.183953 0.230920
male.bmp
  18 -13.907235 1.264301 -0.691958 -0.086270 0.830831 -0.549797 0.236791 0.234834
  18 -12.028192 1.353015 -0.820518 -0.010413 0.815832 -0.578196 0.228963 0.340509
  18 -13.866790 0.469911 -1.240146 -0.089175 0.224632 -0.970355 0.183953 0.230920
male.bmp
  18 -13.866790 0.469911 -1.240146 -0.089175 0.224632 -0.970355 0.183953 0.230920
  18 -12.028192 1.353015 -0.820518 -0.010413 0.815832 -0.578196 0.228963 0.340509
  18 -11.907177 0.389156 -1.390807 -0.024437 0.163176 -0.986294 0.170254 0.340509
male.bmp
  18 -12.028192 1.353015 -0.820518 -0.010413 0.815832 -0.578196 0.228963 0.340509
  18 -9.357353 1.213102 -0.775332 0.114216 0.792115 -0.599590 0.227006 0.471624
  18 -11.907177 0.389156 -1.390807 -0.024437 0.163176 -0.986294 0.170254 0.340509
male.bmp
  18 -11.907177 0.389156 -1.390807 -0.024437 0.163176 -0.986294 0.170254 0.340509
  18 -9.357353 1.213102 -0.775332 0.114216 0.792115 -0.599590 0.227006 0.471624
  18 -9.316221 0.169327 -1.386023 0.073712 0.134776 -0.988131 0.170254 0.469667
male.bmp
  18 -9.357353 1.213102 -0.775332 0.114216 0.792115 -0.599590 0.227006 0.471624
  18 -8.774406 0.066079 -1.333902 -0.011126 0.162107 -0.986710 0.172211 0.495108
  18 -9.316221 0.169327 -1.386023 0.073712 0.134776 -0.988131 0.170254 0.469667
male.bmp
  18 -9.316221 0.169327 -1.386023 0.073712 0.134776 -0.988131 0.170254 0.469667
  18 -8.774406 0.066079 -1.333902 -0.011126 0.162107 -0.986710 0.172211 0.495108
  18 -9.420386 -0.904253 -1.076224 -0.045826 -0.579423 -0.813738 0.107632 0.471624
male.bmp
  18 -8.774406 0.066079 -1.333902 -0.011126 0.162107 -0.986710 0.172211 0.495108
  18 -8.904405 -1.013921 -1.083902 -0.217557 -0.579431 -0.785448 0.095890 0.497065
  18 -9.420386 -0.904253 -1.076224 -0.045826 -0.579423 -0.813738 0.107632 0.471624
male.bmp
  18 -9.420386 -0.904253 -1.076224 -0.045826 -0.579423 -0.813738 0.107632 0.471624
  18 -8.904405 -1.013921 -1.083902 -0.217557 -0.579431 -0.785448 0.095890 0.497065
  18 -8.913875 -1.480727 -0.234485 -0.214479 -0.951359 -0.221166 0.052838 0.497065
male.bmp
  18 -8.904405 -1.013921 -1.083902 -0.217557 -0.579431 -0.785448 0.095890 0.497065
  18 -8.404405 -1.673921 -0.203903 -0.276781 -0.942779 -0.185901 0.052838 0.522505
  18 -8.913875 -1.480727 -0.234485 -0.214479 -0.951359 -0.221166 0.052838 0.497065
male.bmp
  18 -8.913875 -1.480727 -0.234485 -0.214479 -0.951359 -0.221166 0.052838 0.497065
  18 -8.404405 -1.673921 -0.203903 -0.276781 -0.942779 -0.185901 0.052838 0.522505
  18 -8.434404 -1.583921 0.716097 -0.272524 -0.865694 0.419886 0.007828 0.528376
male.bmp
  18 -8.404405 -1.673921 -0.203903 -0.276781 -0.942779 -0.185901 0.052838 0.522505
  18 -5.044404 -2.263921 0.756095 -0.144517 -0.889131 0.434235 0.007828 0.675147
  18 -8.434404 -1.583921 0.716097 -0.272524 -0.865694 0.419886 0.007828 0.528376
male.bmp
  4 22.520250 1.218569 -0.056779 -0.191469 0.905536 -0.378608 0.872798 0.970646
  4 22.564973 1.210798 0.165346 -0.098355 0.899950 0.424754 0.894325 0.966732
  4 23.555181 1.452694 -0.071030 -0.186584 0.923463 -0.335265 0.878669 0.825832
male.bmp
  4 23.555181 1.452694 -0.071030 -0.186584 0.923463 -0.335265 0.878669 0.825832
  4 22.564973 1.210798 0.165346 -0.098355 0.899950 0.424754 0.894325 0.966732
  4 23.607483 1.451059 0.128624 -0.153639 0.894477 0.419889 0.894325 0.814090
male.bmp
  4 22.564973 1.210798 0.165346 -0.098355 0.899950 0.424754 0.894325 0.966732
  4 22.618341 1.068846 0.291447 0.027933 0.380554 0.924337 0.919765 0.964775
  4 23.607483 1.451059 0.128624 -0.153639 0.894477 0.419889 0.894325 0.814090
male.bmp
  4 23.607483 1.451059 0.128624 -0.153639 0.894477 0.419889 0.894325 0.814090
  4 22.618341 1.068846 0.291447 0.027933 0.380554 0.924337 0.919765 0.964775
  4 23.677251 1.328953 0.270125 0.025029 0.327520 0.944513 0.921722 0.814090
male.bmp
  4 22.618341 1.068846 0.291447 0.027933 0.380554 0.924337 0.919765 0.964775
  4 23.717416 1.125035 0.236897 0.165771 -0.468487 0.867778 0.949119 0.818004
  4 23.677251 1.328953 0.270125 0.025029 0.327520 0.944513 0.921722 0.814090
male.bmp
  4 23.677251 1.328953 0.270125 0.025029 0.327520 0.944513 0.921722 0.814090
  4 23.717416 1.125035 0.236897 0.165771 -0.468487 0.867778 0.949119 0.818004
  5 24.126441 1.233547 0.187192 0.152570 -0.202555 0.967313 0.949119 0.747554
male.bmp
  4 23.717416 1.125035 0.236897 0.165771 -0.468487 0.867778 0.949119 0.818004
  5 24.374442 1.173622 0.085681 0.383571 -0.849992 0.361092 0.968689 0.706458
  5 24.126441 1.233547 0.187192 0.152570 -0.202555 0.967313 0.949119 0.747554
male.bmp
  5 24.126441 1.233547 0.187192 0.152570 -0.202555 0.967313 0.949119 0.747554
  5 24.374442 1.173622 0.085681 0.383571 -0.849992 0.361092 0.968689 0.706458
  5 24.411794 1.289872 0.188106 0.338924 -0.325364 0.882762 0.956947 0.688845
male.bmp
  5 24.374442 1.173622 0.085681 0.383571 -0.849992 0.361092 0.968689 0.706458
  5 24.486658 1.263498 0.103845 0.854142 -0.429733 0.292865 0.956947 0.673190
  5 24.411794 1.289872 0.188106 0.338924 -0.325364 0.882762 0.956947 0.688845
male.bmp
  5 24.411794 1.289872 0.188106 0.338924 -0.325364 0.882762 0.956947 0.688845
  5 24.486658 1.263498 0.103845 0.854142 -0.429733 0.292865 0.956947 0.673190
  5 24.443734 1.442680 0.165094 0.848328 0.237840 0.473045 0.923679 0.671233
male.bmp
  5 24.486658 1.263498 0.103845 0.854142 -0.429733 0.292865 0.956947 0.673190
  5 24.514020 1.429245 0.056102 0.978011 0.205061 0.038015 0.925636 0.661448
  5 24.443734 1.442680 0.165094 0.848328 0.237840 0.473045 0.923679 0.671233
male.bmp
  5 24.443734 1.442680 0.165094 0.848328 0.237840 0.473045 0.923679 0.671233
  5 24.514020 1.429245 0.056102 0.978011 0.205061 0.038015 0.925636 0.661448
  5 24.452444 1.539522 0.011974 0.702786 0.694653 -0.153453 0.898239 0.667319
male.bmp
  14 23.330968 2.298160 -0.371065 0.582339 -0.732495 0.352608 0.888454 0.393346
  14 23.331169 2.298042 -0.569811 0.700408 -0.572921 -0.425664 0.904110 0.393346
  14 23.407152 2.396627 -0.371550 0.945406 -0.207304 0.251461 0.904110 0.373777
male.bmp
  14 23.407152 2.396627 -0.371550 0.945406 -0.207304 0.251461 0.904110 0.373777
  14 23.331169 2.298042 -0.569811 0.700408 -0.572921 -0.425664 0.904110 0.393346
  14 23.397054 2.536151 -0.435040 0.890979 0.452987 -0.030980 0.925636 0.365949
male.bmp
  14 23.331169 2.298042 -0.569811 0.700408 -0.572921 -0.425664 0.904110 0.393346
  14 23.316875 2.427677 -0.619714 0.666418 0.132136 -0.733776 0.925636 0.385519
  14 23.397054 2.536151 -0.435040 0.890979 0.452987 -0.030980 0.925636 0.365949
male.bmp
  14 23.397054 2.536151 -0.435040 0.890979 0.452987 -0.030980 0.925636 0.365949
  14 23.316875 2.427677 -0.619714 0.666418 0.132136 -0.733776 0.925636 0.385519
  14 23.226816 2.464708 -0.650016 0.124661 0.481354 -0.867616 0.941292 0.395303
male.bmp
  14 23.316875 2.427677 -0.619714 0.666418 0.132136 -0.733776 0.925636 0.385519
  14 23.141088 2.307497 -0.673155 0.180022 -0.288628 -0.940365 0.923679 0.414873
  14 23.226816 2.464708 -0.650016 0.124661 0.481354 -0.867616 0.941292 0.395303
male.bmp
  14 23.226816 2.464708 -0.650016 0.124661 0.481354 -0.867616 0.941292 0.395303
  14 23.141088 2.307497 -0.673155 0.180022 -0.288628 -0.940365 0.923679 0.414873
  14 22.783617 2.265287 -0.652358 -0.118625 0.247045 -0.961716 0.941292 0.510763
male.bmp
  14 23.141088 2.307497 -0.673155 0.180022 -0.288628 -0.940365 0.923679 0.414873
  14 22.874433 2.078607 -0.576179 0.383578 -0.726904 -0.569631 0.908023 0.518591
  14 22.783617 2.265287 -0.652358 -0.118625 0.247045 -0.961716 0.941292 0.510763
male.bmp
  14 22.783617 2.265287 -0.652358 -0.118625 0.247045 -0.961716 0.941292 0.510763
  14 22.874433 2.078607 -0.576179 0.383578 -0.726904 -0.569631 0.908023 0.518591
  13 22.675192 2.202197 -0.672114 -0.057529 0.227816 -0.972003 0.943249 0.534247
male.bmp
  14 22.874433 2.078607 -0.576179 0.383578 -0.726904 -0.569631 0.908023 0.518591
  13 22.778026 2.013359 -0.585133 0.448391 -0.677768 -0.582732 0.904110 0.542074
  13 22.675192 2.202197 -0.672114 -0.057529 0.227816 -0.972003 0.943249 0.534247
male.bmp
  13 22.675192 2.202197 -0.672114 -0.057529 0.227816 -0.972003 0.943249 0.534247
  13 22.778026 2.013359 -0.585133 0.448391 -0.677768 -0.582732 0.904110 0.542074
  13 22.058643 1.651893 -0.603317 0.484263 -0.580814 -0.654328 0.908023 0.634051
male.bmp
  13 22.778026 2.013359 -0.585133 0.448391 -0.677768 -0.582732 0.904110 0.542074
  13 22.144686 1.625039 -0.333362 0.519002 -0.796948 0.309049 0.888454 0.628180
  13 22.058643 1.651893 -0.603317 0.484263 -0.580814 -0.654328 0.908023 0.634051
male.bmp
  13 22.058643 1.651893 -0.603317 0.484263 -0.580814 -0.654328 0.908023 0.634051
  13 22.144686 1.625039 -0.333362 0.519002 -0.796948 0.309049 0.888454 0.628180
  12 22.093849 1.586091 -0.315213 0.574209 -0.774583 0.265153 0.882583 0.643836
male.bmp
  2 18.347224 -0.362654 -0.953366 -0.863048 0.263742 0.430800 0.876712 0.360078
  2 18.347224 -0.382654 -0.983366 -0.857556 -0.275155 -0.434612 0.864971 0.360078
  2 18.347224 -0.462654 -0.883365 -0.864391 0.302849 0.401387 0.876712 0.381605
male.bmp
  2 18.347224 -0.462654 -0.883365 -0.864391 0.302849 0.401387 0.876712 0.381605
  2 18.347224 -0.382654 -0.983366 -0.857556 -0.275155 -0.434612 0.864971 0.360078
  2 18.347224 -0.482654 -0.923365 -0.844129 -0.312610 -0.435570 0.864971 0.381605
male.bmp
  2 18.347224 -0.382654 -0.983366 -0.857556 -0.275155 -0.434612 0.864971 0.360078
  2 18.387224 -0.392654 -1.003366 0.027882 -0.545338 -0.837753 0.853229 0.360078
  2 18.347224 -0.482654 -0.923365 -0.844129 -0.312610 -0.435570 0.864971 0.381605
male.bmp
  2 18.347224 -0.482654 -0.923365 -0.844129 -0.312610 -0.435570 0.864971 0.381605
  2 18.387224 -0.392654 -1.003366 0.027882 -0.545338 -0.837753 0.853229 0.360078
  2 18.387224 -0.492654 -0.933365 0.005739 -0.603737 -0.797163 0.853229 0.381605
male.bmp
  2 18.387224 -0.392654 -1.003366 0.027882 -0.545338 -0.837753 0.853229 0.360078
  2 18.427224 -0.382654 -0.983366 0.860479 -0.272550 -0.430457 0.841487 0.360078
  2 18.387224 -0.492654 -0.933365 0.005739 -0.603737 -0.797163 0.853229 0.381605
male.bmp
  2 18.387224 -0.492654 -0.933365 0.005739 -0.603737 -0.797163 0.853229 0.381605
  2 18.427224 -0.382654 -0.983366 0.860479 -0.272550 -0.430457 0.841487 0.360078
  2 18.427224 -0.482654 -0.923365 0.842605 -0.326210 -0.428491 0.841487 0.381605
male.bmp
  2 18.427224 -0.382654 -0.983366 0.860479 -0.272550 -0.430457 0.841487 0.360078
  2 18.427224 -0.362654 -0.953366 0.849493 0.282217 0.445775 0.829746 0.360078
  2 18.427224 -0.482654 -0.923365 0.842605 -0.326210 -0.428491 0.841487 0.381605
male.bmp
  2 18.427224 -0.482654 -0.923365 0.842605 -0.326210 -0.428491 0.841487 0.381605
  2 18.427224 -0.362654 -0.953366 0.849493 0.282217 0.445775 0.829746 0.360078
  2 18.427224 -0.462654 -0.883365 0.867252 0.300029 0.397313 0.829746 0.381605
male.bmp
  2 18.427224 -0.362654 -0.953366 0.849493 0.282217 0.445775 0.829746 0.360078
  2 18.387224 -0.352654 -0.933366 0.005650 0.534917 0.844886 0.818004 0.360078
  2 18.427224 -0.462654 -0.883365 0.867252 0.300029 0.397313 0.829746 0.381605
male.bmp
  2 18.427224 -0.462654 -0.883365 0.867252 0.300029 0.397313 0.829746 0.381605
  2 18.387224 -0.352654 -0.933366 0.005650 0.534917 0.844886 0.818004 0.360078
  2 18.387224 -0.452654 -0.873365 0.005667 0.604111 0.796880 0.818004 0.381605
male.bmp
  2 18.387224 -0.352654 -0.933366 0.005650 0.534917 0.844886 0.818004 0.360078
  2 18.347224 -0.362654 -0.953366 -0.863048 0.263742 0.430800 0.808219 0.360078
  2 18.387224 -0.452654 -0.873365 0.005667 0.604111 0.796880 0.818004 0.381605
male.bmp
  2 18.387224 -0.452654 -0.873365 0.005667 0.604111 0.796880 0.818004 0.381605
  2 18.347224 -0.362654 -0.953366 -0.863048 0.263742 0.430800 0.808219 0.360078
  2 18.347224 -0.462654 -0.883365 -0.864391 0.302849 0.401387 0.808219 0.381605
male.bmp
  2 18.347224 -0.462654 -0.883365 -0.864391 0.302849 0.401387 0.876712 0.381605
  2 18.347224 -0.482654 -0.923365 -0.844129 -0.312610 -0.435570 0.864971 0.381605
  2 18.347224 -0.562654 -0.803365 -0.876015 0.375871 0.302190 0.876712 0.405088
male.bmp
  2 18.347224 -0.562654 -0.803365 -0.876015 0.375871 0.302190 0.876712 0.405088
  2 18.347224 -0.482654 -0.923365 -0.844129 -0.312610 -0.435570 0.864971 0.381605
  2 18.347224 -0.592654 -0.823365 -0.821270 -0.462963 -0.333437 0.864971 0.405088
male.bmp
  2 18.347224 -0.482654 -0.923365 -0.844129 -0.312610 -0.435570 0.864971 0.381605
  2 18.387224 -0.492654 -0.933365 0.005739 -0.603737 -0.797163 0.853229 0.381605
  2 18.347224 -0.592654 -0.823365 -0.821270 -0.462963 -0.333437 0.864971 0.405088
male.bmp
  2 18.347224 -0.592654 -0.823365 -0.821270 -0.462963 -0.333437 0.864971 0.405088
  2 18.387224 -0.492654 -0.933365 0.005739 -0.603737 -0.797163 0.853229 0.381605
  2 18.387224 -0.602654 -0.833365 0.002215 -0.804853 -0.593470 0.853229 0.405088
male.bmp
  2 18.387224 -0.492654 -0.933365 0.005739 -0.603737 -0.797163 0.853229 0.381605
  2 18.427224 -0.482654 -0.923365 0.842605 -0.326210 -0.428491 0.841487 0.381605
  2 18.387224 -0.602654 -0.833365 0.002215 -0.804853 -0.593470 0.853229 0.405088
male.bmp
  2 18.387224 -0.602654 -0.833365 0.002215 -0.804853 -0.593470 0.853229 0.405088
  2 18.427224 -0.482654 -0.923365 0.842605 -0.326210 -0.428491 0.841487 0.381605
  2 18.427224 -0.592654 -0.823365 0.826598 -0.452499 -0.334636 0.841487 0.405088
male.bmp
  2 18.427224 -0.482654 -0.923365 0.842605 -0.326210 -0.428491 0.841487 0.381605
  2 18.427224 -0.462654 -0.883365 0.867252 0.300029 0.397313 0.829746 0.381605
  2 18.427224 -0.592654 -0.823365 0.826598 -0.452499 -0.334636 0.841487 0.405088
male.bmp
  2 18.427224 -0.592654 -0.823365 0.826598 -0.452499 -0.334636 0.841487 0.405088
  2 18.427224 -0.462654 -0.883365 0.867252 0.300029 0.397313 0.829746 0.381605
  2 18.427224 -0.562654 -0.803365 0.879230 0.372019 0.297584 0.829746 0.405088
male.bmp
  2 18.427224 -0.462654 -0.883365 0.867252 0.300029 0.397313 0.829746 0.381605
  2 18.387224 -0.452654 -0.873365 0.005667 0.604111 0.796880 0.818004 0.381605
  2 18.427224 -0.562654 -0.803365 0.879230 0.372019 0.297584 0.829746 0.405088
male.bmp
  2 18.427224 -0.562654 -0.803365 0.879230 0.372019 0.297584 0.829746 0.405088
  2 18.387224 -0.452654 -0.873365 0.005667 0.604111 0.796880 0.818004 0.381605
  2 18.387224 -0.542654 -0.793365 0.004631 0.778379 0.627777 0.818004 0.405088
male.bmp
  2 18.387224 -0.452654 -0.873365 0.005667 0.604111 0.796880 0.818004 0.381605
  2 18.347224 -0.462654 -0.883365 -0.864391 0.302849 0.401387 0.808219 0.381605
  2 18.387224 -0.542654 -0.793365 0.004631 0.778379 0.627777 0.818004 0.405088
male.bmp
  2 18.387224 -0.542654 -0.793365 0.004631 0.778379 0.627777 0.818004 0.405088
  2 18.347224 -0.462654 -0.883365 -0.864391 0.302849 0.401387 0.808219 0.381605
  2 18.347224 -0.562654 -0.803365 -0.876015 0.375871 0.302190 0.808219 0.405088
male.bmp
  2 18.347224 -0.562654 -0.803365 -0.876015 0.375871 0.302190 0.876712 0.405088
  2 18.347224 -0.592654 -0.823365 -0.821270 -0.462963 -0.333437 0.864971 0.405088
  2 18.347224 -0.622653 -0.683365 -0.914863 0.352293 0.197268 0.876712 0.428571
male.bmp
  2 18.347224 -0.622653 -0.683365 -0.914863 0.352293 0.197268 0.876712 0.428571
  2 18.347224 -0.592654 -0.823365 -0.821270 -0.462963 -0.333437 0.864971 0.405088
  2 18.347224 -0.652653 -0.683365 -0.781939 -0.564291 -0.264852 0.864971 0.428571
male.bmp
  2 18.347224 -0.592654 -0.823365 -0.821270 -0.462963 -0.333437 0.864971 0.405088
  2 18.387224 -0.602654 -0.833365 0.002215 -0.804853 -0.593470 0.853229 0.405088
  2 18.347224 -0.652653 -0.683365 -0.781939 -0.564291 -0.264852 0.864971 0.428571
male.bmp
  2 18.347224 -0.652653 -0.683365 -0.781939 -0.564291 -0.264852 0.864971 0.428571
  2 18.387224 -0.602654 -0.833365 0.002215 -0.804853 -0.593470 0.853229 0.405088
  2 18.387224 -0.682653 -0.673365 0.007650 -0.899138 -0.437598 0.853229 0.428571
male.bmp
  2 18.387224 -0.602654 -0.833365 0.002215 -0.804853 -0.593470 0.853229 0.405088
  2 18.427224 -0.592654 -0.823365 0.826598 -0.452499 -0.334636 0.841487 0.405088
  2 18.387224 -0.682653 -0.673365 0.007650 -0.899138 -0.437598 0.853229 0.428571
male.bmp
  2 18.387224 -0.682653 -0.673365 0.007650 -0.899138 -0.437598 0.853229 0.428571
  2 18.427224 -0.592654 -0.823365 0.826598 -0.452499 -0.334636 0.841487 0.405088
  2 18.427224 -0.652653 -0.683365 0.795178 -0.554643 -0.245076 0.841487 0.428571
male.bmp
  2 18.427224 -0.592654 -0.823365 0.826598 -0.452499 -0.334636 0.841487 0.405088
  2 18.427224 -0.562654 -0.803365 0.879230 0.372019 0.297584 0.829746 0.405088
  2 18.427224 -0.652653 -0.683365 0.795178 -0.554643 -0.245076 0.841487 0.428571
male.bmp
  2 18.427224 -0.652653 -0.683365 0.795178 -0.554643 -0.245076 0.841487 0.428571
  2 18.427224 -0.562654 -0.803365 0.879230 0.372019 0.297584 0.829746 0.405088
  2 18.427224 -0.622653 -0.683365 0.917325 0.346153 0.196704 0.829746 0.428571
male.bmp
  2 18.427224 -0.562654 -0.803365 0.879230 0.372019 0.297584 0.829746 0.405088
  2 18.387224 -0.542654 -0.793365 0.004631 0.778379 0.627777 0.818004 0.405088
  2 18.427224 -0.622653 -0.683365 0.917325 0.346153 0.196704 0.829746 0.428571
male.bmp
  2 18.427224 -0.622653 -0.683365 0.917325 0.346153 0.196704 0.829746 0.428571
  2 18.387224 -0.542654 -0.793365 0.004631 0.778379 0.627777 0.818004 0.405088
  2 18.387224 -0.602653 -0.683365 0.003374 0.870185 0.492713 0.818004 0.428571
male.bmp
  2 18.387224 -0.542654 -0.793365 0.004631 0.778379 0.627777 0.818004 0.405088
  2 18.347224 -0.562654 -0.803365 -0.876015 0.375871 0.302190 0.808219 0.405088
  2 18.387224 -0.602653 -0.683365 0.003374 0.870185 0.492713 0.818004 0.428571
male.bmp
  2 18.387224 -0.602653 -0.683365 0.003374 0.870185 0.492713 0.818004 0.428571
  2 18.347224 -0.562654 -0.803365 -0.876015 0.375871 0.302190 0.808219 0.405088
  2 18.347224 -0.622653 -0.683365 -0.914863 0.352293 0.197268 0.808219 0.428571
male.bmp
  22 -23.775594 1.339980 0.080584 -0.383578 -0.849993 0.361081 0.968689 0.706458
  22 -23.812896 1.456256 0.182997 -0.338936 -0.325364 0.882758 0.956947 0.688845
  22 -23.897199 1.435216 0.107829 -0.854151 -0.429729 0.292847 0.956947 0.673190
male.bmp
  22 -23.897199 1.435216 0.107829 -0.854151 -0.429729 0.292847 0.956947 0.673190
  22 -23.812896 1.456256 0.182997 -0.338936 -0.325364 0.882758 0.956947 0.688845
  22 -23.854415 1.611572 0.159481 -0.848362 0.237831 0.472988 0.923679 0.671233
male.bmp
  22 -23.812896 1.456256 0.182997 -0.338936 -0.325364 0.882758 0.956947 0.688845
  22 -23.831842 1.624271 0.186485 -0.499107 0.360887 0.787815 0.925636 0.681018
  22 -23.854415 1.611572 0.159481 -0.848362 0.237831 0.472988 0.923679 0.671233
male.bmp
  22 -23.854415 1.611572 0.159481 -0.848362 0.237831 0.472988 0.923679 0.671233
  22 -23.831842 1.624271 0.186485 -0.499107 0.360887 0.787815 0.925636 0.681018
  22 -23.766072 1.741839 0.098439 -0.192485 0.871288 0.451449 0.894325 0.694716
male.bmp
  22 -23.831842 1.624271 0.186485 -0.499107 0.360887 0.787815 0.925636 0.681018
  22 -23.469609 1.542248 0.170365 -0.062400 0.359508 0.931053 0.921722 0.751468
  22 -23.766072 1.741839 0.098439 -0.192485 0.871288 0.451449 0.894325 0.694716
male.bmp
  22 -23.766072 1.741839 0.098439 -0.192485 0.871288 0.451449 0.894325 0.694716
  22 -23.469609 1.542248 0.170365 -0.062400 0.359508 0.931053 0.921722 0.751468
  22 -23.454289 1.702571 0.071058 0.113438 0.891352 0.438890 0.896282 0.747554
male.bmp
  22 -23.469609 1.542248 0.170365 -0.062400 0.359508 0.931053 0.921722 0.751468
  21 -23.080067 1.484510 0.271220 -0.025052 0.327519 0.944512 0.921722 0.814090
  22 -23.454289 1.702571 0.071058 0.113438 0.891352 0.438890 0.896282 0.747554
male.bmp
  22 -23.454289 1.702571 0.071058 0.113438 0.891352 0.438890 0.896282 0.747554
  21 -23.080067 1.484510 0.271220 -0.025052 0.327519 0.944512 0.921722 0.814090
  21 -23.007677 1.615840 0.126955 0.153630 0.894476 0.419894 0.894325 0.814090
male.bmp
  21 -23.080067 1.484510 0.271220 -0.025052 0.327519 0.944512 0.921722 0.814090
  21 -22.018785 1.233056 0.289954 -0.027954 0.380551 0.924337 0.919765 0.964775
  21 -23.007677 1.615840 0.126955 0.153630 0.894476 0.419894 0.894325 0.814090
male.bmp
  21 -23.007677 1.615840 0.126955 0.153630 0.894476 0.419894 0.894325 0.814090
  21 -22.018785 1.233056 0.289954 -0.027954 0.380551 0.924337 0.919765 0.964775
  21 -21.965314 1.374971 0.163856 0.098349 0.899949 0.424757 0.894325 0.966732
male.bmp
  21 -22.018785 1.233056 0.289954 -0.027954 0.380551 0.924337 0.919765 0.964775
  20 -21.910032 1.211158 0.305422 -0.085868 0.406337 0.909680 0.919765 0.982387
  21 -21.965314 1.374971 0.163856 0.098349 0.899949 0.424757 0.894325 0.966732
male.bmp
  21 -21.965314 1.374971 0.163856 0.098349 0.899949 0.424757 0.894325 0.966732
  20 -21.910032 1.211158 0.305422 -0.085868 0.406337 0.909680 0.919765 0.982387
  20 -21.878666 1.364663 0.197939 -0.066811 0.864707 0.497814 0.892368 0.986301
male.bmp
  18 -16.052503 -1.075211 0.395474 -0.115242 -0.906292 0.406638 0.434442 0.119374
  18 -14.150582 -1.349298 0.553187 -0.092509 -0.946402 0.309461 0.452055 0.225049
  18 -15.961677 -0.729275 0.838507 -0.152303 -0.515096 0.843493 0.401174 0.119374
male.bmp
  18 -15.961677 -0.729275 0.838507 -0.152303 -0.515096 0.843493 0.401174 0.119374
  18 -14.150582 -1.349298 0.553187 -0.092509 -0.946402 0.309461 0.452055 0.225049
  18 -14.129809 -0.775356 1.168865 -0.144426 -0.480883 0.864808 0.412916 0.227006
male.bmp
  18 -14.150582 -1.349298 0.553187 -0.092509 -0.946402 0.309461 0.452055 0.225049
  18 -12.309558 -1.383738 0.723604 -0.047727 -0.928284 0.368796 0.467710 0.332681
  18 -14.129809 -0.775356 1.168865 -0.144426 -0.480883 0.864808 0.412916 0.227006
male.bmp
  18 -14.129809 -0.775356 1.168865 -0.144426 -0.480883 0.864808 0.412916 0.227006
  18 -12.309558 -1.383738 0.723604 -0.047727 -0.928284 0.368796 0.467710 0.332681
  18 -12.288397 -0.731202 1.480076 -0.051330 -0.454984 0.889019 0.424658 0.334638
male.bmp
  18 -12.309558 -1.383738 0.723604 -0.047727 -0.928284 0.368796 0.467710 0.332681
  18 -9.549578 -1.432296 0.669250 0.030314 -0.929665 0.367158 0.467710 0.475538
  18 -12.288397 -0.731202 1.480076 -0.051330 -0.454984 0.889019 0.424658 0.334638
male.bmp
  18 -12.288397 -0.731202 1.480076 -0.051330 -0.454984 0.889019 0.424658 0.334638
  18 -9.549578 -1.432296 0.669250 0.030314 -0.929665 0.367158 0.467710 0.475538
  18 -9.498712 -0.818737 1.335176 0.049752 -0.469143 0.881720 0.428571 0.475538
male.bmp
  18 -9.549578 -1.432296 0.669250 0.030314 -0.929665 0.367158 0.467710 0.475538
  18 -8.909649 -1.389939 0.686460 -0.173058 -0.889524 0.422844 0.467710 0.504892
  18 -9.498712 -0.818737 1.335176 0.049752 -0.469143 0.881720 0.428571 0.475538
male.bmp
  18 -9.498712 -0.818737 1.335176 0.049752 -0.469143 0.881720 0.428571 0.475538
  18 -8.909649 -1.389939 0.686460 -0.173058 -0.889524 0.422844 0.467710 0.504892
  18 -8.904404 -0.733921 1.326098 -0.075229 -0.398234 0.914194 0.430528 0.504892
male.bmp
  18 -8.909649 -1.389939 0.686460 -0.173058 -0.889524 0.422844 0.467710 0.504892
  18 -8.434404 -1.583921 0.716097 -0.272524 -0.865694 0.419886 0.467710 0.532290
  18 -8.904404 -0.733921 1.326098 -0.075229 -0.398234 0.914194 0.430528 0.504892
male.bmp
  18 -8.904404 -0.733921 1.326098 -0.075229 -0.398234 0.914194 0.430528 0.504892
  18 -8.434404 -1.583921 0.716097 -0.272524 -0.865694 0.419886 0.467710 0.532290
  18 -8.334404 -0.893921 1.406098 -0.174420 -0.416317 0.892333 0.430528 0.530333
male.bmp
  18 -8.434404 -1.583921 0.716097 -0.272524 -0.865694 0.419886 0.467710 0.532290
  18 -4.944404 -1.393922 1.586096 -0.075229 -0.398234 0.914194 0.428571 0.677104
  18 -8.334404 -0.893921 1.406098 -0.174420 -0.416317 0.892333 0.430528 0.530333
male.bmp
  18 -8.334404 -0.893921 1.406098 -0.174420 -0.416317 0.892333 0.430528 0.530333
  18 -4.944404 -1.393922 1.586096 -0.075229 -0.398234 0.914194 0.428571 0.677104
  18 -4.824404 -0.473922 1.706096 -0.002022 0.112774 0.993619 0.377691 0.677104
male.bmp
  8 24.850679 -0.316304 0.258686 0.158823 -0.943181 0.291864 0.888454 0.393346
  8 24.889854 -0.310647 -0.003865 0.451824 -0.800081 -0.394621 0.904110 0.393346
  8 25.002197 -0.247686 0.289247 0.800481 -0.557829 0.219220 0.904110 0.373777
male.bmp
  8 25.002197 -0.247686 0.289247 0.800481 -0.557829 0.219220 0.904110 0.373777
  8 24.889854 -0.310647 -0.003865 0.451824 -0.800081 -0.394621 0.904110 0.393346
  8 24.962665 -0.165322 -0.036718 0.783357 -0.183975 -0.593722 0.925636 0.385519
male.bmp
  8 24.889854 -0.310647 -0.003865 0.451824 -0.800081 -0.394621 0.904110 0.393346
  8 24.721805 -0.184657 -0.153819 0.191698 -0.277065 -0.941534 0.923679 0.414873
  8 24.962665 -0.165322 -0.036718 0.783357 -0.183975 -0.593722 0.925636 0.385519
male.bmp
  8 24.962665 -0.165322 -0.036718 0.783357 -0.183975 -0.593722 0.925636 0.385519
  8 24.721805 -0.184657 -0.153819 0.191698 -0.277065 -0.941534 0.923679 0.414873
  8 24.875145 -0.032007 -0.085373 0.447382 0.413902 -0.792801 0.941292 0.395303
male.bmp
  8 24.721805 -0.184657 -0.153819 0.191698 -0.277065 -0.941534 0.923679 0.414873
  8 24.244639 -0.035084 -0.172279 0.017227 0.284258 -0.958593 0.941292 0.510763
  8 24.875145 -0.032007 -0.085373 0.447382 0.413902 -0.792801 0.941292 0.395303
male.bmp
  8 24.875145 -0.032007 -0.085373 0.447382 0.413902 -0.792801 0.941292 0.395303
  8 24.244639 -0.035084 -0.172279 0.017227 0.284258 -0.958593 0.941292 0.510763
  7 24.167040 0.194503 0.051682 0.036531 0.960465 -0.275993 0.970646 0.524462
male.bmp
  8 24.244639 -0.035084 -0.172279 0.017227 0.284258 -0.958593 0.941292 0.510763
  7 24.022536 -0.055776 -0.171430 0.009089 0.217182 -0.976089 0.943249 0.534247
  7 24.167040 0.194503 0.051682 0.036531 0.960465 -0.275993 0.970646 0.524462
male.bmp
  7 24.167040 0.194503 0.051682 0.036531 0.960465 -0.275993 0.970646 0.524462
  7 24.022536 -0.055776 -0.171430 0.009089 0.217182 -0.976089 0.943249 0.534247
  7 23.006988 0.200710 0.033213 0.017345 0.941917 -0.335396 0.972603 0.628180
male.bmp
  7 24.022536 -0.055776 -0.171430 0.009089 0.217182 -0.976089 0.943249 0.534247
  7 22.912142 -0.047190 -0.178564 0.036501 0.179624 -0.983058 0.943249 0.634051
  7 23.006988 0.200710 0.033213 0.017345 0.941917 -0.335396 0.972603 0.628180
male.bmp
  7 23.006988 0.200710 0.033213 0.017345 0.941917 -0.335396 0.972603 0.628180
  7 22.912142 -0.047190 -0.178564 0.036501 0.179624 -0.983058 0.943249 0.634051
  6 22.887610 0.199476 0.020413 0.067336 0.870758 -0.487080 0.974560 0.639922
male.bmp
  7 22.912142 -0.047190 -0.178564 0.036501 0.179624 -0.983058 0.943249 0.634051
  6 22.817434 -0.035824 -0.182341 0.058807 0.181134 -0.981699 0.943249 0.645793
  6 22.887610 0.199476 0.020413 0.067336 0.870758 -0.487080 0.974560 0.639922
male.bmp
  9 22.442228 -1.374519 0.275450 0.067397 -0.967324 0.244423 0.978474 0.988258
  10 22.544124 -1.361421 0.274664 -0.041419 -0.948188 0.314999 0.978474 0.974560
  9 22.513581 -1.166094 0.490084 0.083417 -0.466980 0.880324 0.951076 0.982387
male.bmp
  9 22.513581 -1.166094 0.490084 0.083417 -0.466980 0.880324 0.951076 0.982387
  10 22.544124 -1.361421 0.274664 -0.041419 -0.948188 0.314999 0.978474 0.974560
  10 22.594302 -1.191667 0.474579 -0.022847 -0.486904 0.873157 0.951076 0.964775
male.bmp
  10 22.544124 -1.361421 0.274664 -0.041419 -0.948188 0.314999 0.978474 0.974560
  10 23.517703 -1.543190 0.276684 -0.163000 -0.954922 0.248101 0.972603 0.829746
  10 22.594302 -1.191667 0.474579 -0.022847 -0.486904 0.873157 0.951076 0.964775
male.bmp
  10 22.594302 -1.191667 0.474579 -0.022847 -0.486904 0.873157 0.951076 0.964775
  10 23.517703 -1.543190 0.276684 -0.163000 -0.954922 0.248101 0.972603 0.829746
  10 23.563801 -1.396691 0.449348 -0.022847 -0.486904 0.873157 0.949119 0.818004
male.bmp
  10 23.517703 -1.543190 0.276684 -0.163000 -0.954922 0.248101 0.972603 0.829746
  11 24.140773 -1.628705 0.280931 0.005222 -0.964447 0.264223 0.968689 0.706458
  10 23.563801 -1.396691 0.449348 -0.022847 -0.486904 0.873157 0.949119 0.818004
male.bmp
  10 23.563801 -1.396691 0.449348 -0.022847 -0.486904 0.873157 0.949119 0.818004
  11 24.140773 -1.628705 0.280931 0.005222 -0.964447 0.264223 0.968689 0.706458
  11 23.935432 -1.470134 0.380882 -0.004192 -0.411389 0.911450 0.949119 0.747554
male.bmp
  11 24.140773 -1.628705 0.280931 0.005222 -0.964447 0.264223 0.968689 0.706458
  11 24.232991 -1.562606 0.383531 0.262578 -0.604204 0.752324 0.956947 0.688845
  11 23.935432 -1.470134 0.380882 -0.004192 -0.411389 0.911450 0.949119 0.747554
male.bmp
  11 23.935432 -1.470134 0.380882 -0.004192 -0.411389 0.911450 0.949119 0.747554
  11 24.232991 -1.562606 0.383531 0.262578 -0.604204 0.752324 0.956947 0.688845
  11 23.928423 -1.297732 0.429135 0.163897 0.189576 0.968090 0.921722 0.751468
male.bmp
  11 24.232991 -1.562606 0.383531 0.262578 -0.604204 0.752324 0.956947 0.688845
  11 24.333814 -1.417355 0.395241 0.715804 0.020247 0.698008 0.925636 0.681018
  11 23.928423 -1.297732 0.429135 0.163897 0.189576 0.968090 0.921722 0.751468
male.bmp
  11 23.928423 -1.297732 0.429135 0.163897 0.189576 0.968090 0.921722 0.751468
  11 24.333814 -1.417355 0.395241 0.715804 0.020247 0.698008 0.925636 0.681018
  11 24.309647 -1.251773 0.282997 0.616701 0.680063 0.396477 0.894325 0.694716
male.bmp
  11 24.333814 -1.417355 0.395241 0.715804 0.020247 0.698008 0.925636 0.681018
  11 24.341687 -1.434204 0.357108 0.931102 -0.215579 0.294235 0.923679 0.671233
  11 24.309647 -1.251773 0.282997 0.616701 0.680063 0.396477 0.894325 0.694716
male.bmp
  2 18.227225 -1.102653 -0.433363 -0.692614 -0.514655 -0.505386 0.283757 0.888454
  2 18.587224 -1.122653 -0.483364 0.537448 -0.587234 -0.605233 0.287671 0.843444
  2 18.587225 -1.292652 -0.283364 0.553191 -0.739993 -0.382611 0.305284 0.841487
male.bmp
  2 18.587225 -1.292652 -0.283364 0.553191 -0.739993 -0.382611 0.305284 0.841487
  2 18.587224 -1.122653 -0.483364 0.537448 -0.587234 -0.605233 0.287671 0.843444
  2 18.607225 -1.062653 -0.403364 0.464819 -0.579082 -0.669782 0.287671 0.833659
male.bmp
  2 18.587224 -1.122653 -0.483364 0.537448 -0.587234 -0.605233 0.287671 0.843444
  2 18.587224 -0.792653 -0.733365 0.539125 -0.442472 -0.716633 0.244618 0.843444
  2 18.607225 -1.062653 -0.403364 0.464819 -0.579082 -0.669782 0.287671 0.833659
male.bmp
  2 18.607225 -1.062653 -0.403364 0.464819 -0.579082 -0.669782 0.287671 0.833659
  2 18.587224 -0.792653 -0.733365 0.539125 -0.442472 -0.716633 0.244618 0.843444
  2 18.607224 -0.732653 -0.673365 0.539125 -0.442472 -0.716633 0.242661 0.833659
male.bmp
  2 18.587224 -0.792653 -0.733365 0.539125 -0.442472 -0.716633 0.244618 0.843444
  2 18.587224 -0.392654 -0.893366 0.499933 -0.205488 -0.841334 0.199609 0.841487
  2 18.607224 -0.732653 -0.673365 0.539125 -0.442472 -0.716633 0.242661 0.833659
male.bmp
  2 18.607224 -0.732653 -0.673365 0.539125 -0.442472 -0.716633 0.242661 0.833659
  2 18.587224 -0.392654 -0.893366 0.499933 -0.205488 -0.841334 0.199609 0.841487
  2 18.607224 -0.342654 -0.843366 0.534160 -0.188565 -0.824085 0.199609 0.833659
male.bmp
  2 18.587224 -0.392654 -0.893366 0.499933 -0.205488 -0.841334 0.199609 0.841487
  2 18.607224 0.427346 -0.953368 0.672072 0.054235 -0.738497 0.091977 0.839530
  2 18.607224 -0.342654 -0.843366 0.534160 -0.188565 -0.824085 0.199609 0.833659
male.bmp
  2 18.607224 -0.342654 -0.843366 0.534160 -0.188565 -0.824085 0.199609 0.833659
  2 18.607224 0.427346 -0.953368 0.672072 0.054235 -0.738497 0.091977 0.839530
  2 18.607224 0.417346 -0.883368 0.672072 0.054235 -0.738497 0.091977 0.829746
male.bmp
  2 18.607224 0.427346 -0.953368 0.672072 0.054235 -0.738497 0.091977 0.839530
  2 18.597224 0.667346 -0.893369 0.690926 0.323943 -0.646283 0.070450 0.839530
  2 18.607224 0.417346 -0.883368 0.672072 0.054235 -0.738497 0.091977 0.829746
male.bmp
  2 18.607224 0.417346 -0.883368 0.672072 0.054235 -0.738497 0.091977 0.829746
  2 18.597224 0.667346 -0.893369 0.690926 0.323943 -0.646283 0.070450 0.839530
  2 18.597224 0.637346 -0.843369 0.690926 0.323943 -0.646283 0.072407 0.829746
male.bmp
  2 18.597224 0.667346 -0.893369 0.690926 0.323943 -0.646283 0.070450 0.839530
  2 18.597224 0.837347 -0.703369 0.652857 0.468832 -0.594957 0.050881 0.829746
  2 18.597224 0.637346 -0.843369 0.690926 0.323943 -0.646283 0.072407 0.829746
male.bmp
  2 17.807227 -0.222649 0.946635 -0.847940 0.007538 0.530038 0.704501 0.710372
  2 17.837227 -1.002650 0.746637 -0.907342 0.215472 -0.360974 0.692759 0.759295
  2 17.827227 -1.052649 0.786637 -0.800317 -0.302523 0.517661 0.694716 0.763209
male.bmp
  2 17.827227 -1.052649 0.786637 -0.800317 -0.302523 0.517661 0.694716 0.763209
  2 17.837227 -1.002650 0.746637 -0.907342 0.215472 -0.360974 0.692759 0.759295
  2 17.837226 -1.312651 0.306638 -0.886424 0.428306 -0.175519 0.663405 0.776908
male.bmp
  2 17.837227 -1.002650 0.746637 -0.907342 0.215472 -0.360974 0.692759 0.759295
  2 18.007226 -1.162651 0.276637 -0.648910 0.686549 -0.327973 0.661448 0.769080
  2 17.837226 -1.312651 0.306638 -0.886424 0.428306 -0.175519 0.663405 0.776908
male.bmp
  2 17.837226 -1.312651 0.306638 -0.886424 0.428306 -0.175519 0.663405 0.776908
  2 18.007226 -1.162651 0.276637 -0.648910 0.686549 -0.327973 0.661448 0.769080
  2 17.827225 -1.362651 0.076638 -0.896287 0.443463 -0.003065 0.651663 0.778865
male.bmp
  2 18.007226 -1.162651 0.276637 -0.648910 0.686549 -0.327973 0.661448 0.769080
  2 18.007226 -1.212651 0.086637 -0.660932 0.750412 0.007132 0.651663 0.769080
  2 17.827225 -1.362651 0.076638 -0.896287 0.443463 -0.003065 0.651663 0.778865
male.bmp
  2 17.827225 -1.362651 0.076638 -0.896287 0.443463 -0.003065 0.651663 0.778865
  2 18.007226 -1.212651 0.086637 -0.660932 0.750412 0.007132 0.651663 0.769080
  2 17.847225 -1.272652 -0.223362 -0.898073 0.408487 0.163107 0.632094 0.774951
male.bmp
  2 18.007226 -1.212651 0.086637 -0.660932 0.750412 0.007132 0.651663 0.769080
  2 18.017225 -1.122652 -0.173363 -0.698386 0.628867 0.341737 0.636008 0.765166
  2 17.847225 -1.272652 -0.223362 -0.898073 0.408487 0.163107 0.632094 0.774951
male.bmp
  2 17.847225 -1.272652 -0.223362 -0.898073 0.408487 0.163107 0.632094 0.774951
  2 18.017225 -1.122652 -0.173363 -0.698386 0.628867 0.341737 0.636008 0.765166
  2 17.857225 -1.102653 -0.443363 -0.894642 0.319310 0.312500 0.618395 0.767123
male.bmp
  2 18.017225 -1.122652 -0.173363 -0.698386 0.628867 0.341737 0.636008 0.765166
  2 18.027225 -0.942652 -0.353364 -0.691751 0.512664 0.508582 0.622309 0.757339
  2 17.857225 -1.102653 -0.443363 -0.894642 0.319310 0.312500 0.618395 0.767123
male.bmp
  2 17.857225 -1.102653 -0.443363 -0.894642 0.319310 0.312500 0.618395 0.767123
  2 18.027225 -0.942652 -0.353364 -0.691751 0.512664 0.508582 0.622309 0.757339
  2 17.847224 -0.832653 -0.693363 -0.863048 0.263742 0.430800 0.602740 0.749511
male.bmp
  2 18.027225 -0.942652 -0.353364 -0.691751 0.512664 0.508582 0.622309 0.757339
  2 18.087224 -0.672653 -0.583364 -0.554457 0.457222 0.695360 0.608611 0.739726
  2 17.847224 -0.832653 -0.693363 -0.863048 0.263742 0.430800 0.602740 0.749511
male.bmp
  2 17.817224 -0.272654 -0.893365 -0.699070 -0.475626 0.533929 0.724070 0.718200
  2 17.797224 0.347346 -0.913366 -0.837596 -0.069762 0.541818 0.714286 0.767123
  2 17.807224 -0.282654 -0.943365 -0.764783 -0.541721 -0.348776 0.727984 0.718200
male.bmp
  2 17.807224 -0.282654 -0.943365 -0.764783 -0.541721 -0.348776 0.727984 0.718200
  2 17.797224 0.347346 -0.913366 -0.837596 -0.069762 0.541818 0.714286 0.767123
  2 17.787224 0.387346 -0.963366 -0.852486 -0.022400 -0.522270 0.720157 0.769080
male.bmp
  2 17.797224 0.347346 -0.913366 -0.837596 -0.069762 0.541818 0.714286 0.767123
  2 17.787224 0.597346 -0.873367 -0.858120 -0.215226 0.466163 0.706458 0.784736
  2 17.787224 0.387346 -0.963366 -0.852486 -0.022400 -0.522270 0.720157 0.769080
male.bmp
  2 17.787224 0.387346 -0.963366 -0.852486 -0.022400 -0.522270 0.720157 0.769080
  2 17.787224 0.597346 -0.873367 -0.858120 -0.215226 0.466163 0.706458 0.784736
  2 17.767224 0.637346 -0.923367 -0.843040 0.120010 -0.524292 0.710372 0.786693
male.bmp
  2 17.787224 0.597346 -0.873367 -0.858120 -0.215226 0.466163 0.706458 0.784736
  2 17.767224 0.817347 -0.753367 -0.844433 -0.379985 0.377551 0.698630 0.802348
  2 17.767224 0.637346 -0.923367 -0.843040 0.120010 -0.524292 0.710372 0.786693
male.bmp
  2 17.767224 0.637346 -0.923367 -0.843040 0.120010 -0.524292 0.710372 0.786693
  2 17.767224 0.817347 -0.753367 -0.844433 -0.379985 0.377551 0.698630 0.802348
  2 17.747224 0.867347 -0.793368 -0.857467 0.303492 -0.415504 0.702544 0.806262
male.bmp
  2 17.767224 0.817347 -0.753367 -0.844433 -0.379985 0.377551 0.698630 0.802348
  2 17.747225 1.017347 -0.603368 -0.866928 0.441007 -0.232267 0.686888 0.814090
  2 17.747224 0.867347 -0.793368 -0.857467 0.303492 -0.415504 0.702544 0.806262
male.bmp
  2 17.747224 0.867347 -0.793368 -0.857467 0.303492 -0.415504 0.702544 0.806262
  2 17.747225 1.017347 -0.603368 -0.866928 0.441007 -0.232267 0.686888 0.814090
  2 17.797225 1.037347 -0.623368 -0.150463 0.875467 -0.459258 0.690802 0.821918
male.bmp
  2 17.747225 1.017347 -0.603368 -0.866928 0.441007 -0.232267 0.686888 0.814090
  2 17.747225 1.077348 -0.383368 -0.866653 0.498590 0.017917 0.671233 0.823875
  2 17.797225 1.037347 -0.623368 -0.150463 0.875467 -0.459258 0.690802 0.821918
male.bmp
  2 17.797225 1.037347 -0.623368 -0.150463 0.875467 -0.459258 0.690802 0.821918
  2 17.747225 1.077348 -0.383368 -0.866653 0.498590 0.017917 0.671233 0.823875
  2 17.797225 1.097348 -0.393368 -0.173643 0.984099 -0.037372 0.673190 0.829746
male.bmp
  2 17.747225 1.077348 -0.383368 -0.866653 0.498590 0.017917 0.671233 0.823875
  2 17.817226 0.957349 0.216632 -0.085659 0.890640 0.446568 0.622309 0.819961
  2 17.797225 1.097348 -0.393368 -0.173643 0.984099 -0.037372 0.673190 0.829746
male.bmp
  1 16.554108 -0.891102 0.832664 0.152283 -0.515095 0.843497 0.401174 0.119374
  1 14.725166 -0.938323 1.167539 0.144405 -0.480882 0.864812 0.412916 0.227006
  1 14.755791 -1.508345 0.547590 0.092501 -0.946401 0.309464 0.452055 0.225049
male.bmp
  1 14.755791 -1.508345 0.547590 0.092501 -0.946401 0.309464 0.452055 0.225049
  1 14.725166 -0.938323 1.167539 0.144405 -0.480882 0.864812 0.412916 0.227006
  1 12.906410 -1.545682 0.732516 0.047718 -0.928284 0.368798 0.467710 0.332681
male.bmp
  1 14.725166 -0.938323 1.167539 0.144405 -0.480882 0.864812 0.412916 0.227006
  1 12.885851 -0.905590 1.482423 0.051309 -0.454983 0.889021 0.424658 0.334638
  1 12.906410 -1.545682 0.732516 0.047718 -0.928284 0.368798 0.467710 0.332681
male.bmp
  1 12.906410 -1.545682 0.732516 0.047718 -0.928284 0.368798 0.467710 0.332681
  1 12.885851 -0.905590 1.482423 0.051309 -0.454983 0.889021 0.424658 0.334638
  1 10.156455 -1.606667 0.669842 -0.030324 -0.929664 0.367158 0.467710 0.475538
male.bmp
  1 12.885851 -0.905590 1.482423 0.051309 -0.454983 0.889021 0.424658 0.334638
  1 10.095724 -0.976753 1.339857 -0.049775 -0.469141 0.881719 0.428571 0.475538
  1 10.156455 -1.606667 0.669842 -0.030324 -0.929664 0.367158 0.467710 0.475538
male.bmp
  1 10.156455 -1.606667 0.669842 -0.030324 -0.929664 0.367158 0.467710 0.475538
  1 10.095724 -0.976753 1.339857 -0.049775 -0.469141 0.881719 0.428571 0.475538
  1 9.490784 -1.549913 0.677629 0.144506 -0.889131 0.434240 0.467710 0.504892
male.bmp
  1 10.095724 -0.976753 1.339857 -0.049775 -0.469141 0.881719 0.428571 0.475538
  1 9.510768 -0.899912 1.327629 0.072372 -0.401899 0.912819 0.430528 0.504892
  1 9.490784 -1.549913 0.677629 0.144506 -0.889131 0.434240 0.467710 0.504892
male.bmp
  1 9.490784 -1.549913 0.677629 0.144506 -0.889131 0.434240 0.467710 0.504892
  1 9.510768 -0.899912 1.327629 0.072372 -0.401899 0.912819 0.430528 0.504892
  1 8.930767 -1.059912 1.407615 0.178487 -0.418984 0.890278 0.430528 0.530333
male.bmp
  1 9.510768 -0.899912 1.327629 0.072372 -0.401899 0.912819 0.430528 0.504892
  1 8.770764 -0.179912 1.517610 0.080069 0.100677 0.991692 0.377691 0.532290
  1 8.930767 -1.059912 1.407615 0.178487 -0.418984 0.890278 0.430528 0.530333
male.bmp
  1 8.930767 -1.059912 1.407615 0.178487 -0.418984 0.890278 0.430528 0.530333
  1 8.770764 -0.179912 1.517610 0.080069 0.100677 0.991692 0.377691 0.532290
  1 5.430759 -0.639912 1.707530 0.001999 0.112775 0.993619 0.377691 0.677104
male.bmp
  1 8.770764 -0.179912 1.517610 0.080069 0.100677 0.991692 0.377691 0.532290
  1 5.310768 0.390088 1.317526 -0.082592 0.678970 0.729505 0.338552 0.677104
  1 5.430759 -0.639912 1.707530 0.001999 0.112775 0.993619 0.377691 0.677104
male.bmp
  29 -21.290638 1.968049 -0.675933 0.104837 0.246657 -0.963416 0.943249 0.645793
  30 -21.345759 2.003190 -0.671351 0.115121 0.277738 -0.953734 0.943249 0.634051
  29 -21.269661 2.152634 -0.488080 0.442501 0.736446 -0.511704 0.974560 0.639922
male.bmp
  29 -21.269661 2.152634 -0.488080 0.442501 0.736446 -0.511704 0.974560 0.639922
  30 -21.345759 2.003190 -0.671351 0.115121 0.277738 -0.953734 0.943249 0.634051
  30 -21.337110 2.196489 -0.476003 0.426798 0.787935 -0.443849 0.972603 0.628180
male.bmp
  30 -21.345759 2.003190 -0.671351 0.115121 0.277738 -0.953734 0.943249 0.634051
  30 -22.083308 2.370854 -0.664641 0.057548 0.227817 -0.972002 0.943249 0.534247
  30 -21.337110 2.196489 -0.476003 0.426798 0.787935 -0.443849 0.972603 0.628180
male.bmp
  30 -21.337110 2.196489 -0.476003 0.426798 0.787935 -0.443849 0.972603 0.628180
  30 -22.083308 2.370854 -0.664641 0.057548 0.227817 -0.972002 0.943249 0.534247
  30 -22.051978 2.566513 -0.460348 0.382259 0.882139 -0.275151 0.970646 0.524462
male.bmp
  30 -22.083308 2.370854 -0.664641 0.057548 0.227817 -0.972002 0.943249 0.534247
  31 -22.190958 2.435608 -0.657026 0.118645 0.247049 -0.961712 0.941292 0.510763
  30 -22.051978 2.566513 -0.460348 0.382259 0.882139 -0.275151 0.970646 0.524462
male.bmp
  30 -22.051978 2.566513 -0.460348 0.382259 0.882139 -0.275151 0.970646 0.524462
  31 -22.190958 2.435608 -0.657026 0.118645 0.247049 -0.961712 0.941292 0.510763
  31 -22.625237 2.630767 -0.653186 -0.124642 0.481356 -0.867618 0.941292 0.395303
male.bmp
  31 -22.190958 2.435608 -0.657026 0.118645 0.247049 -0.961712 0.941292 0.510763
  31 -22.539509 2.473556 -0.676323 -0.180000 -0.288627 -0.940369 0.923679 0.414873
  31 -22.625237 2.630767 -0.653186 -0.124642 0.481356 -0.867618 0.941292 0.395303
male.bmp
  31 -22.625237 2.630767 -0.653186 -0.124642 0.481356 -0.867618 0.941292 0.395303
  31 -22.539509 2.473556 -0.676323 -0.180000 -0.288627 -0.940369 0.923679 0.414873
  31 -22.719810 2.585178 -0.620359 -0.666402 0.132137 -0.733790 0.925636 0.385519
male.bmp
  31 -22.539509 2.473556 -0.676323 -0.180000 -0.288627 -0.940369 0.923679 0.414873
  31 -22.734104 2.455543 -0.570455 -0.700400 -0.572919 -0.425681 0.904110 0.393346
  31 -22.719810 2.585178 -0.620359 -0.666402 0.132137 -0.733790 0.925636 0.385519
male.bmp
  31 -22.719810 2.585178 -0.620359 -0.666402 0.132137 -0.733790 0.925636 0.385519
  31 -22.734104 2.455543 -0.570455 -0.700400 -0.572919 -0.425681 0.904110 0.393346
  31 -22.804397 2.706472 -0.439714 -0.890976 0.452990 -0.031000 0.925636 0.365949
male.bmp
  31 -22.734104 2.455543 -0.570455 -0.700400 -0.572919 -0.425681 0.904110 0.393346
  31 -22.810089 2.554128 -0.372194 -0.945412 -0.207301 0.251440 0.904110 0.373777
  31 -22.804397 2.706472 -0.439714 -0.890976 0.452990 -0.031000 0.925636 0.365949
male.bmp
  23 -22.225129 0.128507 -0.184947 -0.058786 0.181135 -0.981700 0.943249 0.645793
  24 -22.302468 0.122658 -0.177729 -0.036479 0.179625 -0.983059 0.943249 0.634051
  23 -22.295276 0.364432 0.017089 -0.067326 0.870757 -0.487082 0.974560 0.639922
male.bmp
  23 -22.295276 0.364432 0.017089 -0.067326 0.870757 -0.487082 0.974560 0.639922
  24 -22.302468 0.122658 -0.177729 -0.036479 0.179625 -0.983059 0.943249 0.634051
  24 -22.407617 0.367697 0.024755 -0.017336 0.941918 -0.335395 0.972603 0.628180
male.bmp
  24 -22.302468 0.122658 -0.177729 -0.036479 0.179625 -0.983059 0.943249 0.634051
  24 -23.423166 0.111170 -0.179829 -0.009066 0.217184 -0.976089 0.943249 0.534247
  24 -22.407617 0.367697 0.024755 -0.017336 0.941918 -0.335395 0.972603 0.628180
male.bmp
  24 -22.407617 0.367697 0.024755 -0.017336 0.941918 -0.335395 0.972603 0.628180
  24 -23.423166 0.111170 -0.179829 -0.009066 0.217184 -0.976089 0.943249 0.534247
  24 -23.577170 0.354637 0.055982 -0.036523 0.960466 -0.275992 0.970646 0.524462
male.bmp
  24 -23.423166 0.111170 -0.179829 -0.009066 0.217184 -0.976089 0.943249 0.534247
  25 -23.646887 0.132683 -0.175025 -0.017205 0.284259 -0.958593 0.941292 0.510763
  24 -23.577170 0.354637 0.055982 -0.036523 0.960466 -0.275992 0.970646 0.524462
male.bmp
  24 -23.577170 0.354637 0.055982 -0.036523 0.960466 -0.275992 0.970646 0.524462
  25 -23.646887 0.132683 -0.175025 -0.017205 0.284259 -0.958593 0.941292 0.510763
  25 -24.277458 0.131216 -0.086830 -0.447358 0.413909 -0.792812 0.941292 0.395303
male.bmp
  25 -23.646887 0.132683 -0.175025 -0.017205 0.284259 -0.958593 0.941292 0.510763
  25 -24.125184 -0.022650 -0.154932 -0.191677 -0.277063 -0.941539 0.923679 0.414873
  25 -24.277458 0.131216 -0.086830 -0.447358 0.413909 -0.792812 0.941292 0.395303
male.bmp
  25 -24.277458 0.131216 -0.086830 -0.447358 0.413909 -0.792812 0.941292 0.395303
  25 -24.125184 -0.022650 -0.154932 -0.191677 -0.277063 -0.941539 0.923679 0.414873
  25 -24.356164 -0.001279 -0.038350 -0.783345 -0.183971 -0.593739 0.925636 0.385519
male.bmp
  25 -24.125184 -0.022650 -0.154932 -0.191677 -0.277063 -0.941539 0.923679 0.414873
  25 -24.284694 -0.144378 0.004249 -0.451812 -0.800083 -0.394630 0.904110 0.393346
  25 -24.356164 -0.001279 -0.038350 -0.783345 -0.183971 -0.593739 0.925636 0.385519
male.bmp
  25 -24.356164 -0.001279 -0.038350 -0.783345 -0.183971 -0.593739 0.925636 0.385519
  25 -24.284694 -0.144378 0.004249 -0.451812 -0.800083 -0.394630 0.904110 0.393346
  25 -24.397243 -0.073778 0.284693 -0.800488 -0.557826 0.219201 0.904110 0.373777
male.bmp
  25 -24.284694 -0.144378 0.004249 -0.451812 -0.800083 -0.394630 0.904110 0.393346
  25 -24.256108 -0.153322 0.257237 -0.158834 -0.943181 0.291857 0.888454 0.393346
  25 -24.397243 -0.073778 0.284693 -0.800488 -0.557826 0.219201 0.904110 0.373777
male.bmp
  28 -23.736711 -1.269648 0.352005 -0.931108 -0.215580 0.294215 0.923679 0.671233
  28 -23.738630 -1.254800 0.390422 -0.715819 0.020244 0.697993 0.925636 0.681018
  28 -23.716486 -1.079505 0.276927 -0.616711 0.680060 0.396467 0.894325 0.694716
male.bmp
  28 -23.716486 -1.079505 0.276927 -0.616711 0.680060 0.396467 0.894325 0.694716
  28 -23.738630 -1.254800 0.390422 -0.715819 0.020244 0.697993 0.925636 0.681018
  28 -23.333214 -1.133893 0.434230 -0.163920 0.189575 0.968087 0.921722 0.751468
male.bmp
  28 -23.738630 -1.254800 0.390422 -0.715819 0.020244 0.697993 0.925636 0.681018
  28 -23.637783 -1.398767 0.388629 -0.262591 -0.604203 0.752319 0.956947 0.688845
  28 -23.333214 -1.133893 0.434230 -0.163920 0.189575 0.968087 0.921722 0.751468
male.bmp
  28 -23.333214 -1.133893 0.434230 -0.163920 0.189575 0.968087 0.921722 0.751468
  28 -23.637783 -1.398767 0.388629 -0.262591 -0.604203 0.752319 0.956947 0.688845
  28 -23.340248 -1.307579 0.376060 0.004172 -0.411391 0.911450 0.949119 0.747554
male.bmp
  28 -23.637783 -1.398767 0.388629 -0.262591 -0.604203 0.752319 0.956947 0.688845
  28 -23.545591 -1.466150 0.276111 -0.005229 -0.964448 0.264221 0.968689 0.706458
  28 -23.340248 -1.307579 0.376060 0.004172 -0.411391 0.911450 0.949119 0.747554
male.bmp
  28 -23.340248 -1.307579 0.376060 0.004172 -0.411391 0.911450 0.949119 0.747554
  28 -23.545591 -1.466150 0.276111 -0.005229 -0.964448 0.264221 0.968689 0.706458
  27 -22.968488 -1.231716 0.455528 0.022826 -0.486905 0.873156 0.949119 0.818004
male.bmp
  28 -23.545591 -1.466150 0.276111 -0.005229 -0.964448 0.264221 0.968689 0.706458
  27 -22.924412 -1.368502 0.281612 0.162994 -0.954923 0.248104 0.972603 0.829746
  27 -22.968488 -1.231716 0.455528 0.022826 -0.486905 0.873156 0.949119 0.818004
male.bmp
  27 -22.968488 -1.231716 0.455528 0.022826 -0.486905 0.873156 0.949119 0.818004
  27 -22.924412 -1.368502 0.281612 0.162994 -0.954923 0.248104 0.972603 0.829746
  27 -21.998976 -1.027969 0.470837 0.022826 -0.486905 0.873156 0.951076 0.964775
male.bmp
  27 -22.924412 -1.368502 0.281612 0.162994 -0.954923 0.248104 0.972603 0.829746
  27 -21.948799 -1.197723 0.270922 0.041415 -0.948188 0.315000 0.978474 0.974560
  27 -21.998976 -1.027969 0.470837 0.022826 -0.486905 0.873156 0.951076 0.964775
male.bmp
  27 -21.998976 -1.027969 0.470837 0.022826 -0.486905 0.873156 0.951076 0.964775
  27 -21.948799 -1.197723 0.270922 0.041415 -0.948188 0.315000 0.978474 0.974560
  26 -21.911528 -1.005188 0.494239 -0.083430 -0.466982 0.880322 0.951076 0.982387
male.bmp
  27 -21.948799 -1.197723 0.270922 0.041415 -0.948188 0.315000 0.978474 0.974560
  26 -21.842195 -1.203899 0.278352 -0.067394 -0.967324 0.244423 0.978474 0.988258
  26 -21.911528 -1.005188 0.494239 -0.083430 -0.466982 0.880322 0.951076 0.982387
male.bmp
  19 -17.490533 -0.501389 -0.578609 0.554441 0.457221 0.695373 0.608611 0.739726
  19 -17.430533 -0.780885 -0.347998 0.691738 0.512664 0.508600 0.622309 0.757339
  19 -17.240532 -0.661629 -0.688259 0.863038 0.263742 0.430820 0.602740 0.749511
male.bmp
  19 -17.240532 -0.661629 -0.688259 0.863038 0.263742 0.430820 0.602740 0.749511
  19 -17.430533 -0.780885 -0.347998 0.691738 0.512664 0.508600 0.622309 0.757339
  19 -17.260533 -0.941103 -0.447647 0.894635 0.319309 0.312522 0.618395 0.767123
male.bmp
  19 -17.430533 -0.780885 -0.347998 0.691738 0.512664 0.508600 0.622309 0.757339
  19 -17.420533 -0.960513 -0.177604 0.698376 0.628867 0.341756 0.636008 0.765166
  19 -17.260533 -0.941103 -0.447647 0.894635 0.319309 0.312522 0.618395 0.767123
male.bmp
  19 -17.260533 -0.941103 -0.447647 0.894635 0.319309 0.312522 0.618395 0.767123
  19 -17.420533 -0.960513 -0.177604 0.698376 0.628867 0.341756 0.636008 0.765166
  19 -17.250533 -1.110622 -0.227276 0.898069 0.408486 0.163130 0.632094 0.774951
male.bmp
  19 -17.420533 -0.960513 -0.177604 0.698376 0.628867 0.341756 0.636008 0.765166
  19 -17.410533 -1.049944 0.082592 0.660930 0.750413 0.007146 0.651663 0.769080
  19 -17.250533 -1.110622 -0.227276 0.898069 0.408486 0.163130 0.632094 0.774951
male.bmp
  19 -17.250533 -1.110622 -0.227276 0.898069 0.408486 0.163130 0.632094 0.774951
  19 -17.410533 -1.049944 0.082592 0.660930 0.750413 0.007146 0.651663 0.769080
  19 -17.230533 -1.199944 0.082920 0.896292 0.443455 -0.003042 0.651663 0.778865
male.bmp
  19 -17.410533 -1.049944 0.082592 0.660930 0.750413 0.007146 0.651663 0.769080
  19 -17.410534 -0.999529 0.272482 0.648921 0.686547 -0.327955 0.661448 0.769080
  19 -17.230533 -1.199944 0.082920 0.896292 0.443455 -0.003042 0.651663 0.778865
male.bmp
  19 -17.230533 -1.199944 0.082920 0.896292 0.443455 -0.003042 0.651663 0.778865
  19 -17.410534 -0.999529 0.272482 0.648921 0.686547 -0.327955 0.661448 0.769080
  19 -17.240534 -1.139463 0.302788 0.886423 0.428315 -0.175502 0.663405 0.776908
male.bmp
  19 -17.410534 -0.999529 0.272482 0.648921 0.686547 -0.327955 0.661448 0.769080
  19 -17.240535 -0.838502 0.742131 0.907347 0.215475 -0.360960 0.692759 0.759295
  19 -17.240534 -1.139463 0.302788 0.886423 0.428315 -0.175502 0.663405 0.776908
male.bmp
  19 -17.240534 -1.139463 0.302788 0.886423 0.428315 -0.175502 0.663405 0.776908
  19 -17.240535 -0.838502 0.742131 0.907347 0.215475 -0.360960 0.692759 0.759295
  19 -17.230535 -0.888414 0.782241 0.800306 -0.302523 0.517677 0.694716 0.763209
male.bmp
  19 -17.240535 -0.838502 0.742131 0.907347 0.215475 -0.360960 0.692759 0.759295
  19 -17.210536 -0.058044 0.950425 0.847930 0.007537 0.530055 0.704501 0.710372
  19 -17.230535 -0.888414 0.782241 0.800306 -0.302523 0.517677 0.694716 0.763209
male.bmp
  19 -17.220535 1.130357 0.217825 0.085645 0.890639 0.446572 0.622309 0.819961
  19 -17.150534 1.239045 -0.382414 0.866654 0.498587 0.017936 0.671233 0.823875
  19 -17.200534 1.269023 -0.392479 0.173646 0.984099 -0.037367 0.673190 0.829746
male.bmp
  19 -17.200534 1.269023 -0.392479 0.173646 0.984099 -0.037367 0.673190 0.829746
  19 -17.150534 1.239045 -0.382414 0.866654 0.498587 0.017936 0.671233 0.823875
  19 -17.200534 1.198520 -0.622326 0.150479 0.875467 -0.459254 0.690802 0.821918
male.bmp
  19 -17.150534 1.239045 -0.382414 0.866654 0.498587 0.017936 0.671233 0.823875
  19 -17.150534 1.178542 -0.612282 0.866935 0.441005 -0.232248 0.686888 0.814090
  19 -17.200534 1.198520 -0.622326 0.150479 0.875467 -0.459254 0.690802 0.821918
male.bmp
  19 -17.200534 1.198520 -0.622326 0.150479 0.875467 -0.459254 0.690802 0.821918
  19 -17.150534 1.178542 -0.612282 0.866935 0.441005 -0.232248 0.686888 0.814090
  19 -17.150533 1.038148 -0.791975 0.857477 0.303491 -0.415484 0.702544 0.806262
male.bmp
  19 -17.150534 1.178542 -0.612282 0.866935 0.441005 -0.232248 0.686888 0.814090
  19 -17.170534 0.988236 -0.751866 0.844424 -0.379986 0.377569 0.698630 0.802348
  19 -17.150533 1.038148 -0.791975 0.857477 0.303491 -0.415484 0.702544 0.806262
male.bmp
  19 -17.150533 1.038148 -0.791975 0.857477 0.303491 -0.415484 0.702544 0.806262
  19 -17.170534 0.988236 -0.751866 0.844424 -0.379986 0.377569 0.698630 0.802348
  19 -17.170533 0.807865 -0.921472 0.843052 0.120009 -0.524271 0.710372 0.786693
male.bmp
  19 -17.170534 0.988236 -0.751866 0.844424 -0.379986 0.377569 0.698630 0.802348
  19 -17.190533 0.757974 -0.871363 0.858110 -0.215227 0.466181 0.706458 0.784736
  19 -17.170533 0.807865 -0.921472 0.843052 0.120009 -0.524271 0.710372 0.786693
male.bmp
  19 -17.170533 0.807865 -0.921472 0.843052 0.120009 -0.524271 0.710372 0.786693
  19 -17.190533 0.757974 -0.871363 0.858110 -0.215227 0.466181 0.706458 0.784736
  19 -17.190533 0.557756 -0.970926 0.852499 -0.022400 -0.522249 0.720157 0.769080
male.bmp
  19 -17.190533 0.757974 -0.871363 0.858110 -0.215227 0.466181 0.706458 0.784736
  19 -17.200533 0.517887 -0.910838 0.837587 -0.069762 0.541831 0.714286 0.767123
  19 -17.190533 0.557756 -0.970926 0.852499 -0.022400 -0.522249 0.720157 0.769080
male.bmp
  19 -17.190533 0.557756 -0.970926 0.852499 -0.022400 -0.522249 0.720157 0.769080
  19 -17.200533 0.517887 -0.910838 0.837587 -0.069762 0.541831 0.714286 0.767123
  19 -17.210532 -0.112177 -0.939461 0.764792 -0.541721 -0.348757 0.727984 0.718200
male.bmp
  19 -17.200533 0.517887 -0.910838 0.837587 -0.069762 0.541831 0.714286 0.767123
  19 -17.220532 -0.112067 -0.889461 0.699057 -0.475628 0.533945 0.724070 0.718200
  19 -17.210532 -0.112177 -0.939461 0.764792 -0.541721 -0.348757 0.727984 0.718200
male.bmp
  19 -17.750532 -0.292067 -0.889068 0.864386 0.302843 0.401401 0.876712 0.381605
  19 -17.750532 -0.322133 -0.919003 0.844138 -0.312610 -0.435552 0.864971 0.381605
  19 -17.750532 -0.222264 -0.979221 0.857571 -0.275150 -0.434586 0.864971 0.360078
male.bmp
  19 -17.750532 -0.222264 -0.979221 0.857571 -0.275150 -0.434586 0.864971 0.360078
  19 -17.750532 -0.322133 -0.919003 0.844138 -0.312610 -0.435552 0.864971 0.381605
  19 -17.790532 -0.232308 -0.999199 -0.027863 -0.545337 -0.837754 0.853229 0.360078
male.bmp
  19 -17.750532 -0.322133 -0.919003 0.844138 -0.312610 -0.435552 0.864971 0.381605
  19 -17.790532 -0.332177 -0.938981 -0.005711 -0.603736 -0.797164 0.853229 0.381605
  19 -17.790532 -0.232308 -0.999199 -0.027863 -0.545337 -0.837754 0.853229 0.360078
male.bmp
  19 -17.790532 -0.232308 -0.999199 -0.027863 -0.545337 -0.837754 0.853229 0.360078
  19 -17.790532 -0.332177 -0.938981 -0.005711 -0.603736 -0.797164 0.853229 0.381605
  19 -17.820532 -0.222264 -0.979221 -0.860469 -0.272548 -0.430477 0.841487 0.360078
male.bmp
  19 -17.790532 -0.332177 -0.938981 -0.005711 -0.603736 -0.797164 0.853229 0.381605
  19 -17.820532 -0.322133 -0.919003 -0.842595 -0.326209 -0.428511 0.841487 0.381605
  19 -17.820532 -0.222264 -0.979221 -0.860469 -0.272548 -0.430477 0.841487 0.360078
male.bmp
  19 -17.820532 -0.222264 -0.979221 -0.860469 -0.272548 -0.430477 0.841487 0.360078
  19 -17.820532 -0.322133 -0.919003 -0.842595 -0.326209 -0.428511 0.841487 0.381605
  19 -17.820532 -0.192199 -0.949287 -0.849503 0.282218 0.445755 0.829746 0.360078
male.bmp
  19 -17.820532 -0.322133 -0.919003 -0.842595 -0.326209 -0.428511 0.841487 0.381605
  19 -17.820532 -0.292068 -0.889068 -0.867260 0.300030 0.397293 0.829746 0.381605
  19 -17.820532 -0.192199 -0.949287 -0.849503 0.282218 0.445755 0.829746 0.360078
male.bmp
  19 -17.820532 -0.192199 -0.949287 -0.849503 0.282218 0.445755 0.829746 0.360078
  19 -17.820532 -0.292068 -0.889068 -0.867260 0.300030 0.397293 0.829746 0.381605
  19 -17.790532 -0.182177 -0.939309 -0.005659 0.534916 0.844886 0.818004 0.360078
male.bmp
  19 -17.820532 -0.292068 -0.889068 -0.867260 0.300030 0.397293 0.829746 0.381605
  19 -17.790532 -0.282024 -0.869090 -0.005674 0.604110 0.796881 0.818004 0.381605
  19 -17.790532 -0.182177 -0.939309 -0.005659 0.534916 0.844886 0.818004 0.360078
male.bmp
  19 -17.790532 -0.182177 -0.939309 -0.005659 0.534916 0.844886 0.818004 0.360078
  19 -17.790532 -0.282024 -0.869090 -0.005674 0.604110 0.796881 0.818004 0.381605
  19 -17.750532 -0.192199 -0.949287 0.863038 0.263742 0.430820 0.808219 0.360078
male.bmp
  19 -17.790532 -0.282024 -0.869090 -0.005674 0.604110 0.796881 0.818004 0.381605
  19 -17.750532 -0.292067 -0.889068 0.864386 0.302843 0.401401 0.808219 0.381605
  19 -17.750532 -0.192199 -0.949287 0.863038 0.263742 0.430820 0.808219 0.360078
male.bmp
  19 -17.750532 -0.391870 -0.798850 0.876013 0.375863 0.302206 0.876712 0.405088
  19 -17.750532 -0.421936 -0.828784 0.821284 -0.462956 -0.333413 0.864971 0.405088
  19 -17.750532 -0.322133 -0.919003 0.844138 -0.312610 -0.435552 0.864971 0.381605
male.bmp
  19 -17.750532 -0.322133 -0.919003 0.844138 -0.312610 -0.435552 0.864971 0.381605
  19 -17.750532 -0.421936 -0.828784 0.821284 -0.462956 -0.333413 0.864971 0.405088
  19 -17.790532 -0.332177 -0.938981 -0.005711 -0.603736 -0.797164 0.853229 0.381605
male.bmp
  19 -17.750532 -0.421936 -0.828784 0.821284 -0.462956 -0.333413 0.864971 0.405088
  19 -17.790532 -0.441958 -0.838740 -0.002192 -0.804852 -0.593471 0.853229 0.405088
  19 -17.790532 -0.332177 -0.938981 -0.005711 -0.603736 -0.797164 0.853229 0.381605
male.bmp
  19 -17.790532 -0.332177 -0.938981 -0.005711 -0.603736 -0.797164 0.853229 0.381605
  19 -17.790532 -0.441958 -0.838740 -0.002192 -0.804852 -0.593471 0.853229 0.405088
  19 -17.820532 -0.322133 -0.919003 -0.842595 -0.326209 -0.428511 0.841487 0.381605
male.bmp
  19 -17.790532 -0.441958 -0.838740 -0.002192 -0.804852 -0.593471 0.853229 0.405088
  19 -17.820532 -0.421936 -0.828784 -0.826590 -0.452498 -0.334656 0.841487 0.405088
  19 -17.820532 -0.322133 -0.919003 -0.842595 -0.326209 -0.428511 0.841487 0.381605
male.bmp
  19 -17.820532 -0.322133 -0.919003 -0.842595 -0.326209 -0.428511 0.841487 0.381605
  19 -17.820532 -0.421936 -0.828784 -0.826590 -0.452498 -0.334656 0.841487 0.405088
  19 -17.820532 -0.292068 -0.889068 -0.867260 0.300030 0.397293 0.829746 0.381605
male.bmp
  19 -17.820532 -0.421936 -0.828784 -0.826590 -0.452498 -0.334656 0.841487 0.405088
  19 -17.820532 -0.391871 -0.798850 -0.879236 0.372020 0.297564 0.829746 0.405088
  19 -17.820532 -0.292068 -0.889068 -0.867260 0.300030 0.397293 0.829746 0.381605
male.bmp
  19 -17.820532 -0.292068 -0.889068 -0.867260 0.300030 0.397293 0.829746 0.381605
  19 -17.820532 -0.391871 -0.798850 -0.879236 0.372020 0.297564 0.829746 0.405088
  19 -17.790532 -0.282024 -0.869090 -0.005674 0.604110 0.796881 0.818004 0.381605
male.bmp
  19 -17.820532 -0.391871 -0.798850 -0.879236 0.372020 0.297564 0.829746 0.405088
  19 -17.790532 -0.371849 -0.788894 -0.004634 0.778379 0.627778 0.818004 0.405088
  19 -17.790532 -0.282024 -0.869090 -0.005674 0.604110 0.796881 0.818004 0.381605
male.bmp
  19 -17.790532 -0.282024 -0.869090 -0.005674 0.604110 0.796881 0.818004 0.381605
  19 -17.790532 -0.371849 -0.788894 -0.004634 0.778379 0.627778 0.818004 0.405088
  19 -17.750532 -0.292067 -0.889068 0.864386 0.302843 0.401401 0.808219 0.381605
male.bmp
  19 -17.790532 -0.371849 -0.788894 -0.004634 0.778379 0.627778 0.818004 0.405088
  19 -17.750532 -0.391870 -0.798850 0.876013 0.375863 0.302206 0.808219 0.405088
  19 -17.750532 -0.292067 -0.889068 0.864386 0.302843 0.401401 0.808219 0.381605
male.bmp
  19 -17.750533 -0.461608 -0.678697 0.914863 0.352285 0.197286 0.876712 0.428571
  19 -17.750533 -0.491608 -0.678631 0.781953 -0.564282 -0.264830 0.864971 0.428571
  19 -17.750532 -0.421936 -0.828784 0.821284 -0.462956 -0.333413 0.864971 0.405088
male.bmp
  19 -17.750532 -0.421936 -0.828784 0.821284 -0.462956 -0.333413 0.864971 0.405088
  19 -17.750533 -0.491608 -0.678631 0.781953 -0.564282 -0.264830 0.864971 0.428571
  19 -17.790532 -0.441958 -0.838740 -0.002192 -0.804852 -0.593471 0.853229 0.405088
male.bmp
  19 -17.750533 -0.491608 -0.678631 0.781953 -0.564282 -0.264830 0.864971 0.428571
  19 -17.790533 -0.521586 -0.668566 -0.007637 -0.899138 -0.437599 0.853229 0.428571
  19 -17.790532 -0.441958 -0.838740 -0.002192 -0.804852 -0.593471 0.853229 0.405088
male.bmp
  19 -17.790532 -0.441958 -0.838740 -0.002192 -0.804852 -0.593471 0.853229 0.405088
  19 -17.790533 -0.521586 -0.668566 -0.007637 -0.899138 -0.437599 0.853229 0.428571
  19 -17.820532 -0.421936 -0.828784 -0.826590 -0.452498 -0.334656 0.841487 0.405088
male.bmp
  19 -17.790533 -0.521586 -0.668566 -0.007637 -0.899138 -0.437599 0.853229 0.428571
  19 -17.820533 -0.491608 -0.678632 -0.795173 -0.554643 -0.245095 0.841487 0.428571
  19 -17.820532 -0.421936 -0.828784 -0.826590 -0.452498 -0.334656 0.841487 0.405088
male.bmp
  19 -17.820532 -0.421936 -0.828784 -0.826590 -0.452498 -0.334656 0.841487 0.405088
  19 -17.820533 -0.491608 -0.678632 -0.795173 -0.554643 -0.245095 0.841487 0.428571
  19 -17.820532 -0.391871 -0.798850 -0.879236 0.372020 0.297564 0.829746 0.405088
male.bmp
  19 -17.820533 -0.491608 -0.678632 -0.795173 -0.554643 -0.245095 0.841487 0.428571
  19 -17.820533 -0.461608 -0.678697 -0.917330 0.346153 0.196683 0.829746 0.428571
  19 -17.820532 -0.391871 -0.798850 -0.879236 0.372020 0.297564 0.829746 0.405088
male.bmp
  19 -17.820532 -0.391871 -0.798850 -0.879236 0.372020 0.297564 0.829746 0.405088
  19 -17.820533 -0.461608 -0.678697 -0.917330 0.346153 0.196683 0.829746 0.428571
  19 -17.790532 -0.371849 -0.788894 -0.004634 0.778379 0.627778 0.818004 0.405088
male.bmp
  19 -17.820533 -0.461608 -0.678697 -0.917330 0.346153 0.196683 0.829746 0.428571
  19 -17.790533 -0.441608 -0.678741 -0.003373 0.870185 0.492714 0.818004 0.428571
  19 -17.790532 -0.371849 -0.788894 -0.004634 0.778379 0.627778 0.818004 0.405088
male.bmp
  19 -17.790532 -0.371849 -0.788894 -0.004634 0.778379 0.627778 0.818004 0.405088
  19 -17.790533 -0.441608 -0.678741 -0.003373 0.870185 0.492714 0.818004 0.428571
  19 -17.750532 -0.391870 -0.798850 0.876013 0.375863 0.302206 0.808219 0.405088
male.bmp
  19 -17.790533 -0.441608 -0.678741 -0.003373 0.870185 0.492714 0.818004 0.428571
  19 -17.750533 -0.461608 -0.678697 0.914863 0.352285 0.197286 0.808219 0.428571
  19 -17.750532 -0.391870 -0.798850 0.876013 0.375863 0.302206 0.808219 0.405088
male.bmp
  19 -18.000534 0.998345 -0.701890 -0.652830 0.468839 -0.594981 0.050881 0.829746
  19 -18.000533 0.827930 -0.891518 -0.690912 0.323943 -0.646298 0.070450 0.839530
  19 -18.000533 0.808039 -0.841474 -0.690912 0.323943 -0.646298 0.072407 0.829746
male.bmp
  19 -18.000533 0.808039 -0.841474 -0.690912 0.323943 -0.646298 0.072407 0.829746
  19 -18.000533 0.827930 -0.891518 -0.690912 0.323943 -0.646298 0.070450 0.839530
  19 -18.010533 0.587930 -0.890993 -0.672055 0.054238 -0.738513 0.091977 0.829746
male.bmp
  19 -18.000533 0.827930 -0.891518 -0.690912 0.323943 -0.646298 0.070450 0.839530
  19 -18.010533 0.597799 -0.951015 -0.672055 0.054238 -0.738513 0.091977 0.839530
  19 -18.010533 0.587930 -0.890993 -0.672055 0.054238 -0.738513 0.091977 0.829746
male.bmp
  19 -18.010533 0.587930 -0.890993 -0.672055 0.054238 -0.738513 0.091977 0.829746
  19 -18.010533 0.597799 -0.951015 -0.672055 0.054238 -0.738513 0.091977 0.839530
  19 -18.010532 -0.171981 -0.849331 -0.534141 -0.188564 -0.824098 0.199609 0.833659
male.bmp
  19 -18.010533 0.597799 -0.951015 -0.672055 0.054238 -0.738513 0.091977 0.839530
  19 -17.990532 -0.222090 -0.899222 -0.499914 -0.205487 -0.841345 0.199609 0.841487
  19 -18.010532 -0.171981 -0.849331 -0.534141 -0.188564 -0.824098 0.199609 0.833659
male.bmp
  19 -18.010532 -0.171981 -0.849331 -0.534141 -0.188564 -0.824098 0.199609 0.833659
  19 -17.990532 -0.222090 -0.899222 -0.499914 -0.205487 -0.841345 0.199609 0.841487
  19 -18.010532 -0.561586 -0.668479 -0.539109 -0.442470 -0.716646 0.242661 0.833659
male.bmp
  19 -17.990532 -0.222090 -0.899222 -0.499914 -0.205487 -0.841345 0.199609 0.841487
  19 -17.990532 -0.621739 -0.738348 -0.539109 -0.442470 -0.716646 0.244618 0.843444
  19 -18.010532 -0.561586 -0.668479 -0.539109 -0.442470 -0.716646 0.242661 0.833659
male.bmp
  19 -18.010532 -0.561586 -0.668479 -0.539109 -0.442470 -0.716646 0.242661 0.833659
  19 -17.990532 -0.621739 -0.738348 -0.539109 -0.442470 -0.716646 0.244618 0.843444
  19 -18.010533 -0.891017 -0.407758 -0.464800 -0.579085 -0.669793 0.287671 0.833659
male.bmp
  19 -17.990532 -0.621739 -0.738348 -0.539109 -0.442470 -0.716646 0.244618 0.843444
  19 -17.980532 -0.961191 -0.487605 -0.537431 -0.587234 -0.605247 0.287671 0.843444
  19 -18.010533 -0.891017 -0.407758 -0.464800 -0.579085 -0.669793 0.287671 0.833659
male.bmp
  19 -18.010533 -0.891017 -0.407758 -0.464800 -0.579085 -0.669793 0.287671 0.833659
  19 -17.980532 -0.961191 -0.487605 -0.537431 -0.587234 -0.605247 0.287671 0.843444
  19 -17.990533 -1.120732 -0.277255 -0.553178 -0.739995 -0.382624 0.305284 0.841487
male.bmp
  19 -17.980532 -0.961191 -0.487605 -0.537431 -0.587234 -0.605247 0.287671 0.843444
  19 -17.630533 -0.941060 -0.427648 0.692626 -0.514654 -0.505371 0.283757 0.888454
  19 -17.990533 -1.120732 -0.277255 -0.553178 -0.739995 -0.382624 0.305284 0.841487
male.bmp
  15 19.274091 -1.848156 -0.553764 -0.756864 -0.450189 -0.473801 0.720157 0.833659
  15 19.897849 -1.791322 -0.918997 -0.025724 -0.131167 -0.991026 0.782779 0.819961
  16 19.595587 -2.291749 -0.599434 -0.731971 -0.506447 -0.455774 0.737769 0.780822
male.bmp
  16 19.595587 -2.291749 -0.599434 -0.731971 -0.506447 -0.455774 0.737769 0.780822
  15 19.897849 -1.791322 -0.918997 -0.025724 -0.131167 -0.991026 0.782779 0.819961
  16 20.054855 -2.226426 -0.862694 -0.067834 -0.108716 -0.991756 0.784736 0.772994
male.bmp
  15 19.897849 -1.791322 -0.918997 -0.025724 -0.131167 -0.991026 0.782779 0.819961
  15 20.498138 -1.659672 -0.636117 0.686239 0.111717 -0.718746 0.845401 0.814090
  16 20.054855 -2.226426 -0.862694 -0.067834 -0.108716 -0.991756 0.784736 0.772994
male.bmp
  16 20.054855 -2.226426 -0.862694 -0.067834 -0.108716 -0.991756 0.784736 0.772994
  15 20.498138 -1.659672 -0.636117 0.686239 0.111717 -0.718746 0.845401 0.814090
  16 20.541243 -2.022229 -0.689401 0.660190 0.149295 -0.736111 0.839530 0.776908
male.bmp
  15 20.498138 -1.659672 -0.636117 0.686239 0.111717 -0.718746 0.845401 0.814090
  16 20.684953 -1.918568 -0.261030 0.990895 0.006039 -0.134501 0.857143 0.782779
  16 20.541243 -2.022229 -0.689401 0.660190 0.149295 -0.736111 0.839530 0.776908
male.bmp
  16 20.541243 -2.022229 -0.689401 0.660190 0.149295 -0.736111 0.839530 0.776908
  16 20.684953 -1.918568 -0.261030 0.990895 0.006039 -0.134501 0.857143 0.782779
  16 20.606626 -2.552152 -0.703790 0.617541 0.148232 -0.772445 0.829746 0.724070
male.bmp
  16 20.684953 -1.918568 -0.261030 0.990895 0.006039 -0.134501 0.857143 0.782779
  16 20.703081 -2.509095 -0.516861 0.926586 0.173298 -0.333777 0.843444 0.726027
  16 20.606626 -2.552152 -0.703790 0.617541 0.148232 -0.772445 0.829746 0.724070
male.bmp
  16 20.606626 -2.552152 -0.703790 0.617541 0.148232 -0.772445 0.829746 0.724070
  16 20.703081 -2.509095 -0.516861 0.926586 0.173298 -0.333777 0.843444 0.726027
  16 20.721323 -2.910634 -0.692170 0.700490 -0.400465 -0.590712 0.829746 0.686888
male.bmp
  16 20.703081 -2.509095 -0.516861 0.926586 0.173298 -0.333777 0.843444 0.726027
  16 20.775777 -2.943779 -0.384703 0.885772 -0.453443 0.098986 0.847358 0.684932
  16 20.721323 -2.910634 -0.692170 0.700490 -0.400465 -0.590712 0.829746 0.686888
male.bmp
  16 20.721323 -2.910634 -0.692170 0.700490 -0.400465 -0.590712 0.829746 0.686888
  16 20.775777 -2.943779 -0.384703 0.885772 -0.453443 0.098986 0.847358 0.684932
  16 20.737925 -2.957557 -0.375907 0.459716 -0.887904 0.016956 0.849315 0.681018
male.bmp
  12 21.870716 1.979472 -0.483923 0.708702 0.597251 -0.375544 0.667319 0.385519
  12 21.803851 2.040470 -0.514062 0.138932 0.882125 -0.450059 0.673190 0.383562
  12 21.896484 2.049120 -0.293961 0.557966 0.817128 0.144830 0.659491 0.371820
male.bmp
  12 21.896484 2.049120 -0.293961 0.557966 0.817128 0.144830 0.659491 0.371820
  12 21.803851 2.040470 -0.514062 0.138932 0.882125 -0.450059 0.673190 0.383562
  12 21.840815 2.075779 -0.262493 0.084904 0.920885 0.380476 0.667319 0.369863
male.bmp
  12 21.803851 2.040470 -0.514062 0.138932 0.882125 -0.450059 0.673190 0.383562
  12 20.938672 1.694909 -0.455305 -0.267388 0.914070 -0.304927 0.753425 0.354207
  12 21.840815 2.075779 -0.262493 0.084904 0.920885 0.380476 0.667319 0.369863
male.bmp
  12 21.840815 2.075779 -0.262493 0.084904 0.920885 0.380476 0.667319 0.369863
  12 20.938672 1.694909 -0.455305 -0.267388 0.914070 -0.304927 0.753425 0.354207
  2 20.973178 1.702985 -0.194518 -0.264116 0.817412 0.511938 0.747554 0.340509
male.bmp
  12 20.938672 1.694909 -0.455305 -0.267388 0.914070 -0.304927 0.753425 0.354207
  2 20.560595 1.600713 -0.589252 -0.171387 0.841186 -0.512868 0.784736 0.352250
  2 20.973178 1.702985 -0.194518 -0.264116 0.817412 0.511938 0.747554 0.340509
male.bmp
  2 20.973178 1.702985 -0.194518 -0.264116 0.817412 0.511938 0.747554 0.340509
  2 20.560595 1.600713 -0.589252 -0.171387 0.841186 -0.512868 0.784736 0.352250
  2 20.621371 1.595317 -0.182710 -0.183982 0.866944 0.463205 0.780822 0.332681
male.bmp
  2 20.560595 1.600713 -0.589252 -0.171387 0.841186 -0.512868 0.784736 0.352250
  2 19.625600 1.459489 -0.288021 -0.274903 0.960038 0.052500 0.866928 0.315068
  2 20.621371 1.595317 -0.182710 -0.183982 0.866944 0.463205 0.780822 0.332681
male.bmp
  2 20.621371 1.595317 -0.182710 -0.183982 0.866944 0.463205 0.780822 0.332681
  2 19.625600 1.459489 -0.288021 -0.274903 0.960038 0.052500 0.866928 0.315068
  2 20.774290 1.229189 0.171079 0.037016 0.610121 0.791443 0.769080 0.299413
male.bmp
  2 19.625600 1.459489 -0.288021 -0.274903 0.960038 0.052500 0.866928 0.315068
  2 19.563573 1.090825 0.261196 -0.136273 0.704119 0.696883 0.878669 0.281800
  2 20.774290 1.229189 0.171079 0.037016 0.610121 0.791443 0.769080 0.299413
male.bmp
  2 20.774290 1.229189 0.171079 0.037016 0.610121 0.791443 0.769080 0.299413
  2 19.563573 1.090825 0.261196 -0.136273 0.704119 0.696883 0.878669 0.281800
  2 20.813969 0.704213 0.512877 0.141384 0.404733 0.903439 0.769080 0.250489
male.bmp
  2 18.227224 0.387346 -0.913367 -0.686749 0.008064 -0.726850 0.105675 0.890411
  2 18.217224 0.397346 -0.963367 -0.686749 0.008064 -0.726850 0.105675 0.886497
  2 18.217224 -0.412654 -0.853365 -0.722171 -0.167925 -0.671021 0.201566 0.890411
male.bmp
  2 18.217224 -0.412654 -0.853365 -0.722171 -0.167925 -0.671021 0.201566 0.890411
  2 18.217224 0.397346 -0.963367 -0.686749 0.008064 -0.726850 0.105675 0.886497
  2 18.607224 0.427346 -0.953368 0.672072 0.054235 -0.738497 0.091977 0.839530
male.bmp
  2 18.217224 0.397346 -0.963367 -0.686749 0.008064 -0.726850 0.105675 0.886497
  2 18.217224 0.647346 -0.923368 -0.629679 0.273101 -0.727269 0.082192 0.886497
  2 18.607224 0.427346 -0.953368 0.672072 0.054235 -0.738497 0.091977 0.839530
male.bmp
  2 18.607224 0.427346 -0.953368 0.672072 0.054235 -0.738497 0.091977 0.839530
  2 18.217224 0.647346 -0.923368 -0.629679 0.273101 -0.727269 0.082192 0.886497
  2 18.597224 0.667346 -0.893369 0.690926 0.323943 -0.646283 0.070450 0.839530
male.bmp
  2 18.217224 0.647346 -0.923368 -0.629679 0.273101 -0.727269 0.082192 0.886497
  2 18.227224 0.867346 -0.783368 -0.577853 0.525141 -0.624750 0.058708 0.884540
  2 18.597224 0.667346 -0.893369 0.690926 0.323943 -0.646283 0.070450 0.839530
male.bmp
  2 18.597224 0.667346 -0.893369 0.690926 0.323943 -0.646283 0.070450 0.839530
  2 18.227224 0.867346 -0.783368 -0.577853 0.525141 -0.624750 0.058708 0.884540
  2 18.597224 0.877346 -0.753369 0.699823 0.462883 -0.544046 0.050881 0.837573
male.bmp
  2 18.227224 0.867346 -0.783368 -0.577853 0.525141 -0.624750 0.058708 0.884540
  2 18.227225 1.017347 -0.613369 -0.575079 0.698680 -0.425594 0.039139 0.884540
  2 18.597224 0.877346 -0.753369 0.699823 0.462883 -0.544046 0.050881 0.837573
male.bmp
  2 18.597224 0.877346 -0.753369 0.699823 0.462883 -0.544046 0.050881 0.837573
  2 18.227225 1.017347 -0.613369 -0.575079 0.698680 -0.425594 0.039139 0.884540
  2 18.597225 1.047347 -0.583370 0.657533 0.636522 -0.403099 0.031311 0.837573
male.bmp
  2 18.227225 1.017347 -0.613369 -0.575079 0.698680 -0.425594 0.039139 0.884540
  2 18.227225 1.087347 -0.403369 -0.582248 0.812821 -0.017582 0.019569 0.884540
  2 18.597225 1.047347 -0.583370 0.657533 0.636522 -0.403099 0.031311 0.837573
male.bmp
  2 18.597225 1.047347 -0.583370 0.657533 0.636522 -0.403099 0.031311 0.837573
  2 18.227225 1.087347 -0.403369 -0.582248 0.812821 -0.017582 0.019569 0.884540
  2 18.597225 1.127347 -0.383370 0.605083 0.795913 -0.019947 0.011742 0.835616
male.bmp
  19 -17.470534 -0.999485 0.292482 -0.076145 -0.899614 0.429996 0.056751 0.015656
  18 -15.963664 -1.122147 0.124541 -0.098190 -0.986803 -0.128760 0.072407 0.107632
  18 -16.052503 -1.075211 0.395474 -0.115242 -0.906292 0.406638 0.060665 0.107632
male.bmp
  18 -16.052503 -1.075211 0.395474 -0.115242 -0.906292 0.406638 0.060665 0.107632
  18 -15.963664 -1.122147 0.124541 -0.098190 -0.986803 -0.128760 0.072407 0.107632
  18 -14.150582 -1.349298 0.553187 -0.092509 -0.946402 0.309461 0.043053 0.217221
male.bmp
  18 -15.963664 -1.122147 0.124541 -0.098190 -0.986803 -0.128760 0.072407 0.107632
  18 -14.035031 -1.270516 -0.276657 -0.080743 -0.913675 -0.398344 0.080235 0.221135
  18 -14.150582 -1.349298 0.553187 -0.092509 -0.946402 0.309461 0.043053 0.217221
male.bmp
  18 -14.150582 -1.349298 0.553187 -0.092509 -0.946402 0.309461 0.043053 0.217221
  18 -14.035031 -1.270516 -0.276657 -0.080743 -0.913675 -0.398344 0.080235 0.221135
  18 -12.309558 -1.383738 0.723604 -0.047727 -0.928284 0.368796 0.025440 0.326810
male.bmp
  18 -14.035031 -1.270516 -0.276657 -0.080743 -0.913675 -0.398344 0.080235 0.221135
  18 -12.224436 -1.423268 -0.287282 -0.052910 -0.947151 -0.316395 0.068493 0.326810
  18 -12.309558 -1.383738 0.723604 -0.047727 -0.928284 0.368796 0.025440 0.326810
male.bmp
  18 -12.309558 -1.383738 0.723604 -0.047727 -0.928284 0.368796 0.025440 0.326810
  18 -12.224436 -1.423268 -0.287282 -0.052910 -0.947151 -0.316395 0.068493 0.326810
  18 -9.549578 -1.432296 0.669250 0.030314 -0.929665 0.367158 0.015656 0.473581
male.bmp
  18 -12.224436 -1.423268 -0.287282 -0.052910 -0.947151 -0.316395 0.068493 0.326810
  18 -9.504183 -1.452688 -0.271241 -0.011270 -0.958418 -0.285144 0.058708 0.471624
  18 -9.549578 -1.432296 0.669250 0.030314 -0.929665 0.367158 0.015656 0.473581
male.bmp
  18 -9.549578 -1.432296 0.669250 0.030314 -0.929665 0.367158 0.015656 0.473581
  18 -9.504183 -1.452688 -0.271241 -0.011270 -0.958418 -0.285144 0.058708 0.471624
  18 -8.909649 -1.389939 0.686460 -0.173058 -0.889524 0.422844 0.007828 0.502935
male.bmp
  18 -9.504183 -1.452688 -0.271241 -0.011270 -0.958418 -0.285144 0.058708 0.471624
  18 -8.913875 -1.480727 -0.234485 -0.214479 -0.951359 -0.221166 0.052838 0.497065
  18 -8.909649 -1.389939 0.686460 -0.173058 -0.889524 0.422844 0.007828 0.502935
male.bmp
  18 -8.909649 -1.389939 0.686460 -0.173058 -0.889524 0.422844 0.007828 0.502935
  18 -8.913875 -1.480727 -0.234485 -0.214479 -0.951359 -0.221166 0.052838 0.497065
  18 -8.434404 -1.583921 0.716097 -0.272524 -0.865694 0.419886 0.007828 0.528376
male.bmp
  13 22.074164 1.927484 -0.211898 -0.135953 0.273781 0.952135 0.919765 0.964775
  13 22.807199 2.303706 -0.207711 -0.029819 0.349046 0.936631 0.921722 0.814090
  13 22.723977 2.404546 -0.311178 -0.300962 0.812148 0.499837 0.894325 0.814090
male.bmp
  13 22.723977 2.404546 -0.311178 -0.300962 0.812148 0.499837 0.894325 0.814090
  13 22.807199 2.303706 -0.207711 -0.029819 0.349046 0.936631 0.921722 0.814090
  14 23.026880 2.531341 -0.383586 -0.286046 0.863777 0.414809 0.896282 0.747554
male.bmp
  13 22.807199 2.303706 -0.207711 -0.029819 0.349046 0.936631 0.921722 0.814090
  14 23.037919 2.427851 -0.278857 -0.024702 0.424666 0.905013 0.921722 0.751468
  14 23.026880 2.531341 -0.383586 -0.286046 0.863777 0.414809 0.896282 0.747554
male.bmp
  14 23.026880 2.531341 -0.383586 -0.286046 0.863777 0.414809 0.896282 0.747554
  14 23.037919 2.427851 -0.278857 -0.024702 0.424666 0.905013 0.921722 0.751468
  14 23.237095 2.605293 -0.389958 -0.037838 0.928896 0.368403 0.894325 0.694716
male.bmp
  14 23.037919 2.427851 -0.278857 -0.024702 0.424666 0.905013 0.921722 0.751468
  14 23.323905 2.548720 -0.301282 0.562809 0.596389 0.572334 0.925636 0.681018
  14 23.237095 2.605293 -0.389958 -0.037838 0.928896 0.368403 0.894325 0.694716
male.bmp
  14 23.237095 2.605293 -0.389958 -0.037838 0.928896 0.368403 0.894325 0.694716
  14 23.323905 2.548720 -0.301282 0.562809 0.596389 0.572334 0.925636 0.681018
  14 23.327790 2.531368 -0.327432 0.851817 0.453491 0.262209 0.923679 0.671233
male.bmp
  14 23.323905 2.548720 -0.301282 0.562809 0.596389 0.572334 0.925636 0.681018
  14 23.337258 2.383050 -0.292617 0.483448 -0.211649 0.849402 0.956947 0.688845
  14 23.327790 2.531368 -0.327432 0.851817 0.453491 0.262209 0.923679 0.671233
male.bmp
  14 23.327790 2.531368 -0.327432 0.851817 0.453491 0.262209 0.923679 0.671233
  14 23.337258 2.383050 -0.292617 0.483448 -0.211649 0.849402 0.956947 0.688845
  14 23.407152 2.396627 -0.371550 0.945406 -0.207304 0.251461 0.956947 0.673190
male.bmp
  14 23.337258 2.383050 -0.292617 0.483448 -0.211649 0.849402 0.956947 0.688845
  14 23.330968 2.298160 -0.371065 0.582339 -0.732495 0.352608 0.968689 0.706458
  14 23.407152 2.396627 -0.371550 0.945406 -0.207304 0.251461 0.956947 0.673190
male.bmp
  16 19.595587 -2.291749 -0.599434 -0.731971 -0.506447 -0.455774 0.604697 0.892368
  16 19.598366 -2.277695 -0.485879 -0.816988 -0.576260 -0.021358 0.596869 0.888454
  15 19.274091 -1.848156 -0.553764 -0.756864 -0.450189 -0.473801 0.628180 0.849315
male.bmp
  15 19.274091 -1.848156 -0.553764 -0.756864 -0.450189 -0.473801 0.628180 0.849315
  16 19.598366 -2.277695 -0.485879 -0.816988 -0.576260 -0.021358 0.596869 0.888454
  15 19.285908 -1.866830 -0.405064 -0.822511 -0.564884 -0.066195 0.620352 0.845401
male.bmp
  16 19.598366 -2.277695 -0.485879 -0.816988 -0.576260 -0.021358 0.596869 0.888454
  16 19.603638 -2.302706 -0.388685 -0.823440 -0.565379 0.047891 0.590998 0.886497
  15 19.285908 -1.866830 -0.405064 -0.822511 -0.564884 -0.066195 0.620352 0.845401
male.bmp
  15 19.285908 -1.866830 -0.405064 -0.822511 -0.564884 -0.066195 0.620352 0.845401
  16 19.603638 -2.302706 -0.388685 -0.823440 -0.565379 0.047891 0.590998 0.886497
  15 19.303093 -1.931266 -0.293472 -0.798353 -0.602190 -0.000639 0.612524 0.841487
male.bmp
  16 19.603638 -2.302706 -0.388685 -0.823440 -0.565379 0.047891 0.590998 0.886497
  16 19.603925 -2.249586 -0.258769 -0.743175 -0.600616 0.294876 0.583170 0.882583
  15 19.303093 -1.931266 -0.293472 -0.798353 -0.602190 -0.000639 0.612524 0.841487
male.bmp
  15 19.303093 -1.931266 -0.293472 -0.798353 -0.602190 -0.000639 0.612524 0.841487
  16 19.603925 -2.249586 -0.258769 -0.743175 -0.600616 0.294876 0.583170 0.882583
  15 19.321976 -1.909081 -0.118683 -0.703569 -0.616063 0.354198 0.604697 0.837573
male.bmp
  16 19.603925 -2.249586 -0.258769 -0.743175 -0.600616 0.294876 0.583170 0.882583
  16 19.786061 -2.258667 0.090149 -0.479629 -0.525259 0.702893 0.553816 0.882583
  15 19.321976 -1.909081 -0.118683 -0.703569 -0.616063 0.354198 0.604697 0.837573
male.bmp
  15 19.321976 -1.909081 -0.118683 -0.703569 -0.616063 0.354198 0.604697 0.837573
  16 19.786061 -2.258667 0.090149 -0.479629 -0.525259 0.702893 0.553816 0.882583
  15 19.559739 -1.767759 0.231883 -0.421810 -0.524639 0.739479 0.571429 0.829746
male.bmp
  16 19.786061 -2.258667 0.090149 -0.479629 -0.525259 0.702893 0.553816 0.882583
  15 20.065182 -1.567028 0.485920 -0.017226 -0.360580 0.932569 0.516634 0.816047
  15 19.559739 -1.767759 0.231883 -0.421810 -0.524639 0.739479 0.571429 0.829746
male.bmp
  2 18.607224 0.417346 -0.883368 0.672072 0.054235 -0.738497 0.821918 0.438356
  2 18.929208 -0.177299 -0.908395 -0.013108 -0.157514 -0.987430 0.818004 0.499022
  2 18.607224 -0.342654 -0.843366 0.534160 -0.188565 -0.824085 0.849315 0.500978
male.bmp
  2 18.607224 -0.342654 -0.843366 0.534160 -0.188565 -0.824085 0.849315 0.500978
  2 18.929208 -0.177299 -0.908395 -0.013108 -0.157514 -0.987430 0.818004 0.499022
  2 18.943343 -0.701084 -0.774794 -0.126001 -0.372296 -0.919521 0.833659 0.540117
male.bmp
  2 18.929208 -0.177299 -0.908395 -0.013108 -0.157514 -0.987430 0.818004 0.499022
  2 19.462779 -0.081793 -0.849393 0.223223 -0.165956 -0.960536 0.771037 0.506849
  2 18.943343 -0.701084 -0.774794 -0.126001 -0.372296 -0.919521 0.833659 0.540117
male.bmp
  2 18.943343 -0.701084 -0.774794 -0.126001 -0.372296 -0.919521 0.833659 0.540117
  2 19.462779 -0.081793 -0.849393 0.223223 -0.165956 -0.960536 0.771037 0.506849
  2 19.542500 -0.682045 -0.830906 0.062931 0.020559 -0.997806 0.784736 0.561644
male.bmp
  2 19.462779 -0.081793 -0.849393 0.223223 -0.165956 -0.960536 0.771037 0.506849
  2 20.172670 -0.043122 -0.518397 0.326088 -0.225017 -0.918169 0.710372 0.528376
  2 19.542500 -0.682045 -0.830906 0.062931 0.020559 -0.997806 0.784736 0.561644
male.bmp
  2 19.542500 -0.682045 -0.830906 0.062931 0.020559 -0.997806 0.784736 0.561644
  2 20.172670 -0.043122 -0.518397 0.326088 -0.225017 -0.918169 0.710372 0.528376
  2 20.498996 -0.860567 -0.485299 0.439296 0.052306 -0.896818 0.710372 0.606654
male.bmp
  2 20.172670 -0.043122 -0.518397 0.326088 -0.225017 -0.918169 0.710372 0.528376
  2 21.191212 -0.565493 -0.240006 0.223223 -0.165956 -0.960536 0.643836 0.606654
  2 20.498996 -0.860567 -0.485299 0.439296 0.052306 -0.896818 0.710372 0.606654
male.bmp
  2 20.498996 -0.860567 -0.485299 0.439296 0.052306 -0.896818 0.710372 0.606654
  2 21.191212 -0.565493 -0.240006 0.223223 -0.165956 -0.960536 0.643836 0.606654
  2 21.122154 -1.352384 -0.046790 0.378032 -0.756567 -0.533571 0.675147 0.669276
male.bmp
  2 21.191212 -0.565493 -0.240006 0.223223 -0.165956 -0.960536 0.643836 0.606654
  9 21.477054 -1.270419 -0.075980 0.034823 -0.724326 -0.688578 0.643836 0.673190
  2 21.122154 -1.352384 -0.046790 0.378032 -0.756567 -0.533571 0.675147 0.669276
male.bmp
  2 17.807227 -0.222649 0.946635 -0.847940 0.007538 0.530038 0.565558 0.722114
  2 17.807227 0.437350 0.786633 -0.819779 0.270387 0.504831 0.579256 0.774951
  2 17.817227 -0.222649 0.896635 -0.852486 -0.022400 -0.522270 0.569472 0.722114
male.bmp
  2 17.817227 -0.222649 0.896635 -0.852486 -0.022400 -0.522270 0.569472 0.722114
  2 17.807227 0.437350 0.786633 -0.819779 0.270387 0.504831 0.579256 0.774951
  2 17.817227 0.407350 0.746633 -0.900101 -0.250188 -0.356685 0.581213 0.772994
male.bmp
  2 17.807227 0.437350 0.786633 -0.819779 0.270387 0.504831 0.579256 0.774951
  2 17.777226 0.937349 0.216632 -0.830147 0.470326 0.299415 0.624266 0.814090
  2 17.817227 0.407350 0.746633 -0.900101 -0.250188 -0.356685 0.581213 0.772994
male.bmp
  2 17.817227 0.407350 0.746633 -0.900101 -0.250188 -0.356685 0.581213 0.772994
  2 17.777226 0.937349 0.216632 -0.830147 0.470326 0.299415 0.624266 0.814090
  2 17.787226 0.887349 0.206632 -0.910580 -0.383357 -0.154538 0.624266 0.810176
male.bmp
  2 17.777226 0.937349 0.216632 -0.830147 0.470326 0.299415 0.624266 0.814090
  2 17.747225 1.077348 -0.383368 -0.866653 0.498590 0.017917 0.671233 0.823875
  2 17.787226 0.887349 0.206632 -0.910580 -0.383357 -0.154538 0.624266 0.810176
male.bmp
  2 17.787226 0.887349 0.206632 -0.910580 -0.383357 -0.154538 0.624266 0.810176
  2 17.747225 1.077348 -0.383368 -0.866653 0.498590 0.017917 0.671233 0.823875
  2 17.757225 1.007348 -0.353368 -0.877005 -0.480482 0.000415 0.669276 0.818004
male.bmp
  2 17.747225 1.077348 -0.383368 -0.866653 0.498590 0.017917 0.671233 0.823875
  2 17.747225 1.017347 -0.603368 -0.866928 0.441007 -0.232267 0.686888 0.814090
  2 17.757225 1.007348 -0.353368 -0.877005 -0.480482 0.000415 0.669276 0.818004
male.bmp
  2 17.757225 1.007348 -0.353368 -0.877005 -0.480482 0.000415 0.669276 0.818004
  2 17.747225 1.017347 -0.603368 -0.866928 0.441007 -0.232267 0.686888 0.814090
  2 17.767225 0.957347 -0.573368 -0.856274 -0.473822 0.205637 0.684932 0.810176
male.bmp
  2 17.747225 1.017347 -0.603368 -0.866928 0.441007 -0.232267 0.686888 0.814090
  2 17.767224 0.817347 -0.753367 -0.844433 -0.379985 0.377551 0.698630 0.802348
  2 17.767225 0.957347 -0.573368 -0.856274 -0.473822 0.205637 0.684932 0.810176
male.bmp
  2 17.987225 -0.982652 -0.363363 0.059301 -0.710392 -0.701304 0.101761 0.023483
  1 16.459748 -0.811820 -0.687109 0.097296 -0.592507 -0.799668 0.121331 0.115460
  2 18.077224 -0.692653 -0.593364 0.087248 -0.468030 -0.879395 0.121331 0.021526
male.bmp
  2 18.077224 -0.692653 -0.593364 0.087248 -0.468030 -0.879395 0.121331 0.021526
  1 16.459748 -0.811820 -0.687109 0.097296 -0.592507 -0.799668 0.121331 0.115460
  1 16.407940 -0.452055 -0.827057 0.110644 -0.427159 -0.897381 0.136986 0.117417
male.bmp
  1 16.459748 -0.811820 -0.687109 0.097296 -0.592507 -0.799668 0.121331 0.115460
  1 14.539358 -0.869532 -0.911991 0.097296 -0.592507 -0.799668 0.119374 0.227006
  1 16.407940 -0.452055 -0.827057 0.110644 -0.427159 -0.897381 0.136986 0.117417
male.bmp
  1 16.407940 -0.452055 -0.827057 0.110644 -0.427159 -0.897381 0.136986 0.117417
  1 14.539358 -0.869532 -0.911991 0.097296 -0.592507 -0.799668 0.119374 0.227006
  1 16.396783 -0.242125 -0.947077 0.107539 -0.156262 -0.981844 0.150685 0.119374
male.bmp
  1 14.539358 -0.869532 -0.911991 0.097296 -0.592507 -0.799668 0.119374 0.227006
  1 14.486739 -0.379794 -1.161967 0.100544 -0.260198 -0.960306 0.144814 0.228963
  1 16.396783 -0.242125 -0.947077 0.107539 -0.156262 -0.981844 0.150685 0.119374
male.bmp
  1 16.396783 -0.242125 -0.947077 0.107539 -0.156262 -0.981844 0.150685 0.119374
  1 14.486739 -0.379794 -1.161967 0.100544 -0.260198 -0.960306 0.144814 0.228963
  1 16.386106 -0.052159 -0.917093 0.107786 -0.014572 -0.994067 0.160470 0.119374
male.bmp
  1 14.486739 -0.379794 -1.161967 0.100544 -0.260198 -0.960306 0.144814 0.228963
  1 14.463774 0.310102 -1.242069 0.089198 0.224631 -0.970353 0.183953 0.230920
  1 16.386106 -0.052159 -0.917093 0.107786 -0.014572 -0.994067 0.160470 0.119374
male.bmp
  1 16.386106 -0.052159 -0.917093 0.107786 -0.014572 -0.994067 0.160470 0.119374
  1 14.463774 0.310102 -1.242069 0.089198 0.224631 -0.970353 0.183953 0.230920
  1 16.374204 0.357774 -1.017159 0.105533 0.173587 -0.979148 0.183953 0.119374
male.bmp
  1 14.463774 0.310102 -1.242069 0.089198 0.224631 -0.970353 0.183953 0.230920
  1 16.383672 0.597849 -0.857240 0.065992 0.581110 -0.811145 0.205479 0.123288
  1 16.374204 0.357774 -1.017159 0.105533 0.173587 -0.979148 0.183953 0.119374
male.bmp
  1 16.471715 -0.171385 1.012714 0.168755 0.097519 0.980822 0.354207 0.125245
  1 14.638092 0.721304 0.997379 0.147017 0.648781 0.746639 0.318982 0.232877
  1 14.642201 -0.088612 1.327560 0.168755 0.097519 0.980822 0.362035 0.230920
male.bmp
  1 14.642201 -0.088612 1.327560 0.168755 0.097519 0.980822 0.362035 0.230920
  1 14.638092 0.721304 0.997379 0.147017 0.648781 0.746639 0.318982 0.232877
  1 12.812781 -0.075855 1.572422 0.034474 0.150705 0.987978 0.373777 0.338552
male.bmp
  1 14.638092 0.721304 0.997379 0.147017 0.648781 0.746639 0.318982 0.232877
  1 12.787768 0.893957 1.142258 0.031122 0.696890 0.716502 0.326810 0.340509
  1 12.812781 -0.075855 1.572422 0.034474 0.150705 0.987978 0.373777 0.338552
male.bmp
  1 12.812781 -0.075855 1.572422 0.034474 0.150705 0.987978 0.373777 0.338552
  1 12.787768 0.893957 1.142258 0.031122 0.696890 0.716502 0.326810 0.340509
  1 10.042786 -0.166933 1.449808 -0.025614 0.072473 0.997041 0.377691 0.473581
male.bmp
  1 12.787768 0.893957 1.142258 0.031122 0.696890 0.716502 0.326810 0.340509
  1 9.998292 0.772834 1.169704 0.123227 0.593024 0.795700 0.334638 0.473581
  1 10.042786 -0.166933 1.449808 -0.025614 0.072473 0.997041 0.377691 0.473581
male.bmp
  1 10.042786 -0.166933 1.449808 -0.025614 0.072473 0.997041 0.377691 0.473581
  1 9.998292 0.772834 1.169704 0.123227 0.593024 0.795700 0.334638 0.473581
  1 9.410766 -0.089912 1.427626 0.057145 0.055118 0.996843 0.377691 0.502935
male.bmp
  1 9.998292 0.772834 1.169704 0.123227 0.593024 0.795700 0.334638 0.473581
  1 9.310766 0.830088 1.397622 0.004700 0.523438 0.852051 0.338552 0.502935
  1 9.410766 -0.089912 1.427626 0.057145 0.055118 0.996843 0.377691 0.502935
male.bmp
  1 9.410766 -0.089912 1.427626 0.057145 0.055118 0.996843 0.377691 0.502935
  1 9.310766 0.830088 1.397622 0.004700 0.523438 0.852051 0.338552 0.502935
  1 8.610770 0.700088 1.247605 -0.125160 0.596805 0.792565 0.338552 0.532290
male.bmp
  1 9.310766 0.830088 1.397622 0.004700 0.523438 0.852051 0.338552 0.502935
  1 8.440791 1.160087 0.367601 -0.165504 0.979945 0.110980 0.285714 0.540117
  1 8.610770 0.700088 1.247605 -0.125160 0.596805 0.792565 0.338552 0.532290
male.bmp
  2 17.997225 -1.142652 -0.183363 0.034181 -0.885854 -0.462702 0.086106 0.019569
  1 16.511901 -1.091526 -0.297181 0.085007 -0.852963 -0.515003 0.099804 0.111546
  2 17.987225 -0.982652 -0.363363 0.059301 -0.710392 -0.701304 0.101761 0.023483
male.bmp
  2 17.987225 -0.982652 -0.363363 0.059301 -0.710392 -0.701304 0.101761 0.023483
  1 16.511901 -1.091526 -0.297181 0.085007 -0.852963 -0.515003 0.099804 0.111546
  1 16.459748 -0.811820 -0.687109 0.097296 -0.592507 -0.799668 0.121331 0.115460
male.bmp
  1 16.511901 -1.091526 -0.297181 0.085007 -0.852963 -0.515003 0.099804 0.111546
  1 14.633293 -1.429018 -0.272106 0.080752 -0.913676 -0.398341 0.080235 0.221135
  1 16.459748 -0.811820 -0.687109 0.097296 -0.592507 -0.799668 0.121331 0.115460
male.bmp
  1 16.459748 -0.811820 -0.687109 0.097296 -0.592507 -0.799668 0.121331 0.115460
  1 14.633293 -1.429018 -0.272106 0.080752 -0.913676 -0.398341 0.080235 0.221135
  1 14.539358 -0.869532 -0.911991 0.097296 -0.592507 -0.799668 0.119374 0.227006
male.bmp
  1 14.633293 -1.429018 -0.272106 0.080752 -0.913676 -0.398341 0.080235 0.221135
  1 12.823885 -1.586238 -0.277258 0.052918 -0.947151 -0.316393 0.068493 0.326810
  1 14.539358 -0.869532 -0.911991 0.097296 -0.592507 -0.799668 0.119374 0.227006
male.bmp
  1 14.539358 -0.869532 -0.911991 0.097296 -0.592507 -0.799668 0.119374 0.227006
  1 12.823885 -1.586238 -0.277258 0.052918 -0.947151 -0.316393 0.068493 0.326810
  1 12.618862 -0.907247 -1.146876 0.049209 -0.526154 -0.848964 0.121331 0.338552
male.bmp
  1 12.823885 -1.586238 -0.277258 0.052918 -0.947151 -0.316393 0.068493 0.326810
  1 10.093997 -1.617127 -0.269993 0.011276 -0.958419 -0.285143 0.058708 0.471624
  1 12.618862 -0.907247 -1.146876 0.049209 -0.526154 -0.848964 0.121331 0.338552
male.bmp
  1 12.618862 -0.907247 -1.146876 0.049209 -0.526154 -0.848964 0.121331 0.338552
  1 10.093997 -1.617127 -0.269993 0.011276 -0.958419 -0.285143 0.058708 0.471624
  1 10.019650 -1.067602 -1.079928 0.045846 -0.579424 -0.813736 0.107632 0.471624
male.bmp
  1 10.093997 -1.617127 -0.269993 0.011276 -0.958419 -0.285143 0.058708 0.471624
  1 9.500806 -1.639914 -0.232370 0.214482 -0.951360 -0.221160 0.052838 0.497065
  1 10.019650 -1.067602 -1.079928 0.045846 -0.579424 -0.813736 0.107632 0.471624
male.bmp
  1 16.644333 -1.240844 0.392505 0.115231 -0.906292 0.406642 0.060665 0.107632
  1 14.755791 -1.508345 0.547590 0.092501 -0.946401 0.309464 0.043053 0.217221
  1 16.563842 -1.291224 0.132730 0.098193 -0.986803 -0.128758 0.072407 0.107632
male.bmp
  1 16.563842 -1.291224 0.132730 0.098193 -0.986803 -0.128758 0.072407 0.107632
  1 14.755791 -1.508345 0.547590 0.092501 -0.946401 0.309464 0.043053 0.217221
  1 14.633293 -1.429018 -0.272106 0.080752 -0.913676 -0.398341 0.080235 0.221135
male.bmp
  1 14.755791 -1.508345 0.547590 0.092501 -0.946401 0.309464 0.043053 0.217221
  1 12.906410 -1.545682 0.732516 0.047718 -0.928284 0.368798 0.025440 0.326810
  1 14.633293 -1.429018 -0.272106 0.080752 -0.913676 -0.398341 0.080235 0.221135
male.bmp
  1 14.633293 -1.429018 -0.272106 0.080752 -0.913676 -0.398341 0.080235 0.221135
  1 12.906410 -1.545682 0.732516 0.047718 -0.928284 0.368798 0.025440 0.326810
  1 12.823885 -1.586238 -0.277258 0.052918 -0.947151 -0.316393 0.068493 0.326810
male.bmp
  1 12.906410 -1.545682 0.732516 0.047718 -0.928284 0.368798 0.025440 0.326810
  1 10.156455 -1.606667 0.669842 -0.030324 -0.929664 0.367158 0.015656 0.473581
  1 12.823885 -1.586238 -0.277258 0.052918 -0.947151 -0.316393 0.068493 0.326810
male.bmp
  1 12.823885 -1.586238 -0.277258 0.052918 -0.947151 -0.316393 0.068493 0.326810
  1 10.156455 -1.606667 0.669842 -0.030324 -0.929664 0.367158 0.015656 0.473581
  1 10.093997 -1.617127 -0.269993 0.011276 -0.958419 -0.285143 0.058708 0.471624
male.bmp
  1 10.156455 -1.606667 0.669842 -0.030324 -0.929664 0.367158 0.015656 0.473581
  1 9.490784 -1.549913 0.677629 0.144506 -0.889131 0.434240 0.007828 0.502935
  1 10.093997 -1.617127 -0.269993 0.011276 -0.958419 -0.285143 0.058708 0.471624
male.bmp
  1 10.093997 -1.617127 -0.269993 0.011276 -0.958419 -0.285143 0.058708 0.471624
  1 9.490784 -1.549913 0.677629 0.144506 -0.889131 0.434240 0.007828 0.502935
  1 9.500806 -1.639914 -0.232370 0.214482 -0.951360 -0.221160 0.052838 0.497065
male.bmp
  1 9.490784 -1.549913 0.677629 0.144506 -0.889131 0.434240 0.007828 0.502935
  1 9.030783 -1.749913 0.717619 0.275815 -0.863086 0.423093 0.007828 0.528376
  1 9.500806 -1.639914 -0.232370 0.214482 -0.951360 -0.221160 0.052838 0.497065
male.bmp
  31 -22.729391 2.464220 -0.374234 -0.582348 -0.732494 0.352595 0.968689 0.706458
  31 -22.744601 2.553372 -0.297289 -0.483464 -0.211649 0.849392 0.956947 0.688845
  31 -22.810089 2.554128 -0.372194 -0.945412 -0.207301 0.251440 0.956947 0.673190
male.bmp
  31 -22.810089 2.554128 -0.372194 -0.945412 -0.207301 0.251440 0.956947 0.673190
  31 -22.744601 2.553372 -0.297289 -0.483464 -0.211649 0.849392 0.956947 0.688845
  31 -22.730937 2.691801 -0.318518 -0.851822 0.453493 0.262190 0.923679 0.671233
male.bmp
  31 -22.744601 2.553372 -0.297289 -0.483464 -0.211649 0.849392 0.956947 0.688845
  31 -22.722328 2.714780 -0.304452 -0.562822 0.596389 0.572321 0.925636 0.681018
  31 -22.730937 2.691801 -0.318518 -0.851822 0.453493 0.262190 0.923679 0.671233
male.bmp
  31 -22.730937 2.691801 -0.318518 -0.851822 0.453493 0.262190 0.923679 0.671233
  31 -22.722328 2.714780 -0.304452 -0.562822 0.596389 0.572321 0.925636 0.681018
  31 -22.635517 2.771353 -0.393128 0.037830 0.928895 0.368405 0.894325 0.694716
male.bmp
  31 -22.722328 2.714780 -0.304452 -0.562822 0.596389 0.572321 0.925636 0.681018
  31 -22.440857 2.585353 -0.279499 0.024681 0.424666 0.905014 0.921722 0.751468
  31 -22.635517 2.771353 -0.393128 0.037830 0.928895 0.368405 0.894325 0.694716
male.bmp
  31 -22.635517 2.771353 -0.393128 0.037830 0.928895 0.368405 0.894325 0.694716
  31 -22.440857 2.585353 -0.279499 0.024681 0.424666 0.905014 0.921722 0.751468
  31 -22.429817 2.688842 -0.384228 0.286038 0.863777 0.414816 0.896282 0.747554
male.bmp
  31 -22.440857 2.585353 -0.279499 0.024681 0.424666 0.905014 0.921722 0.751468
  30 -22.215649 2.469697 -0.209871 0.029798 0.349045 0.936632 0.921722 0.814090
  31 -22.429817 2.688842 -0.384228 0.286038 0.863777 0.414816 0.896282 0.747554
male.bmp
  31 -22.429817 2.688842 -0.384228 0.286038 0.863777 0.414816 0.896282 0.747554
  30 -22.215649 2.469697 -0.209871 0.029798 0.349045 0.936632 0.921722 0.814090
  30 -22.123509 2.566104 -0.312418 0.300952 0.812147 0.499846 0.894325 0.814090
male.bmp
  30 -22.215649 2.469697 -0.209871 0.029798 0.349045 0.936632 0.921722 0.814090
  30 -21.468851 2.100268 -0.206029 0.135932 0.273779 0.952138 0.919765 0.964775
  30 -22.123509 2.566104 -0.312418 0.300952 0.812147 0.499846 0.894325 0.814090
male.bmp
  25 -24.256108 -0.153322 0.257237 -0.158834 -0.943181 0.291857 0.968689 0.706458
  25 -24.337778 -0.076546 0.379857 -0.365511 -0.509086 0.779252 0.956947 0.688845
  25 -24.397243 -0.073778 0.284693 -0.800488 -0.557826 0.219201 0.956947 0.673190
male.bmp
  25 -24.397243 -0.073778 0.284693 -0.800488 -0.557826 0.219201 0.956947 0.673190
  25 -24.337778 -0.076546 0.379857 -0.365511 -0.509086 0.779252 0.956947 0.688845
  25 -24.380207 0.135734 0.358953 -0.980720 0.062195 0.185258 0.923679 0.671233
male.bmp
  25 -24.337778 -0.076546 0.379857 -0.365511 -0.509086 0.779252 0.956947 0.688845
  25 -24.390665 0.149669 0.406874 -0.662906 0.220888 0.715377 0.925636 0.681018
  25 -24.380207 0.135734 0.358953 -0.980720 0.062195 0.185258 0.923679 0.671233
male.bmp
  25 -24.380207 0.135734 0.358953 -0.980720 0.062195 0.185258 0.923679 0.671233
  25 -24.390665 0.149669 0.406874 -0.662906 0.220888 0.715377 0.925636 0.681018
  25 -24.341518 0.288104 0.273007 -0.415406 0.791954 0.447490 0.894325 0.694716
male.bmp
  25 -24.390665 0.149669 0.406874 -0.662906 0.220888 0.715377 0.925636 0.681018
  25 -23.960245 0.140783 0.361483 -0.012898 0.261661 0.965074 0.921722 0.751468
  25 -24.341518 0.288104 0.273007 -0.415406 0.791954 0.447490 0.894325 0.694716
male.bmp
  25 -24.341518 0.288104 0.273007 -0.415406 0.791954 0.447490 0.894325 0.694716
  25 -23.960245 0.140783 0.361483 -0.012898 0.261661 0.965074 0.921722 0.751468
  25 -24.011371 0.293234 0.243394 -0.009965 0.829119 0.558984 0.896282 0.747554
male.bmp
  25 -23.960245 0.140783 0.361483 -0.012898 0.261661 0.965074 0.921722 0.751468
  24 -23.563147 0.133360 0.402161 -0.034019 0.251443 0.967274 0.921722 0.814090
  25 -24.011371 0.293234 0.243394 -0.009965 0.829119 0.558984 0.896282 0.747554
male.bmp
  25 -24.011371 0.293234 0.243394 -0.009965 0.829119 0.558984 0.896282 0.747554
  24 -23.563147 0.133360 0.402161 -0.034019 0.251443 0.967274 0.921722 0.814090
  24 -23.569766 0.309453 0.256740 -0.024103 0.840270 0.541633 0.894325 0.814090
male.bmp
  24 -23.563147 0.133360 0.402161 -0.034019 0.251443 0.967274 0.921722 0.814090
  24 -22.423137 0.161391 0.388344 0.065054 0.291063 0.954490 0.919765 0.964775
  24 -23.569766 0.309453 0.256740 -0.024103 0.840270 0.541633 0.894325 0.814090
male.bmp
  31 -22.810089 2.554128 -0.372194 -0.945412 -0.207301 0.251440 0.904110 0.373777
  31 -22.734104 2.455543 -0.570455 -0.700400 -0.572919 -0.425681 0.904110 0.393346
  31 -22.729391 2.464220 -0.374234 -0.582348 -0.732494 0.352595 0.888454 0.393346
male.bmp
  31 -22.729391 2.464220 -0.374234 -0.582348 -0.732494 0.352595 0.888454 0.393346
  31 -22.734104 2.455543 -0.570455 -0.700400 -0.572919 -0.425681 0.904110 0.393346
  30 -22.219015 2.187881 -0.339365 -0.459042 -0.830192 0.316326 0.884540 0.530333
male.bmp
  31 -22.734104 2.455543 -0.570455 -0.700400 -0.572919 -0.425681 0.904110 0.393346
  31 -22.273064 2.247598 -0.569786 -0.383569 -0.726900 -0.569642 0.908023 0.518591
  30 -22.219015 2.187881 -0.339365 -0.459042 -0.830192 0.316326 0.884540 0.530333
male.bmp
  30 -22.219015 2.187881 -0.339365 -0.459042 -0.830192 0.316326 0.884540 0.530333
  31 -22.273064 2.247598 -0.569786 -0.383569 -0.726900 -0.569642 0.908023 0.518591
  30 -22.177558 2.174917 -0.586374 -0.448382 -0.677764 -0.582743 0.904110 0.542074
male.bmp
  31 -22.273064 2.247598 -0.569786 -0.383569 -0.726900 -0.569642 0.908023 0.518591
  30 -22.083308 2.370854 -0.664641 0.057548 0.227817 -0.972002 0.943249 0.534247
  30 -22.177558 2.174917 -0.586374 -0.448382 -0.677764 -0.582743 0.904110 0.542074
male.bmp
  30 -22.177558 2.174917 -0.586374 -0.448382 -0.677764 -0.582743 0.904110 0.542074
  30 -22.083308 2.370854 -0.664641 0.057548 0.227817 -0.972002 0.943249 0.534247
  30 -21.458175 1.813451 -0.604554 -0.484258 -0.580807 -0.654337 0.908023 0.634051
male.bmp
  30 -22.083308 2.370854 -0.664641 0.057548 0.227817 -0.972002 0.943249 0.534247
  30 -21.345759 2.003190 -0.671351 0.115121 0.277738 -0.953734 0.943249 0.634051
  30 -21.458175 1.813451 -0.604554 -0.484258 -0.580807 -0.654337 0.908023 0.634051
male.bmp
  30 -21.458175 1.813451 -0.604554 -0.484258 -0.580807 -0.654337 0.908023 0.634051
  30 -21.345759 2.003190 -0.671351 0.115121 0.277738 -0.953734 0.943249 0.634051
  29 -21.412287 1.780170 -0.619339 -0.539777 -0.416034 -0.731817 0.906067 0.645793
male.bmp
  30 -21.345759 2.003190 -0.671351 0.115121 0.277738 -0.953734 0.943249 0.634051
  29 -21.290638 1.968049 -0.675933 0.104837 0.246657 -0.963416 0.943249 0.645793
  29 -21.412287 1.780170 -0.619339 -0.539777 -0.416034 -0.731817 0.906067 0.645793
male.bmp
  33 -19.000580 -2.130637 -0.604718 0.731981 -0.506447 -0.455757 0.737769 0.780822
  33 -19.462802 -2.057745 -0.859938 0.067856 -0.108715 -0.991754 0.784736 0.772994
  32 -19.297936 -1.620666 -0.921334 0.025747 -0.131166 -0.991026 0.782779 0.819961
male.bmp
  32 -19.297936 -1.620666 -0.921334 0.025747 -0.131166 -0.991026 0.782779 0.819961
  33 -19.462802 -2.057745 -0.859938 0.067856 -0.108715 -0.991754 0.784736 0.772994
  32 -19.905751 -1.489487 -0.632973 -0.686223 0.111719 -0.718761 0.845401 0.814090
male.bmp
  33 -19.462802 -2.057745 -0.859938 0.067856 -0.108715 -0.991754 0.784736 0.772994
  33 -19.947123 -1.862810 -0.694304 -0.660173 0.149295 -0.736127 0.839530 0.776908
  32 -19.905751 -1.489487 -0.632973 -0.686223 0.111719 -0.718761 0.845401 0.814090
male.bmp
  32 -19.905751 -1.489487 -0.632973 -0.686223 0.111719 -0.718761 0.845401 0.814090
  33 -19.947123 -1.862810 -0.694304 -0.660173 0.149295 -0.736127 0.839530 0.776908
  33 -20.085505 -1.755766 -0.266178 -0.990892 0.006037 -0.134522 0.857143 0.782779
male.bmp
  33 -19.947123 -1.862810 -0.694304 -0.660173 0.149295 -0.736127 0.839530 0.776908
  33 -20.017463 -2.383761 -0.707078 -0.617523 0.148233 -0.772459 0.829746 0.724070
  33 -20.085505 -1.755766 -0.266178 -0.990892 0.006037 -0.134522 0.857143 0.782779
male.bmp
  33 -20.085505 -1.755766 -0.266178 -0.990892 0.006037 -0.134522 0.857143 0.782779
  33 -20.017463 -2.383761 -0.707078 -0.617523 0.148233 -0.772459 0.829746 0.724070
  33 -20.104526 -2.337831 -0.519434 -0.926578 0.173300 -0.333797 0.843444 0.726027
male.bmp
  33 -20.017463 -2.383761 -0.707078 -0.617523 0.148233 -0.772459 0.829746 0.724070
  33 -20.121729 -2.744231 -0.697600 -0.700476 -0.400467 -0.590728 0.829746 0.686888
  33 -20.104526 -2.337831 -0.519434 -0.926578 0.173300 -0.333797 0.843444 0.726027
male.bmp
  33 -20.104526 -2.337831 -0.519434 -0.926578 0.173300 -0.333797 0.843444 0.726027
  33 -20.121729 -2.744231 -0.697600 -0.700476 -0.400467 -0.590728 0.829746 0.686888
  33 -20.182122 -2.774982 -0.379156 -0.885774 -0.453442 0.098964 0.847358 0.684932
male.bmp
  33 -20.121729 -2.744231 -0.697600 -0.700476 -0.400467 -0.590728 0.829746 0.686888
  33 -20.135785 -2.797349 -0.371900 -0.459717 -0.887904 0.016943 0.849315 0.681018
  33 -20.182122 -2.774982 -0.379156 -0.885774 -0.453442 0.098964 0.847358 0.684932
male.bmp
  26 -20.886812 -1.101823 -0.072964 -0.034808 -0.724324 -0.688580 0.643836 0.673190
  19 -20.594587 -0.399689 -0.239319 -0.223202 -0.165955 -0.960541 0.643836 0.606654
  19 -20.525528 -1.186581 -0.046104 -0.378022 -0.756567 -0.533578 0.675147 0.669276
male.bmp
  19 -20.525528 -1.186581 -0.046104 -0.378022 -0.756567 -0.533578 0.675147 0.669276
  19 -20.594587 -0.399689 -0.239319 -0.223202 -0.165955 -0.960541 0.643836 0.606654
  19 -19.902371 -0.694762 -0.484613 -0.439276 0.052310 -0.896828 0.710372 0.606654
male.bmp
  19 -20.594587 -0.399689 -0.239319 -0.223202 -0.165955 -0.960541 0.643836 0.606654
  19 -19.576143 0.132272 -0.520548 -0.326067 -0.225016 -0.918176 0.710372 0.528376
  19 -19.902371 -0.694762 -0.484613 -0.439276 0.052310 -0.896828 0.710372 0.606654
male.bmp
  19 -19.902371 -0.694762 -0.484613 -0.439276 0.052310 -0.896828 0.710372 0.606654
  19 -19.576143 0.132272 -0.520548 -0.326067 -0.225016 -0.918176 0.710372 0.528376
  19 -18.945875 -0.516239 -0.830220 -0.062907 0.020559 -0.997808 0.784736 0.561644
male.bmp
  19 -19.576143 0.132272 -0.520548 -0.326067 -0.225016 -0.918176 0.710372 0.528376
  19 -18.856160 0.084194 -0.848439 -0.223202 -0.165955 -0.960541 0.771037 0.506849
  19 -18.945875 -0.516239 -0.830220 -0.062907 0.020559 -0.997808 0.784736 0.561644
male.bmp
  19 -18.945875 -0.516239 -0.830220 -0.062907 0.020559 -0.997808 0.784736 0.561644
  19 -18.856160 0.084194 -0.848439 -0.223202 -0.165955 -0.960541 0.771037 0.506849
  19 -18.336723 -0.535097 -0.773842 0.126022 -0.372295 -0.919519 0.833659 0.540117
male.bmp
  19 -18.856160 0.084194 -0.848439 -0.223202 -0.165955 -0.960541 0.771037 0.506849
  19 -18.332584 -0.011492 -0.907709 0.013130 -0.157513 -0.987430 0.818004 0.499022
  19 -18.336723 -0.535097 -0.773842 0.126022 -0.372295 -0.919519 0.833659 0.540117
male.bmp
  19 -18.336723 -0.535097 -0.773842 0.126022 -0.372295 -0.919519 0.833659 0.540117
  19 -18.332584 -0.011492 -0.907709 0.013130 -0.157513 -0.987430 0.818004 0.499022
  19 -18.010532 -0.171981 -0.849331 -0.534141 -0.188564 -0.824098 0.849315 0.500978
male.bmp
  19 -18.332584 -0.011492 -0.907709 0.013130 -0.157513 -0.987430 0.818004 0.499022
  19 -18.010533 0.587930 -0.890993 -0.672055 0.054238 -0.738513 0.821918 0.438356
  19 -18.010532 -0.171981 -0.849331 -0.534141 -0.188564 -0.824098 0.849315 0.500978
male.bmp
  29 -21.286519 2.217801 -0.297373 -0.557968 0.817129 0.144818 0.659491 0.371820
  29 -21.244274 2.240382 -0.264125 -0.084912 0.920885 0.380475 0.667319 0.369863
  29 -21.207311 2.205074 -0.515695 -0.138921 0.882126 -0.450061 0.673190 0.383562
male.bmp
  29 -21.207311 2.205074 -0.515695 -0.138921 0.882126 -0.450061 0.673190 0.383562
  29 -21.244274 2.240382 -0.264125 -0.084912 0.920885 0.380475 0.667319 0.369863
  29 -20.337618 1.868070 -0.459467 0.267394 0.914070 -0.304922 0.753425 0.354207
male.bmp
  29 -21.244274 2.240382 -0.264125 -0.084912 0.920885 0.380475 0.667319 0.369863
  19 -20.376247 1.865954 -0.203411 0.264103 0.817412 0.511944 0.747554 0.340509
  29 -20.337618 1.868070 -0.459467 0.267394 0.914070 -0.304922 0.753425 0.354207
male.bmp
  29 -20.337618 1.868070 -0.459467 0.267394 0.914070 -0.304922 0.753425 0.354207
  19 -20.376247 1.865954 -0.203411 0.264103 0.817412 0.511944 0.747554 0.340509
  19 -19.963971 1.766519 -0.588561 0.171399 0.841186 -0.512863 0.784736 0.352250
male.bmp
  19 -20.376247 1.865954 -0.203411 0.264103 0.817412 0.511944 0.747554 0.340509
  19 -20.024747 1.761121 -0.182018 0.183972 0.866943 0.463210 0.780822 0.332681
  19 -19.963971 1.766519 -0.588561 0.171399 0.841186 -0.512863 0.784736 0.352250
male.bmp
  19 -19.963971 1.766519 -0.588561 0.171399 0.841186 -0.512863 0.784736 0.352250
  19 -20.024747 1.761121 -0.182018 0.183972 0.866943 0.463210 0.780822 0.332681
  19 -19.028976 1.625295 -0.287331 0.274903 0.960037 0.052508 0.866928 0.315068
male.bmp
  19 -20.024747 1.761121 -0.182018 0.183972 0.866943 0.463210 0.780822 0.332681
  19 -20.177763 1.404581 0.168931 -0.037034 0.610120 0.791443 0.769080 0.299413
  19 -19.028976 1.625295 -0.287331 0.274903 0.960037 0.052508 0.866928 0.315068
male.bmp
  19 -19.028976 1.625295 -0.287331 0.274903 0.960037 0.052508 0.866928 0.315068
  19 -20.177763 1.404581 0.168931 -0.037034 0.610120 0.791443 0.769080 0.299413
  19 -18.966949 1.256629 0.261885 0.136258 0.704118 0.696888 0.878669 0.281800
male.bmp
  19 -20.177763 1.404581 0.168931 -0.037034 0.610120 0.791443 0.769080 0.299413
  19 -20.217344 0.870016 0.513567 -0.141405 0.404732 0.903436 0.769080 0.250489
  19 -18.966949 1.256629 0.261885 0.136258 0.704118 0.696888 0.878669 0.281800
male.bmp
  32 -19.468498 -1.405721 0.484655 0.017203 -0.360581 0.932569 0.516634 0.816047
  33 -19.188701 -2.090509 0.086368 0.479613 -0.525260 0.702903 0.553816 0.882583
  32 -18.969471 -1.595933 0.237285 0.421792 -0.524640 0.739489 0.571429 0.829746
male.bmp
  32 -18.969471 -1.595933 0.237285 0.421792 -0.524640 0.739489 0.571429 0.829746
  33 -19.188701 -2.090509 0.086368 0.479613 -0.525260 0.702903 0.553816 0.882583
  32 -18.723759 -1.748115 -0.127497 0.703561 -0.616063 0.354216 0.604697 0.837573
male.bmp
  33 -19.188701 -2.090509 0.086368 0.479613 -0.525260 0.702903 0.553816 0.882583
  33 -19.011352 -2.084203 -0.254964 0.743169 -0.600616 0.294891 0.583170 0.882583
  32 -18.723759 -1.748115 -0.127497 0.703561 -0.616063 0.354216 0.604697 0.837573
male.bmp
  32 -18.723759 -1.748115 -0.127497 0.703561 -0.616063 0.354216 0.604697 0.837573
  33 -19.011352 -2.084203 -0.254964 0.743169 -0.600616 0.294891 0.583170 0.882583
  32 -18.711630 -1.758461 -0.290733 0.798353 -0.602190 -0.000619 0.612524 0.841487
male.bmp
  33 -19.011352 -2.084203 -0.254964 0.743169 -0.600616 0.294891 0.583170 0.882583
  33 -19.007049 -2.138199 -0.393766 0.823439 -0.565378 0.047912 0.590998 0.886497
  32 -18.711630 -1.758461 -0.290733 0.798353 -0.602190 -0.000619 0.612524 0.841487
male.bmp
  32 -18.711630 -1.758461 -0.290733 0.798353 -0.602190 -0.000619 0.612524 0.841487
  33 -19.007049 -2.138199 -0.393766 0.823439 -0.565378 0.047912 0.590998 0.886497
  32 -18.690181 -1.703945 -0.413891 0.822513 -0.564883 -0.066179 0.620352 0.845401
male.bmp
  33 -19.007049 -2.138199 -0.393766 0.823439 -0.565378 0.047912 0.590998 0.886497
  33 -19.004212 -2.116083 -0.481531 0.816988 -0.576260 -0.021337 0.596869 0.888454
  32 -18.690181 -1.703945 -0.413891 0.822513 -0.564883 -0.066179 0.620352 0.845401
male.bmp
  32 -18.690181 -1.703945 -0.413891 0.822513 -0.564883 -0.066179 0.620352 0.845401
  33 -19.004212 -2.116083 -0.481531 0.816988 -0.576260 -0.021337 0.596869 0.888454
  32 -18.676800 -1.675010 -0.561145 0.756874 -0.450187 -0.473786 0.628180 0.849315
male.bmp
  33 -19.004212 -2.116083 -0.481531 0.816988 -0.576260 -0.021337 0.596869 0.888454
  33 -19.000580 -2.130637 -0.604718 0.731981 -0.506447 -0.455757 0.604697 0.892368
  32 -18.676800 -1.675010 -0.561145 0.756874 -0.450187 -0.473786 0.628180 0.849315
male.bmp
  19 -17.620532 -0.241980 -0.849177 0.722186 -0.167924 -0.671005 0.201566 0.890411
  19 -18.010533 0.597799 -0.951015 -0.672055 0.054238 -0.738513 0.091977 0.839530
  19 -17.620533 0.567756 -0.970948 0.686765 0.008063 -0.726835 0.105675 0.886497
male.bmp
  19 -17.620533 0.567756 -0.970948 0.686765 0.008063 -0.726835 0.105675 0.886497
  19 -18.010533 0.597799 -0.951015 -0.672055 0.054238 -0.738513 0.091977 0.839530
  19 -17.620533 0.807864 -0.921473 0.629696 0.273101 -0.727254 0.082192 0.886497
male.bmp
  19 -18.010533 0.597799 -0.951015 -0.672055 0.054238 -0.738513 0.091977 0.839530
  19 -18.000533 0.827930 -0.891518 -0.690912 0.323943 -0.646298 0.070450 0.839530
  19 -17.620533 0.807864 -0.921473 0.629696 0.273101 -0.727254 0.082192 0.886497
male.bmp
  19 -17.620533 0.807864 -0.921473 0.629696 0.273101 -0.727254 0.082192 0.886497
  19 -18.000533 0.827930 -0.891518 -0.690912 0.323943 -0.646298 0.070450 0.839530
  19 -17.630533 1.028148 -0.791954 0.577868 0.525142 -0.624736 0.058708 0.884540
male.bmp
  19 -18.000533 0.827930 -0.891518 -0.690912 0.323943 -0.646298 0.070450 0.839530
  19 -18.000534 1.048235 -0.751999 -0.699800 0.462890 -0.544071 0.050881 0.837573
  19 -17.630533 1.028148 -0.791954 0.577868 0.525142 -0.624736 0.058708 0.884540
male.bmp
  19 -17.630533 1.028148 -0.791954 0.577868 0.525142 -0.624736 0.058708 0.884540
  19 -18.000534 1.048235 -0.751999 -0.699800 0.462890 -0.544071 0.050881 0.837573
  19 -17.630534 1.178519 -0.622283 0.575083 0.698684 -0.425582 0.039139 0.884540
male.bmp
  19 -18.000534 1.048235 -0.751999 -0.699800 0.462890 -0.544071 0.050881 0.837573
  19 -18.000534 1.208607 -0.582349 -0.657526 0.636521 -0.403114 0.031311 0.837573
  19 -17.630534 1.178519 -0.622283 0.575083 0.698684 -0.425582 0.039139 0.884540
male.bmp
  19 -17.630534 1.178519 -0.622283 0.575083 0.698684 -0.425582 0.039139 0.884540
  19 -18.000534 1.208607 -0.582349 -0.657526 0.636521 -0.403114 0.031311 0.837573
  19 -17.630534 1.259000 -0.402458 0.582265 0.812809 -0.017568 0.019569 0.884540
male.bmp
  19 -18.000534 1.208607 -0.582349 -0.657526 0.636521 -0.403114 0.031311 0.837573
  19 -18.000534 1.289044 -0.382525 -0.605083 0.795912 -0.019961 0.011742 0.835616
  19 -17.630534 1.259000 -0.402458 0.582265 0.812809 -0.017568 0.019569 0.884540
male.bmp
  19 -17.170534 0.988236 -0.751866 0.844424 -0.379986 0.377569 0.698630 0.802348
  19 -17.150534 1.178542 -0.612282 0.866935 0.441005 -0.232248 0.686888 0.814090
  19 -17.170534 1.118629 -0.572151 0.856274 -0.473817 0.205651 0.684932 0.810176
male.bmp
  19 -17.170534 1.118629 -0.572151 0.856274 -0.473817 0.205651 0.684932 0.810176
  19 -17.150534 1.178542 -0.612282 0.866935 0.441005 -0.232248 0.686888 0.814090
  19 -17.160534 1.169110 -0.352261 0.877005 -0.480482 0.000434 0.669276 0.818004
male.bmp
  19 -17.150534 1.178542 -0.612282 0.866935 0.441005 -0.232248 0.686888 0.814090
  19 -17.150534 1.239045 -0.382414 0.866654 0.498587 0.017936 0.671233 0.823875
  19 -17.160534 1.169110 -0.352261 0.877005 -0.480482 0.000434 0.669276 0.818004
male.bmp
  19 -17.160534 1.169110 -0.352261 0.877005 -0.480482 0.000434 0.669276 0.818004
  19 -17.150534 1.239045 -0.382414 0.866654 0.498587 0.017936 0.671233 0.823875
  19 -17.190535 1.050335 0.208000 0.910579 -0.383365 -0.154522 0.624266 0.810176
male.bmp
  19 -17.150534 1.239045 -0.382414 0.866654 0.498587 0.017936 0.671233 0.823875
  19 -17.180535 1.110357 0.217869 0.830142 0.470324 0.299434 0.624266 0.814090
  19 -17.190535 1.050335 0.208000 0.910579 -0.383365 -0.154522 0.624266 0.810176
male.bmp
  19 -17.190535 1.050335 0.208000 0.910579 -0.383365 -0.154522 0.624266 0.810176
  19 -17.180535 1.110357 0.217869 0.830142 0.470324 0.299434 0.624266 0.814090
  19 -17.220536 0.571517 0.749048 0.900105 -0.250193 -0.356672 0.581213 0.772994
male.bmp
  19 -17.180535 1.110357 0.217869 0.830142 0.470324 0.299434 0.624266 0.814090
  19 -17.210536 0.601582 0.778983 0.819770 0.270384 0.504847 0.579256 0.774951
  19 -17.220536 0.571517 0.749048 0.900105 -0.250193 -0.356672 0.581213 0.772994
male.bmp
  19 -17.220536 0.571517 0.749048 0.900105 -0.250193 -0.356672 0.581213 0.772994
  19 -17.210536 0.601582 0.778983 0.819770 0.270384 0.504847 0.579256 0.774951
  19 -17.220536 -0.058154 0.900426 0.852499 -0.022400 -0.522249 0.569472 0.722114
male.bmp
  19 -17.210536 0.601582 0.778983 0.819770 0.270384 0.504847 0.579256 0.774951
  19 -17.210536 -0.058044 0.950425 0.847930 0.007537 0.530055 0.565558 0.722114
  19 -17.220536 -0.058154 0.900426 0.852499 -0.022400 -0.522249 0.569472 0.722114
male.bmp
  18 -15.786116 0.768512 -0.857492 -0.065973 0.581111 -0.811146 0.205479 0.123288
  18 -13.866790 0.469911 -1.240146 -0.089175 0.224632 -0.970355 0.183953 0.230920
  18 -15.775972 0.530167 -1.019938 -0.105510 0.173588 -0.979150 0.183953 0.119374
male.bmp
  18 -15.775972 0.530167 -1.019938 -0.105510 0.173588 -0.979150 0.183953 0.119374
  18 -13.866790 0.469911 -1.240146 -0.089175 0.224632 -0.970355 0.183953 0.230920
  18 -15.793760 0.109010 -0.914057 -0.107762 -0.014571 -0.994070 0.160470 0.119374
male.bmp
  18 -13.866790 0.469911 -1.240146 -0.089175 0.224632 -0.970355 0.183953 0.230920
  18 -13.883652 -0.211030 -1.156870 -0.100521 -0.260197 -0.960309 0.144814 0.228963
  18 -15.793760 0.109010 -0.914057 -0.107762 -0.014571 -0.994070 0.160470 0.119374
male.bmp
  18 -15.793760 0.109010 -0.914057 -0.107762 -0.014571 -0.994070 0.160470 0.119374
  18 -13.883652 -0.211030 -1.156870 -0.100521 -0.260197 -0.960309 0.144814 0.228963
  18 -15.803210 -0.080618 -0.955910 -0.107515 -0.156261 -0.981847 0.150685 0.119374
male.bmp
  18 -13.883652 -0.211030 -1.156870 -0.100521 -0.260197 -0.960309 0.144814 0.228963
  18 -13.940459 -0.703743 -0.911500 -0.097278 -0.592506 -0.799671 0.119374 0.227006
  18 -15.803210 -0.080618 -0.955910 -0.107515 -0.156261 -0.981847 0.150685 0.119374
male.bmp
  18 -15.803210 -0.080618 -0.955910 -0.107515 -0.156261 -0.981847 0.150685 0.119374
  18 -13.940459 -0.703743 -0.911500 -0.097278 -0.592506 -0.799671 0.119374 0.227006
  18 -15.811728 -0.291947 -0.827974 -0.110622 -0.427158 -0.897384 0.136986 0.117417
male.bmp
  18 -13.940459 -0.703743 -0.911500 -0.097278 -0.592506 -0.799671 0.119374 0.227006
  18 -15.859642 -0.643528 -0.691243 -0.097278 -0.592506 -0.799671 0.121331 0.115460
  18 -15.811728 -0.291947 -0.827974 -0.110622 -0.427158 -0.897384 0.136986 0.117417
male.bmp
  18 -15.811728 -0.291947 -0.827974 -0.110622 -0.427158 -0.897384 0.136986 0.117417
  18 -15.859642 -0.643528 -0.691243 -0.097278 -0.592506 -0.799671 0.121331 0.115460
  19 -17.480533 -0.521433 -0.598566 -0.087228 -0.468029 -0.879398 0.121331 0.021526
male.bmp
  18 -15.859642 -0.643528 -0.691243 -0.097278 -0.592506 -0.799671 0.121331 0.115460
  19 -17.390533 -0.820929 -0.367910 -0.059285 -0.710391 -0.701306 0.101761 0.023483
  19 -17.480533 -0.521433 -0.598566 -0.087228 -0.468029 -0.879398 0.121331 0.021526
male.bmp
  18 -7.844404 1.326079 0.366098 0.165501 0.979945 0.110985 0.285714 0.540117
  18 -8.704403 0.996079 1.396098 -0.004721 0.523437 0.852051 0.338552 0.502935
  18 -8.014404 0.866079 1.246098 0.125141 0.596804 0.792568 0.338552 0.532290
male.bmp
  18 -8.014404 0.866079 1.246098 0.125141 0.596804 0.792568 0.338552 0.532290
  18 -8.704403 0.996079 1.396098 -0.004721 0.523437 0.852051 0.338552 0.502935
  18 -8.814404 0.076079 1.426098 -0.057170 0.055117 0.996842 0.377691 0.502935
male.bmp
  18 -8.704403 0.996079 1.396098 -0.004721 0.523437 0.852051 0.338552 0.502935
  18 -9.396569 0.943402 1.172288 -0.123246 0.593023 0.795697 0.334638 0.473581
  18 -8.814404 0.076079 1.426098 -0.057170 0.055117 0.996842 0.377691 0.502935
male.bmp
  18 -8.814404 0.076079 1.426098 -0.057170 0.055117 0.996842 0.377691 0.502935
  18 -9.396569 0.943402 1.172288 -0.123246 0.593023 0.795697 0.334638 0.473581
  18 -9.451399 0.000314 1.453143 0.025589 0.072472 0.997042 0.377691 0.473581
male.bmp
  18 -9.396569 0.943402 1.172288 -0.123246 0.593023 0.795697 0.334638 0.473581
  18 -12.197276 1.062697 1.137549 -0.031139 0.696889 0.716502 0.326810 0.340509
  18 -9.451399 0.000314 1.453143 0.025589 0.072472 0.997042 0.377691 0.473581
male.bmp
  18 -9.451399 0.000314 1.453143 0.025589 0.072472 0.997042 0.377691 0.473581
  18 -12.197276 1.062697 1.137549 -0.031139 0.696889 0.716502 0.326810 0.340509
  18 -12.211185 0.088170 1.577894 -0.034497 0.150704 0.987977 0.373777 0.338552
male.bmp
  18 -12.197276 1.062697 1.137549 -0.031139 0.696889 0.716502 0.326810 0.340509
  18 -14.037271 0.886749 1.005023 -0.147035 0.648780 0.746636 0.318982 0.232877
  18 -12.211185 0.088170 1.577894 -0.034497 0.150704 0.987977 0.373777 0.338552
male.bmp
  18 -12.211185 0.088170 1.577894 -0.034497 0.150704 0.987977 0.373777 0.338552
  18 -14.037271 0.886749 1.005023 -0.147035 0.648780 0.746636 0.318982 0.232877
  18 -14.042453 0.083453 1.327030 -0.168778 0.097518 0.980818 0.362035 0.230920
male.bmp
  18 -14.037271 0.886749 1.005023 -0.147035 0.648780 0.746636 0.318982 0.232877
  18 -15.873719 -0.010558 1.005269 -0.168778 0.097518 0.980818 0.354207 0.125245
  18 -14.042453 0.083453 1.327030 -0.168778 0.097518 0.980818 0.362035 0.230920
male.bmp
  18 -8.913875 -1.480727 -0.234485 -0.214479 -0.951359 -0.221166 0.052838 0.497065
  18 -9.504183 -1.452688 -0.271241 -0.011270 -0.958418 -0.285144 0.058708 0.471624
  18 -9.420386 -0.904253 -1.076224 -0.045826 -0.579423 -0.813738 0.107632 0.471624
male.bmp
  18 -9.420386 -0.904253 -1.076224 -0.045826 -0.579423 -0.813738 0.107632 0.471624
  18 -9.504183 -1.452688 -0.271241 -0.011270 -0.958418 -0.285144 0.058708 0.471624
  18 -12.021406 -0.743860 -1.141557 -0.049189 -0.526153 -0.848966 0.121331 0.338552
male.bmp
  18 -9.504183 -1.452688 -0.271241 -0.011270 -0.958418 -0.285144 0.058708 0.471624
  18 -12.224436 -1.423268 -0.287282 -0.052910 -0.947151 -0.316395 0.068493 0.326810
  18 -12.021406 -0.743860 -1.141557 -0.049189 -0.526153 -0.848966 0.121331 0.338552
male.bmp
  18 -12.021406 -0.743860 -1.141557 -0.049189 -0.526153 -0.848966 0.121331 0.338552
  18 -12.224436 -1.423268 -0.287282 -0.052910 -0.947151 -0.316395 0.068493 0.326810
  18 -13.940459 -0.703743 -0.911500 -0.097278 -0.592506 -0.799671 0.119374 0.227006
male.bmp
  18 -12.224436 -1.423268 -0.287282 -0.052910 -0.947151 -0.316395 0.068493 0.326810
  18 -14.035031 -1.270516 -0.276657 -0.080743 -0.913675 -0.398344 0.080235 0.221135
  18 -13.940459 -0.703743 -0.911500 -0.097278 -0.592506 -0.799671 0.119374 0.227006
male.bmp
  18 -13.940459 -0.703743 -0.911500 -0.097278 -0.592506 -0.799671 0.119374 0.227006
  18 -14.035031 -1.270516 -0.276657 -0.080743 -0.913675 -0.398344 0.080235 0.221135
  18 -15.859642 -0.643528 -0.691243 -0.097278 -0.592506 -0.799671 0.121331 0.115460
male.bmp
  18 -14.035031 -1.270516 -0.276657 -0.080743 -0.913675 -0.398344 0.080235 0.221135
  18 -15.916576 -0.927654 -0.303776 -0.084995 -0.852962 -0.515006 0.099804 0.111546
  18 -15.859642 -0.643528 -0.691243 -0.097278 -0.592506 -0.799671 0.121331 0.115460
male.bmp
  18 -15.859642 -0.643528 -0.691243 -0.097278 -0.592506 -0.799671 0.121331 0.115460
  18 -15.916576 -0.927654 -0.303776 -0.084995 -0.852962 -0.515006 0.099804 0.111546
  19 -17.390533 -0.820929 -0.367910 -0.059285 -0.710391 -0.701306 0.101761 0.023483
male.bmp
  18 -15.916576 -0.927654 -0.303776 -0.084995 -0.852962 -0.515006 0.099804 0.111546
  19 -17.400533 -0.970513 -0.177583 -0.034172 -0.885854 -0.462704 0.086106 0.019569
  19 -17.390533 -0.820929 -0.367910 -0.059285 -0.710391 -0.701306 0.101761 0.023483
male.bmp
  11 24.242698 -1.472676 -0.021338 0.671848 -0.294390 -0.679672 0.925636 0.385519
  11 24.141698 -1.608942 0.036373 0.229768 -0.857565 -0.460205 0.904110 0.393346
  11 24.017677 -1.438192 -0.117129 0.088849 -0.221472 -0.971111 0.923679 0.414873
male.bmp
  11 24.017677 -1.438192 -0.117129 0.088849 -0.221472 -0.971111 0.923679 0.414873
  11 24.141698 -1.608942 0.036373 0.229768 -0.857565 -0.460205 0.904110 0.393346
  11 23.565978 -1.484986 -0.011398 -0.092307 -0.747469 -0.657853 0.908023 0.518591
male.bmp
  11 24.141698 -1.608942 0.036373 0.229768 -0.857565 -0.460205 0.904110 0.393346
  10 23.517703 -1.543190 0.276684 -0.163000 -0.954922 0.248101 0.884540 0.530333
  11 23.565978 -1.484986 -0.011398 -0.092307 -0.747469 -0.657853 0.908023 0.518591
male.bmp
  11 23.565978 -1.484986 -0.011398 -0.092307 -0.747469 -0.657853 0.908023 0.518591
  10 23.517703 -1.543190 0.276684 -0.163000 -0.954922 0.248101 0.884540 0.530333
  10 23.388615 -1.465225 -0.045741 -0.072173 -0.746578 -0.661372 0.904110 0.542074
male.bmp
  10 23.517703 -1.543190 0.276684 -0.163000 -0.954922 0.248101 0.884540 0.530333
  10 22.544124 -1.361421 0.274664 -0.041419 -0.948188 0.314999 0.888454 0.628180
  10 23.388615 -1.465225 -0.045741 -0.072173 -0.746578 -0.661372 0.904110 0.542074
male.bmp
  10 23.388615 -1.465225 -0.045741 -0.072173 -0.746578 -0.661372 0.904110 0.542074
  10 22.544124 -1.361421 0.274664 -0.041419 -0.948188 0.314999 0.888454 0.628180
  10 22.477539 -1.325364 -0.032364 -0.164501 -0.740230 -0.651920 0.908023 0.634051
male.bmp
  10 22.544124 -1.361421 0.274664 -0.041419 -0.948188 0.314999 0.888454 0.628180
  9 22.442228 -1.374519 0.275450 0.067397 -0.967324 0.244423 0.882583 0.643836
  10 22.477539 -1.325364 -0.032364 -0.164501 -0.740230 -0.651920 0.908023 0.634051
male.bmp
  10 22.477539 -1.325364 -0.032364 -0.164501 -0.740230 -0.651920 0.908023 0.634051
  9 22.442228 -1.374519 0.275450 0.067397 -0.967324 0.244423 0.882583 0.643836
  9 22.407298 -1.311917 -0.014138 -0.234321 -0.756074 -0.611102 0.906067 0.645793
male.bmp
  8 24.850679 -0.316304 0.258686 0.158823 -0.943181 0.291864 0.888454 0.393346
  7 24.167754 -0.351326 0.180795 0.037288 -0.971534 0.233948 0.884540 0.530333
  8 24.889854 -0.310647 -0.003865 0.451824 -0.800081 -0.394621 0.904110 0.393346
male.bmp
  8 24.889854 -0.310647 -0.003865 0.451824 -0.800081 -0.394621 0.904110 0.393346
  7 24.167754 -0.351326 0.180795 0.037288 -0.971534 0.233948 0.884540 0.530333
  8 24.229354 -0.313122 -0.090663 0.044801 -0.763874 -0.643809 0.908023 0.518591
male.bmp
  7 24.167754 -0.351326 0.180795 0.037288 -0.971534 0.233948 0.884540 0.530333
  7 24.027242 -0.334102 -0.089501 0.057209 -0.773091 -0.631710 0.904110 0.542074
  8 24.229354 -0.313122 -0.090663 0.044801 -0.763874 -0.643809 0.908023 0.518591
male.bmp
  8 24.229354 -0.313122 -0.090663 0.044801 -0.763874 -0.643809 0.908023 0.518591
  7 24.027242 -0.334102 -0.089501 0.057209 -0.773091 -0.631710 0.904110 0.542074
  7 24.022536 -0.055776 -0.171430 0.009089 0.217182 -0.976089 0.943249 0.534247
male.bmp
  7 24.027242 -0.334102 -0.089501 0.057209 -0.773091 -0.631710 0.904110 0.542074
  7 22.916665 -0.335111 -0.093822 -0.034812 -0.728062 -0.684627 0.908023 0.634051
  7 24.022536 -0.055776 -0.171430 0.009089 0.217182 -0.976089 0.943249 0.534247
male.bmp
  7 24.022536 -0.055776 -0.171430 0.009089 0.217182 -0.976089 0.943249 0.534247
  7 22.916665 -0.335111 -0.093822 -0.034812 -0.728062 -0.684627 0.908023 0.634051
  7 22.912142 -0.047190 -0.178564 0.036501 0.179624 -0.983058 0.943249 0.634051
male.bmp
  7 22.916665 -0.335111 -0.093822 -0.034812 -0.728062 -0.684627 0.908023 0.634051
  6 22.841845 -0.321272 -0.087878 -0.062996 -0.677513 -0.732808 0.906067 0.645793
  7 22.912142 -0.047190 -0.178564 0.036501 0.179624 -0.983058 0.943249 0.634051
male.bmp
  7 22.912142 -0.047190 -0.178564 0.036501 0.179624 -0.983058 0.943249 0.634051
  6 22.841845 -0.321272 -0.087878 -0.062996 -0.677513 -0.732808 0.906067 0.645793
  6 22.817434 -0.035824 -0.182341 0.058807 0.181134 -0.981699 0.943249 0.645793
male.bmp
  3 22.446162 1.203678 -0.038750 -0.178612 0.916761 -0.357278 0.872798 0.988258
  3 22.476292 1.205328 0.192095 0.066806 0.864707 0.497814 0.892368 0.986301
  4 22.520250 1.218569 -0.056779 -0.191469 0.905536 -0.378608 0.872798 0.970646
male.bmp
  4 22.520250 1.218569 -0.056779 -0.191469 0.905536 -0.378608 0.872798 0.970646
  3 22.476292 1.205328 0.192095 0.066806 0.864707 0.497814 0.892368 0.986301
  4 22.564973 1.210798 0.165346 -0.098355 0.899950 0.424754 0.894325 0.966732
male.bmp
  3 22.476292 1.205328 0.192095 0.066806 0.864707 0.497814 0.892368 0.986301
  3 22.506804 1.054467 0.309185 0.085847 0.406338 0.909681 0.919765 0.982387
  4 22.564973 1.210798 0.165346 -0.098355 0.899950 0.424754 0.894325 0.966732
male.bmp
  4 22.564973 1.210798 0.165346 -0.098355 0.899950 0.424754 0.894325 0.966732
  3 22.506804 1.054467 0.309185 0.085847 0.406338 0.909681 0.919765 0.982387
  4 22.618341 1.068846 0.291447 0.027933 0.380554 0.924337 0.919765 0.964775
male.bmp
  3 22.506804 1.054467 0.309185 0.085847 0.406338 0.909681 0.919765 0.982387
  3 22.562015 0.851757 0.338516 0.432084 -0.222270 0.874013 0.951076 0.982387
  4 22.618341 1.068846 0.291447 0.027933 0.380554 0.924337 0.919765 0.964775
male.bmp
  4 22.618341 1.068846 0.291447 0.027933 0.380554 0.924337 0.919765 0.964775
  3 22.562015 0.851757 0.338516 0.432084 -0.222270 0.874013 0.951076 0.982387
  4 22.657867 0.873352 0.287005 0.332554 -0.346133 0.877268 0.951076 0.964775
male.bmp
  3 22.562015 0.851757 0.338516 0.432084 -0.222270 0.874013 0.951076 0.982387
  3 22.607139 0.649992 0.127436 0.505050 -0.823481 0.258463 0.978474 0.988258
  4 22.657867 0.873352 0.287005 0.332554 -0.346133 0.877268 0.951076 0.964775
male.bmp
  4 22.657867 0.873352 0.287005 0.332554 -0.346133 0.877268 0.951076 0.964775
  3 22.607139 0.649992 0.127436 0.505050 -0.823481 0.258463 0.978474 0.988258
  4 22.693037 0.697505 0.099546 0.381039 -0.894027 0.235638 0.978474 0.974560
male.bmp
  2 19.516926 1.123018 -0.758847 -0.199985 0.669693 -0.715204 0.726027 0.407045
  2 20.568483 1.201735 -0.774061 0.047318 0.200205 -0.978611 0.636008 0.438356
  2 19.733866 0.747269 -0.998951 0.057111 0.107380 -0.992576 0.720157 0.448141
male.bmp
  2 19.733866 0.747269 -0.998951 0.057111 0.107380 -0.992576 0.720157 0.448141
  2 20.568483 1.201735 -0.774061 0.047318 0.200205 -0.978611 0.636008 0.438356
  2 20.941914 0.675383 -0.672070 0.263652 -0.237906 -0.934820 0.622309 0.495108
male.bmp
  2 20.568483 1.201735 -0.774061 0.047318 0.200205 -0.978611 0.636008 0.438356
  12 20.961787 1.442067 -0.759502 -0.054893 0.308830 -0.949532 0.594912 0.432485
  2 20.941914 0.675383 -0.672070 0.263652 -0.237906 -0.934820 0.622309 0.495108
male.bmp
  2 20.941914 0.675383 -0.672070 0.263652 -0.237906 -0.934820 0.622309 0.495108
  12 20.961787 1.442067 -0.759502 -0.054893 0.308830 -0.949532 0.594912 0.432485
  12 21.331179 1.142862 -0.691487 0.459984 -0.428136 -0.777891 0.575342 0.469667
male.bmp
  12 20.961787 1.442067 -0.759502 -0.054893 0.308830 -0.949532 0.594912 0.432485
  12 21.849373 1.802749 -0.727876 0.331400 0.402828 -0.853172 0.510763 0.432485
  12 21.331179 1.142862 -0.691487 0.459984 -0.428136 -0.777891 0.575342 0.469667
male.bmp
  12 21.331179 1.142862 -0.691487 0.459984 -0.428136 -0.777891 0.575342 0.469667
  12 21.849373 1.802749 -0.727876 0.331400 0.402828 -0.853172 0.510763 0.432485
  12 21.985672 1.562426 -0.677204 0.661766 -0.319430 -0.678255 0.506849 0.457926
male.bmp
  12 21.849373 1.802749 -0.727876 0.331400 0.402828 -0.853172 0.510763 0.432485
  12 21.887177 1.803446 -0.674300 0.800498 0.427544 -0.420011 0.504892 0.430528
  12 21.985672 1.562426 -0.677204 0.661766 -0.319430 -0.678255 0.506849 0.457926
male.bmp
  12 21.985672 1.562426 -0.677204 0.661766 -0.319430 -0.678255 0.506849 0.457926
  12 21.887177 1.803446 -0.674300 0.800498 0.427544 -0.420011 0.504892 0.430528
  12 22.009320 1.612980 -0.627354 0.898667 0.102715 -0.426435 0.500978 0.455969
male.bmp
  2 21.062853 1.481506 -0.058850 -0.043303 0.539370 0.840955 0.741683 0.318982
  2 20.774290 1.229189 0.171079 0.037016 0.610121 0.791443 0.769080 0.299413
  2 21.162359 1.188813 0.118432 0.315072 0.374921 0.871874 0.733855 0.291585
male.bmp
  2 21.162359 1.188813 0.118432 0.315072 0.374921 0.871874 0.733855 0.291585
  2 20.774290 1.229189 0.171079 0.037016 0.610121 0.791443 0.769080 0.299413
  2 21.271119 0.932540 0.242913 0.152154 0.680442 0.716832 0.726027 0.268102
male.bmp
  2 20.774290 1.229189 0.171079 0.037016 0.610121 0.791443 0.769080 0.299413
  2 20.813969 0.704213 0.512877 0.141384 0.404733 0.903439 0.769080 0.250489
  2 21.271119 0.932540 0.242913 0.152154 0.680442 0.716832 0.726027 0.268102
male.bmp
  2 21.271119 0.932540 0.242913 0.152154 0.680442 0.716832 0.726027 0.268102
  2 20.813969 0.704213 0.512877 0.141384 0.404733 0.903439 0.769080 0.250489
  2 21.420456 0.707146 0.367396 0.057435 0.193165 0.979484 0.712329 0.246575
male.bmp
  2 20.813969 0.704213 0.512877 0.141384 0.404733 0.903439 0.769080 0.250489
  2 21.394874 0.429868 0.345894 0.321737 0.109255 0.940504 0.718200 0.223092
  2 21.420456 0.707146 0.367396 0.057435 0.193165 0.979484 0.712329 0.246575
male.bmp
  2 21.420456 0.707146 0.367396 0.057435 0.193165 0.979484 0.712329 0.246575
  2 21.394874 0.429868 0.345894 0.321737 0.109255 0.940504 0.718200 0.223092
  3 22.537644 0.826714 0.385195 0.512692 -0.142999 0.846580 0.612524 0.250489
male.bmp
  2 21.394874 0.429868 0.345894 0.321737 0.109255 0.940504 0.718200 0.223092
  3 21.486281 0.311947 0.269219 0.676875 0.416203 0.607136 0.702544 0.215264
  3 22.537644 0.826714 0.385195 0.512692 -0.142999 0.846580 0.612524 0.250489
male.bmp
  3 22.537644 0.826714 0.385195 0.512692 -0.142999 0.846580 0.612524 0.250489
  3 21.486281 0.311947 0.269219 0.676875 0.416203 0.607136 0.702544 0.215264
  3 22.598958 0.603703 0.160458 0.733259 -0.641009 0.226802 0.608611 0.232877
male.bmp
  2 18.277227 -0.982650 0.726636 -0.542824 -0.458881 0.703399 0.491194 0.076321
  2 18.287227 -0.232649 0.886634 -0.560708 0.051211 0.826428 0.502935 0.156556
  2 18.257227 -0.962650 0.666636 -0.542824 -0.458881 0.703399 0.495108 0.076321
male.bmp
  2 18.257227 -0.962650 0.666636 -0.542824 -0.458881 0.703399 0.495108 0.076321
  2 18.287227 -0.232649 0.886634 -0.560708 0.051211 0.826428 0.502935 0.156556
  2 18.277227 -0.232649 0.836634 -0.560708 0.051211 0.826428 0.506849 0.156556
male.bmp
  2 18.287227 -0.232649 0.886634 -0.560708 0.051211 0.826428 0.502935 0.156556
  2 18.287227 0.417350 0.676633 -0.510784 0.395774 0.763193 0.512720 0.227006
  2 18.277227 -0.232649 0.836634 -0.560708 0.051211 0.826428 0.506849 0.156556
male.bmp
  2 18.277227 -0.232649 0.836634 -0.560708 0.051211 0.826428 0.506849 0.156556
  2 18.287227 0.417350 0.676633 -0.510784 0.395774 0.763193 0.512720 0.227006
  2 18.277227 0.387350 0.646633 -0.510784 0.395774 0.763193 0.514677 0.223092
male.bmp
  2 18.287227 0.417350 0.676633 -0.510784 0.395774 0.763193 0.512720 0.227006
  2 18.267226 0.907349 0.266631 -0.579899 0.673390 0.458545 0.518591 0.273973
  2 18.277227 0.387350 0.646633 -0.510784 0.395774 0.763193 0.514677 0.223092
male.bmp
  2 18.277227 0.387350 0.646633 -0.510784 0.395774 0.763193 0.514677 0.223092
  2 18.267226 0.907349 0.266631 -0.579899 0.673390 0.458545 0.518591 0.273973
  2 18.247226 0.857349 0.236632 -0.579899 0.673390 0.458545 0.522505 0.268102
male.bmp
  2 18.267226 0.907349 0.266631 -0.579899 0.673390 0.458545 0.518591 0.273973
  2 18.227225 1.087347 -0.403369 -0.582248 0.812821 -0.017582 0.524462 0.320939
  2 18.247226 0.857349 0.236632 -0.579899 0.673390 0.458545 0.522505 0.268102
male.bmp
  2 18.247226 0.857349 0.236632 -0.579899 0.673390 0.458545 0.522505 0.268102
  2 18.227225 1.087347 -0.403369 -0.582248 0.812821 -0.017582 0.524462 0.320939
  2 18.217225 1.047347 -0.393369 -0.588040 0.808656 0.016844 0.526419 0.317025
male.bmp
  2 18.627227 -0.902650 0.636635 0.787148 -0.323512 0.525107 0.446184 0.086106
  2 18.637227 -0.202650 0.766633 0.815507 -0.019303 0.578425 0.455969 0.168297
  2 18.627227 -0.942650 0.716635 0.649094 -0.412175 0.639366 0.452055 0.086106
male.bmp
  2 18.627227 -0.942650 0.716635 0.649094 -0.412175 0.639366 0.452055 0.086106
  2 18.637227 -0.202650 0.766633 0.815507 -0.019303 0.578425 0.455969 0.168297
  2 18.647227 -0.192649 0.866633 0.708741 0.045750 0.703984 0.461840 0.168297
male.bmp
  2 18.637227 -0.202650 0.766633 0.815507 -0.019303 0.578425 0.455969 0.168297
  2 18.657227 0.387350 0.606632 0.682415 0.343456 0.645251 0.463796 0.232877
  2 18.647227 -0.192649 0.866633 0.708741 0.045750 0.703984 0.461840 0.168297
male.bmp
  2 18.647227 -0.192649 0.866633 0.708741 0.045750 0.703984 0.461840 0.168297
  2 18.657227 0.387350 0.606632 0.682415 0.343456 0.645251 0.463796 0.232877
  2 18.647227 0.407350 0.636632 0.666759 0.391344 0.634257 0.471624 0.232877
male.bmp
  2 18.657227 0.387350 0.606632 0.682415 0.343456 0.645251 0.463796 0.232877
  2 18.617226 0.827349 0.196631 0.706095 0.588706 0.393516 0.471624 0.279843
  2 18.647227 0.407350 0.636632 0.666759 0.391344 0.634257 0.471624 0.232877
male.bmp
  2 18.647227 0.407350 0.636632 0.666759 0.391344 0.634257 0.471624 0.232877
  2 18.617226 0.827349 0.196631 0.706095 0.588706 0.393516 0.471624 0.279843
  2 18.627226 0.907349 0.246631 0.656505 0.641414 0.396975 0.477495 0.279843
male.bmp
  2 18.617226 0.827349 0.196631 0.706095 0.588706 0.393516 0.471624 0.279843
  2 18.597225 1.047347 -0.363370 0.711346 0.702604 -0.018283 0.475538 0.334638
  2 18.627226 0.907349 0.246631 0.656505 0.641414 0.396975 0.477495 0.279843
male.bmp
  2 18.627226 0.907349 0.246631 0.656505 0.641414 0.396975 0.477495 0.279843
  2 18.597225 1.047347 -0.363370 0.711346 0.702604 -0.018283 0.475538 0.334638
  2 18.597225 1.127347 -0.383370 0.605083 0.795913 -0.019947 0.483366 0.336595
male.bmp
  2 18.157224 -0.352654 -0.833365 -0.720353 0.666005 -0.193724 0.430528 0.992172
  2 18.167224 -0.862653 -0.603364 -0.684269 -0.637514 0.354050 0.360078 0.992172
  2 18.207224 -0.812653 -0.563364 -0.355093 -0.108424 0.928522 0.363992 0.990215
male.bmp
  2 18.207224 -0.812653 -0.563364 -0.355093 -0.108424 0.928522 0.363992 0.990215
  2 18.167224 -0.862653 -0.603364 -0.684269 -0.637514 0.354050 0.360078 0.992172
  2 18.617224 -0.822653 -0.603365 0.550502 -0.125863 0.825291 0.363992 0.935421
male.bmp
  2 18.167224 -0.862653 -0.603364 -0.684269 -0.637514 0.354050 0.360078 0.992172
  2 18.637224 -0.872653 -0.663365 0.719222 -0.669682 0.185055 0.360078 0.931507
  2 18.617224 -0.822653 -0.603365 0.550502 -0.125863 0.825291 0.363992 0.935421
male.bmp
  2 18.617224 -0.822653 -0.603365 0.550502 -0.125863 0.825291 0.363992 0.935421
  2 18.637224 -0.872653 -0.663365 0.719222 -0.669682 0.185055 0.360078 0.931507
  2 18.607224 -0.362654 -0.813366 0.522145 0.708370 0.474948 0.428571 0.935421
male.bmp
  2 18.637224 -0.872653 -0.663365 0.719222 -0.669682 0.185055 0.360078 0.931507
  2 18.627224 -0.362654 -0.883366 0.686089 0.640479 -0.345064 0.430528 0.931507
  2 18.607224 -0.362654 -0.813366 0.522145 0.708370 0.474948 0.428571 0.935421
male.bmp
  2 18.607224 -0.362654 -0.813366 0.522145 0.708370 0.474948 0.428571 0.935421
  2 18.627224 -0.362654 -0.883366 0.686089 0.640479 -0.345064 0.430528 0.931507
  2 18.197224 -0.352653 -0.763365 -0.372413 0.727420 0.576340 0.428571 0.988258
male.bmp
  2 18.627224 -0.362654 -0.883366 0.686089 0.640479 -0.345064 0.430528 0.931507
  2 18.157224 -0.352654 -0.833365 -0.720353 0.666005 -0.193724 0.430528 0.992172
  2 18.197224 -0.352653 -0.763365 -0.372413 0.727420 0.576340 0.428571 0.988258
male.bmp
  2 18.197224 -0.352653 -0.763365 -0.372413 0.727420 0.576340 0.428571 0.988258
  2 18.157224 -0.352654 -0.833365 -0.720353 0.666005 -0.193724 0.430528 0.992172
  2 18.207224 -0.812653 -0.563364 -0.355093 -0.108424 0.928522 0.363992 0.990215
male.bmp
  2 18.197224 -0.352653 -0.763365 -0.372413 0.727420 0.576340 0.428571 0.988258
  2 18.207224 -0.812653 -0.563364 -0.355093 -0.108424 0.928522 0.363992 0.990215
  2 18.257224 -0.762653 -0.583364 0.281680 0.553299 0.783911 0.371820 0.982387
male.bmp
  2 18.257224 -0.762653 -0.583364 0.281680 0.553299 0.783911 0.371820 0.982387
  2 18.207224 -0.812653 -0.563364 -0.355093 -0.108424 0.928522 0.363992 0.990215
  2 18.557224 -0.762653 -0.623365 -0.072468 0.563294 0.823073 0.371820 0.943249
male.bmp
  2 18.207224 -0.812653 -0.563364 -0.355093 -0.108424 0.928522 0.363992 0.990215
  2 18.617224 -0.822653 -0.603365 0.550502 -0.125863 0.825291 0.363992 0.935421
  2 18.557224 -0.762653 -0.623365 -0.072468 0.563294 0.823073 0.371820 0.943249
male.bmp
  2 18.557224 -0.762653 -0.623365 -0.072468 0.563294 0.823073 0.371820 0.943249
  2 18.617224 -0.822653 -0.603365 0.550502 -0.125863 0.825291 0.363992 0.935421
  2 18.547224 -0.412654 -0.783366 -0.089048 0.207662 0.974139 0.420744 0.943249
male.bmp
  2 18.617224 -0.822653 -0.603365 0.550502 -0.125863 0.825291 0.363992 0.935421
  2 18.607224 -0.362654 -0.813366 0.522145 0.708370 0.474948 0.428571 0.935421
  2 18.547224 -0.412654 -0.783366 -0.089048 0.207662 0.974139 0.420744 0.943249
male.bmp
  2 18.547224 -0.412654 -0.783366 -0.089048 0.207662 0.974139 0.420744 0.943249
  2 18.607224 -0.362654 -0.813366 0.522145 0.708370 0.474948 0.428571 0.935421
  2 18.247224 -0.402653 -0.743365 0.317971 0.201322 0.926479 0.420744 0.982387
male.bmp
  2 18.607224 -0.362654 -0.813366 0.522145 0.708370 0.474948 0.428571 0.935421
  2 18.197224 -0.352653 -0.763365 -0.372413 0.727420 0.576340 0.428571 0.988258
  2 18.247224 -0.402653 -0.743365 0.317971 0.201322 0.926479 0.420744 0.982387
male.bmp
  2 18.247224 -0.402653 -0.743365 0.317971 0.201322 0.926479 0.420744 0.982387
  2 18.197224 -0.352653 -0.763365 -0.372413 0.727420 0.576340 0.428571 0.988258
  2 18.257224 -0.762653 -0.583364 0.281680 0.553299 0.783911 0.371820 0.982387
male.bmp
  2 18.247224 -0.402653 -0.743365 0.317971 0.201322 0.926479 0.420744 0.982387
  2 18.257224 -0.762653 -0.583364 0.281680 0.553299 0.783911 0.371820 0.982387
  2 18.277224 -0.762653 -0.663364 0.686089 0.640479 -0.345064 0.375734 0.978474
male.bmp
  2 18.277224 -0.762653 -0.663364 0.686089 0.640479 -0.345064 0.375734 0.978474
  2 18.257224 -0.762653 -0.583364 0.281680 0.553299 0.783911 0.371820 0.982387
  2 18.527224 -0.762653 -0.693365 -0.720353 0.666005 -0.193724 0.375734 0.945205
male.bmp
  2 18.257224 -0.762653 -0.583364 0.281680 0.553299 0.783911 0.371820 0.982387
  2 18.557224 -0.762653 -0.623365 -0.072468 0.563294 0.823073 0.371820 0.943249
  2 18.527224 -0.762653 -0.693365 -0.720353 0.666005 -0.193724 0.375734 0.945205
male.bmp
  2 18.527224 -0.762653 -0.693365 -0.720353 0.666005 -0.193724 0.375734 0.945205
  2 18.557224 -0.762653 -0.623365 -0.072468 0.563294 0.823073 0.371820 0.943249
  2 18.517224 -0.462654 -0.833366 -0.684269 -0.637514 0.354050 0.416830 0.945205
male.bmp
  2 18.557224 -0.762653 -0.623365 -0.072468 0.563294 0.823073 0.371820 0.943249
  2 18.547224 -0.412654 -0.783366 -0.089048 0.207662 0.974139 0.420744 0.943249
  2 18.517224 -0.462654 -0.833366 -0.684269 -0.637514 0.354050 0.416830 0.945205
male.bmp
  2 18.517224 -0.462654 -0.833366 -0.684269 -0.637514 0.354050 0.416830 0.945205
  2 18.547224 -0.412654 -0.783366 -0.089048 0.207662 0.974139 0.420744 0.943249
  2 18.267224 -0.462654 -0.803365 0.719222 -0.669682 0.185055 0.416830 0.978474
male.bmp
  2 18.547224 -0.412654 -0.783366 -0.089048 0.207662 0.974139 0.420744 0.943249
  2 18.247224 -0.402653 -0.743365 0.317971 0.201322 0.926479 0.420744 0.982387
  2 18.267224 -0.462654 -0.803365 0.719222 -0.669682 0.185055 0.416830 0.978474
male.bmp
  2 18.267224 -0.462654 -0.803365 0.719222 -0.669682 0.185055 0.416830 0.978474
  2 18.247224 -0.402653 -0.743365 0.317971 0.201322 0.926479 0.420744 0.982387
  2 18.277224 -0.762653 -0.663364 0.686089 0.640479 -0.345064 0.375734 0.978474
male.bmp
  2 18.267224 -0.462654 -0.803365 0.719222 -0.669682 0.185055 0.534247 0.735812
  2 18.277224 -0.762653 -0.663364 0.686089 0.640479 -0.345064 0.534247 0.786693
  2 18.247224 -0.812653 -0.713364 0.092499 -0.210154 -0.973283 0.538160 0.790607
male.bmp
  2 18.247224 -0.812653 -0.713364 0.092499 -0.210154 -0.973283 0.538160 0.790607
  2 18.277224 -0.762653 -0.663364 0.686089 0.640479 -0.345064 0.534247 0.786693
  2 18.547224 -0.822653 -0.743365 -0.314705 -0.199055 -0.928083 0.491194 0.790607
male.bmp
  2 18.277224 -0.762653 -0.663364 0.686089 0.640479 -0.345064 0.534247 0.786693
  2 18.527224 -0.762653 -0.693365 -0.720353 0.666005 -0.193724 0.495108 0.786693
  2 18.547224 -0.822653 -0.743365 -0.314705 -0.199055 -0.928083 0.491194 0.790607
male.bmp
  2 18.547224 -0.822653 -0.743365 -0.314705 -0.199055 -0.928083 0.491194 0.790607
  2 18.527224 -0.762653 -0.693365 -0.720353 0.666005 -0.193724 0.495108 0.786693
  2 18.537224 -0.462654 -0.903366 -0.278249 -0.555850 -0.783332 0.491194 0.729941
male.bmp
  2 18.527224 -0.762653 -0.693365 -0.720353 0.666005 -0.193724 0.495108 0.786693
  2 18.517224 -0.462654 -0.833366 -0.684269 -0.637514 0.354050 0.495108 0.735812
  2 18.537224 -0.462654 -0.903366 -0.278249 -0.555850 -0.783332 0.491194 0.729941
male.bmp
  2 18.537224 -0.462654 -0.903366 -0.278249 -0.555850 -0.783332 0.491194 0.729941
  2 18.517224 -0.462654 -0.833366 -0.684269 -0.637514 0.354050 0.495108 0.735812
  2 18.237224 -0.462654 -0.873365 0.075742 -0.560832 -0.824458 0.538160 0.729941
male.bmp
  2 18.517224 -0.462654 -0.833366 -0.684269 -0.637514 0.354050 0.495108 0.735812
  2 18.267224 -0.462654 -0.803365 0.719222 -0.669682 0.185055 0.534247 0.735812
  2 18.237224 -0.462654 -0.873365 0.075742 -0.560832 -0.824458 0.538160 0.729941
male.bmp
  2 18.237224 -0.462654 -0.873365 0.075742 -0.560832 -0.824458 0.538160 0.729941
  2 18.267224 -0.462654 -0.803365 0.719222 -0.669682 0.185055 0.534247 0.735812
  2 18.247224 -0.812653 -0.713364 0.092499 -0.210154 -0.973283 0.538160 0.790607
male.bmp
  2 18.237224 -0.462654 -0.873365 0.075742 -0.560832 -0.824458 0.538160 0.729941
  2 18.247224 -0.812653 -0.713364 0.092499 -0.210154 -0.973283 0.538160 0.790607
  2 18.187224 -0.862653 -0.683364 -0.521862 -0.709063 -0.474224 0.547945 0.798434
male.bmp
  2 18.187224 -0.862653 -0.683364 -0.521862 -0.709063 -0.474224 0.547945 0.798434
  2 18.247224 -0.812653 -0.713364 0.092499 -0.210154 -0.973283 0.538160 0.790607
  2 18.607224 -0.872653 -0.733365 0.372629 -0.726683 -0.577131 0.481409 0.798434
male.bmp
  2 18.247224 -0.812653 -0.713364 0.092499 -0.210154 -0.973283 0.538160 0.790607
  2 18.547224 -0.822653 -0.743365 -0.314705 -0.199055 -0.928083 0.491194 0.790607
  2 18.607224 -0.872653 -0.733365 0.372629 -0.726683 -0.577131 0.481409 0.798434
male.bmp
  2 18.607224 -0.872653 -0.733365 0.372629 -0.726683 -0.577131 0.481409 0.798434
  2 18.547224 -0.822653 -0.743365 -0.314705 -0.199055 -0.928083 0.491194 0.790607
  2 18.587224 -0.412654 -0.933366 0.355351 0.107370 -0.928546 0.481409 0.722114
male.bmp
  2 18.547224 -0.822653 -0.743365 -0.314705 -0.199055 -0.928083 0.491194 0.790607
  2 18.537224 -0.462654 -0.903366 -0.278249 -0.555850 -0.783332 0.491194 0.729941
  2 18.587224 -0.412654 -0.933366 0.355351 0.107370 -0.928546 0.481409 0.722114
male.bmp
  2 18.587224 -0.412654 -0.933366 0.355351 0.107370 -0.928546 0.481409 0.722114
  2 18.537224 -0.462654 -0.903366 -0.278249 -0.555850 -0.783332 0.491194 0.729941
  2 18.177224 -0.402654 -0.883365 -0.550265 0.126870 -0.825296 0.547945 0.722114
male.bmp
  2 18.537224 -0.462654 -0.903366 -0.278249 -0.555850 -0.783332 0.491194 0.729941
  2 18.237224 -0.462654 -0.873365 0.075742 -0.560832 -0.824458 0.538160 0.729941
  2 18.177224 -0.402654 -0.883365 -0.550265 0.126870 -0.825296 0.547945 0.722114
male.bmp
  2 18.177224 -0.402654 -0.883365 -0.550265 0.126870 -0.825296 0.547945 0.722114
  2 18.237224 -0.462654 -0.873365 0.075742 -0.560832 -0.824458 0.538160 0.729941
  2 18.187224 -0.862653 -0.683364 -0.521862 -0.709063 -0.474224 0.547945 0.798434
male.bmp
  2 18.177224 -0.402654 -0.883365 -0.550265 0.126870 -0.825296 0.547945 0.722114
  2 18.187224 -0.862653 -0.683364 -0.521862 -0.709063 -0.474224 0.547945 0.798434
  2 18.167224 -0.862653 -0.603364 -0.684269 -0.637514 0.354050 0.551859 0.804305
male.bmp
  2 18.167224 -0.862653 -0.603364 -0.684269 -0.637514 0.354050 0.551859 0.804305
  2 18.187224 -0.862653 -0.683364 -0.521862 -0.709063 -0.474224 0.547945 0.798434
  2 18.637224 -0.872653 -0.663365 0.719222 -0.669682 0.185055 0.477495 0.804305
male.bmp
  2 18.187224 -0.862653 -0.683364 -0.521862 -0.709063 -0.474224 0.547945 0.798434
  2 18.607224 -0.872653 -0.733365 0.372629 -0.726683 -0.577131 0.481409 0.798434
  2 18.637224 -0.872653 -0.663365 0.719222 -0.669682 0.185055 0.477495 0.804305
male.bmp
  2 18.637224 -0.872653 -0.663365 0.719222 -0.669682 0.185055 0.477495 0.804305
  2 18.607224 -0.872653 -0.733365 0.372629 -0.726683 -0.577131 0.481409 0.798434
  2 18.627224 -0.362654 -0.883366 0.686089 0.640479 -0.345064 0.477495 0.718200
male.bmp
  2 18.607224 -0.872653 -0.733365 0.372629 -0.726683 -0.577131 0.481409 0.798434
  2 18.587224 -0.412654 -0.933366 0.355351 0.107370 -0.928546 0.481409 0.722114
  2 18.627224 -0.362654 -0.883366 0.686089 0.640479 -0.345064 0.477495 0.718200
male.bmp
  2 18.627224 -0.362654 -0.883366 0.686089 0.640479 -0.345064 0.477495 0.718200
  2 18.587224 -0.412654 -0.933366 0.355351 0.107370 -0.928546 0.481409 0.722114
  2 18.157224 -0.352654 -0.833365 -0.720353 0.666005 -0.193724 0.551859 0.718200
male.bmp
  2 18.587224 -0.412654 -0.933366 0.355351 0.107370 -0.928546 0.481409 0.722114
  2 18.177224 -0.402654 -0.883365 -0.550265 0.126870 -0.825296 0.547945 0.722114
  2 18.157224 -0.352654 -0.833365 -0.720353 0.666005 -0.193724 0.551859 0.718200
male.bmp
  2 18.157224 -0.352654 -0.833365 -0.720353 0.666005 -0.193724 0.551859 0.718200
  2 18.177224 -0.402654 -0.883365 -0.550265 0.126870 -0.825296 0.547945 0.722114
  2 18.167224 -0.862653 -0.603364 -0.684269 -0.637514 0.354050 0.551859 0.804305
male.bmp
  22 -23.897199 1.435216 0.107829 -0.854151 -0.429729 0.292847 0.956947 0.673190
  22 -23.854415 1.611572 0.159481 -0.848362 0.237831 0.472988 0.923679 0.671233
  22 -23.915018 1.595683 0.050970 -0.978010 0.205070 0.037995 0.925636 0.661448
male.bmp
  22 -23.915018 1.595683 0.050970 -0.978010 0.205070 0.037995 0.925636 0.661448
  22 -23.854415 1.611572 0.159481 -0.848362 0.237831 0.472988 0.923679 0.671233
  22 -23.853371 1.705922 0.006848 -0.702781 0.694656 -0.153468 0.898239 0.667319
male.bmp
  22 -23.854415 1.611572 0.159481 -0.848362 0.237831 0.472988 0.923679 0.671233
  22 -23.766072 1.741839 0.098439 -0.192485 0.871288 0.451449 0.894325 0.694716
  22 -23.853371 1.705922 0.006848 -0.702781 0.694656 -0.153468 0.898239 0.667319
male.bmp
  22 -23.853371 1.705922 0.006848 -0.702781 0.694656 -0.153468 0.898239 0.667319
  22 -23.766072 1.741839 0.098439 -0.192485 0.871288 0.451449 0.894325 0.694716
  22 -23.729745 1.737811 -0.026317 -0.088679 0.950460 -0.297930 0.882583 0.690802
male.bmp
  22 -23.766072 1.741839 0.098439 -0.192485 0.871288 0.451449 0.894325 0.694716
  22 -23.454289 1.702571 0.071058 0.113438 0.891352 0.438890 0.896282 0.747554
  22 -23.729745 1.737811 -0.026317 -0.088679 0.950460 -0.297930 0.882583 0.690802
male.bmp
  22 -23.729745 1.737811 -0.026317 -0.088679 0.950460 -0.297930 0.882583 0.690802
  22 -23.454289 1.702571 0.071058 0.113438 0.891352 0.438890 0.896282 0.747554
  21 -22.955129 1.620244 -0.063096 0.186592 0.923463 -0.335261 0.878669 0.825832
male.bmp
  22 -23.454289 1.702571 0.071058 0.113438 0.891352 0.438890 0.896282 0.747554
  21 -23.007677 1.615840 0.126955 0.153630 0.894476 0.419894 0.894325 0.814090
  21 -22.955129 1.620244 -0.063096 0.186592 0.923463 -0.335261 0.878669 0.825832
male.bmp
  21 -22.955129 1.620244 -0.063096 0.186592 0.923463 -0.335261 0.878669 0.825832
  21 -23.007677 1.615840 0.126955 0.153630 0.894476 0.419894 0.894325 0.814090
  21 -21.965314 1.374971 0.163856 0.098349 0.899949 0.424757 0.894325 0.966732
male.bmp
  22 -23.831842 1.624271 0.186485 -0.499107 0.360887 0.787815 0.925636 0.681018
  22 -23.812896 1.456256 0.182997 -0.338936 -0.325364 0.882758 0.956947 0.688845
  22 -23.469609 1.542248 0.170365 -0.062400 0.359508 0.931053 0.921722 0.751468
male.bmp
  22 -23.469609 1.542248 0.170365 -0.062400 0.359508 0.931053 0.921722 0.751468
  22 -23.812896 1.456256 0.182997 -0.338936 -0.325364 0.882758 0.956947 0.688845
  22 -23.527575 1.399765 0.182133 -0.152592 -0.202555 0.967309 0.949119 0.747554
male.bmp
  22 -23.812896 1.456256 0.182997 -0.338936 -0.325364 0.882758 0.956947 0.688845
  22 -23.775594 1.339980 0.080584 -0.383578 -0.849993 0.361081 0.968689 0.706458
  22 -23.527575 1.399765 0.182133 -0.152592 -0.202555 0.967309 0.949119 0.747554
male.bmp
  22 -23.527575 1.399765 0.182133 -0.152592 -0.202555 0.967309 0.949119 0.747554
  22 -23.775594 1.339980 0.080584 -0.383578 -0.849993 0.361081 0.968689 0.706458
  21 -23.117818 1.289885 0.235224 -0.165791 -0.468488 0.867774 0.949119 0.818004
male.bmp
  22 -23.775594 1.339980 0.080584 -0.383578 -0.849993 0.361081 0.968689 0.706458
  21 -23.132636 1.157072 0.065987 -0.257621 -0.926753 0.273423 0.972603 0.829746
  21 -23.117818 1.289885 0.235224 -0.165791 -0.468488 0.867774 0.949119 0.818004
male.bmp
  21 -23.117818 1.289885 0.235224 -0.165791 -0.468488 0.867774 0.949119 0.818004
  21 -23.132636 1.157072 0.065987 -0.257621 -0.926753 0.273423 0.972603 0.829746
  21 -22.068097 1.040069 0.285002 -0.332569 -0.346136 0.877262 0.951076 0.964775
male.bmp
  21 -23.132636 1.157072 0.065987 -0.257621 -0.926753 0.273423 0.972603 0.829746
  21 -22.093667 0.861750 0.098057 -0.381041 -0.894028 0.235630 0.978474 0.974560
  21 -22.068097 1.040069 0.285002 -0.332569 -0.346136 0.877262 0.951076 0.964775
male.bmp
  21 -22.068097 1.040069 0.285002 -0.332569 -0.346136 0.877262 0.951076 0.964775
  21 -22.093667 0.861750 0.098057 -0.381041 -0.894028 0.235630 0.978474 0.974560
  20 -22.007300 0.818671 0.130513 -0.505046 -0.823487 0.258453 0.978474 0.988258
male.bmp
  33 -19.325159 -2.562878 -0.525879 0.825001 -0.487177 -0.286411 0.573386 0.933464
  33 -19.303291 -2.609693 -0.451514 0.873495 -0.439202 -0.210020 0.567515 0.933464
  33 -19.493777 -3.027250 -0.480858 0.021054 -0.970522 -0.240091 0.547945 0.982387
male.bmp
  33 -19.493777 -3.027250 -0.480858 0.021054 -0.970522 -0.240091 0.547945 0.982387
  33 -19.303291 -2.609693 -0.451514 0.873495 -0.439202 -0.210020 0.567515 0.933464
  33 -19.463514 -2.997447 -0.375521 0.492414 -0.853212 0.171927 0.542074 0.980431
male.bmp
  33 -19.303291 -2.609693 -0.451514 0.873495 -0.439202 -0.210020 0.567515 0.933464
  33 -19.280544 -2.569368 -0.334653 0.832027 -0.485843 0.267745 0.559687 0.933464
  33 -19.463514 -2.997447 -0.375521 0.492414 -0.853212 0.171927 0.542074 0.980431
male.bmp
  33 -19.463514 -2.997447 -0.375521 0.492414 -0.853212 0.171927 0.542074 0.980431
  33 -19.280544 -2.569368 -0.334653 0.832027 -0.485843 0.267745 0.559687 0.933464
  33 -19.428675 -2.527788 -0.087413 0.546491 -0.438666 0.713386 0.534247 0.929550
male.bmp
  33 -19.280544 -2.569368 -0.334653 0.832027 -0.485843 0.267745 0.559687 0.933464
  33 -19.188701 -2.090509 0.086368 0.479613 -0.525260 0.702903 0.553816 0.882583
  33 -19.428675 -2.527788 -0.087413 0.546491 -0.438666 0.713386 0.534247 0.929550
male.bmp
  33 -19.428675 -2.527788 -0.087413 0.546491 -0.438666 0.713386 0.534247 0.929550
  33 -19.188701 -2.090509 0.086368 0.479613 -0.525260 0.702903 0.553816 0.882583
  33 -19.647767 -1.962489 0.242793 -0.171125 -0.371671 0.912457 0.504892 0.874755
male.bmp
  33 -19.188701 -2.090509 0.086368 0.479613 -0.525260 0.702903 0.553816 0.882583
  32 -19.468498 -1.405721 0.484655 0.017203 -0.360581 0.932569 0.516634 0.816047
  33 -19.647767 -1.962489 0.242793 -0.171125 -0.371671 0.912457 0.504892 0.874755
male.bmp
  33 -19.647767 -1.962489 0.242793 -0.171125 -0.371671 0.912457 0.504892 0.874755
  32 -19.468498 -1.405721 0.484655 0.017203 -0.360581 0.932569 0.516634 0.816047
  32 -19.864927 -1.437601 0.406374 -0.342548 -0.502140 0.794051 0.477495 0.823875
male.bmp
  23 -22.295957 0.418050 0.022050 -0.603442 0.740023 -0.297026 0.583170 0.209393
  23 -22.321021 0.358433 0.279960 -0.581845 0.692438 0.426598 0.581213 0.191781
  20 -20.897056 0.479947 0.262893 -0.676887 0.416201 0.607125 0.702544 0.215264
male.bmp
  20 -20.897056 0.479947 0.262893 -0.676887 0.416201 0.607125 0.702544 0.215264
  23 -22.321021 0.358433 0.279960 -0.581845 0.692438 0.426598 0.581213 0.191781
  19 -20.858312 0.439014 0.453593 -0.285026 0.653982 0.700762 0.712329 0.207436
male.bmp
  23 -22.321021 0.358433 0.279960 -0.581845 0.692438 0.426598 0.581213 0.191781
  19 -20.917291 0.202818 0.573730 -0.167138 0.282735 0.944524 0.708415 0.185910
  19 -20.858312 0.439014 0.453593 -0.285026 0.653982 0.700762 0.712329 0.207436
male.bmp
  19 -20.858312 0.439014 0.453593 -0.285026 0.653982 0.700762 0.712329 0.207436
  19 -20.917291 0.202818 0.573730 -0.167138 0.282735 0.944524 0.708415 0.185910
  19 -20.202639 0.322593 0.707246 -0.117716 0.202234 0.972237 0.772994 0.199609
male.bmp
  19 -20.917291 0.202818 0.573730 -0.167138 0.282735 0.944524 0.708415 0.185910
  19 -20.813592 -0.056010 0.611870 -0.257178 -0.259395 0.930899 0.720157 0.160470
  19 -20.202639 0.322593 0.707246 -0.117716 0.202234 0.972237 0.772994 0.199609
male.bmp
  19 -20.202639 0.322593 0.707246 -0.117716 0.202234 0.972237 0.772994 0.199609
  19 -20.813592 -0.056010 0.611870 -0.257178 -0.259395 0.930899 0.720157 0.160470
  19 -20.199881 -0.360344 0.690229 -0.058477 -0.018113 0.998124 0.776908 0.138943
male.bmp
  19 -20.813592 -0.056010 0.611870 -0.257178 -0.259395 0.930899 0.720157 0.160470
  19 -20.688741 -0.264370 0.573161 -0.362492 0.071646 0.929229 0.731898 0.142857
  19 -20.199881 -0.360344 0.690229 -0.058477 -0.018113 0.998124 0.776908 0.138943
male.bmp
  19 -20.199881 -0.360344 0.690229 -0.058477 -0.018113 0.998124 0.776908 0.138943
  19 -20.688741 -0.264370 0.573161 -0.362492 0.071646 0.929229 0.731898 0.142857
  19 -20.766627 -0.580466 0.705891 -0.110984 0.102581 0.988514 0.726027 0.115460
male.bmp
  19 -17.670535 -0.818524 0.732087 0.542806 -0.458883 0.703412 0.491194 0.076321
  19 -17.690536 -0.068176 0.890447 0.560697 0.051212 0.826436 0.502935 0.156556
  19 -18.030535 -0.778546 0.721999 -0.649106 -0.412176 0.639353 0.452055 0.086106
male.bmp
  19 -18.030535 -0.778546 0.721999 -0.649106 -0.412176 0.639353 0.452055 0.086106
  19 -17.690536 -0.068176 0.890447 0.560697 0.051212 0.826436 0.502935 0.156556
  19 -18.050536 -0.028242 0.860358 -0.708753 0.045750 0.703971 0.461840 0.168297
male.bmp
  19 -17.690536 -0.068176 0.890447 0.560697 0.051212 0.826436 0.502935 0.156556
  19 -17.690536 0.581363 0.679026 0.510757 0.395774 0.763210 0.512720 0.227006
  19 -18.050536 -0.028242 0.860358 -0.708753 0.045750 0.703971 0.461840 0.168297
male.bmp
  19 -18.050536 -0.028242 0.860358 -0.708753 0.045750 0.703971 0.461840 0.168297
  19 -17.690536 0.581363 0.679026 0.510757 0.395774 0.763210 0.512720 0.227006
  19 -18.050536 0.581276 0.639025 -0.666774 0.391344 0.634241 0.471624 0.232877
male.bmp
  19 -17.690536 0.581363 0.679026 0.510757 0.395774 0.763210 0.512720 0.227006
  19 -17.660535 1.070444 0.257955 0.579896 0.673384 0.458557 0.518591 0.273973
  19 -18.050536 0.581276 0.639025 -0.666774 0.391344 0.634241 0.471624 0.232877
male.bmp
  19 -18.050536 0.581276 0.639025 -0.666774 0.391344 0.634241 0.471624 0.232877
  19 -17.660535 1.070444 0.257955 0.579896 0.673384 0.458557 0.518591 0.273973
  19 -18.030535 1.080400 0.237933 -0.656516 0.641412 0.396959 0.477495 0.279843
male.bmp
  19 -17.660535 1.070444 0.257955 0.579896 0.673384 0.458557 0.518591 0.273973
  19 -17.630534 1.259000 -0.402458 0.582265 0.812809 -0.017568 0.524462 0.320939
  19 -18.030535 1.080400 0.237933 -0.656516 0.641412 0.396959 0.477495 0.279843
male.bmp
  19 -18.030535 1.080400 0.237933 -0.656516 0.641412 0.396959 0.477495 0.279843
  19 -17.630534 1.259000 -0.402458 0.582265 0.812809 -0.017568 0.524462 0.320939
  19 -18.000534 1.289044 -0.382525 -0.605083 0.795912 -0.019961 0.483366 0.336595
male.bmp
  19 -17.570532 -0.701454 -0.608172 0.684259 -0.637518 0.354063 0.360078 0.992172
  19 -17.560532 -0.181936 -0.829309 0.720354 0.666009 -0.193705 0.430528 0.992172
  19 -17.610533 -0.641345 -0.558304 0.355078 -0.108425 0.928528 0.363992 0.990215
male.bmp
  19 -17.610533 -0.641345 -0.558304 0.355078 -0.108425 0.928528 0.363992 0.990215
  19 -17.560532 -0.181936 -0.829309 0.720354 0.666009 -0.193705 0.430528 0.992172
  19 -17.600533 -0.181783 -0.759309 0.372404 0.727419 0.576348 0.428571 0.988258
male.bmp
  19 -17.560532 -0.181936 -0.829309 0.720354 0.666009 -0.193705 0.430528 0.992172
  19 -18.030532 -0.192068 -0.889287 -0.686077 0.640481 -0.345083 0.430528 0.931507
  19 -17.600533 -0.181783 -0.759309 0.372404 0.727419 0.576348 0.428571 0.988258
male.bmp
  19 -17.600533 -0.181783 -0.759309 0.372404 0.727419 0.576348 0.428571 0.988258
  19 -18.030532 -0.192068 -0.889287 -0.686077 0.640481 -0.345083 0.430528 0.931507
  19 -18.010533 -0.191893 -0.809288 -0.522155 0.708371 0.474937 0.428571 0.935421
male.bmp
  19 -18.030532 -0.192068 -0.889287 -0.686077 0.640481 -0.345083 0.430528 0.931507
  19 -18.040532 -0.711564 -0.658151 -0.719227 -0.669682 0.185036 0.360078 0.931507
  19 -18.010533 -0.191893 -0.809288 -0.522155 0.708371 0.474937 0.428571 0.935421
male.bmp
  19 -18.010533 -0.191893 -0.809288 -0.522155 0.708371 0.474937 0.428571 0.935421
  19 -18.040532 -0.711564 -0.658151 -0.719227 -0.669682 0.185036 0.360078 0.931507
  19 -18.020533 -0.651455 -0.608282 -0.550517 -0.125863 0.825282 0.363992 0.935421
male.bmp
  19 -18.040532 -0.711564 -0.658151 -0.719227 -0.669682 0.185036 0.360078 0.931507
  19 -17.570532 -0.701454 -0.608172 0.684259 -0.637518 0.354063 0.360078 0.992172
  19 -18.020533 -0.651455 -0.608282 -0.550517 -0.125863 0.825282 0.363992 0.935421
male.bmp
  19 -18.020533 -0.651455 -0.608282 -0.550517 -0.125863 0.825282 0.363992 0.935421
  19 -17.570532 -0.701454 -0.608172 0.684259 -0.637518 0.354063 0.360078 0.992172
  19 -17.610533 -0.641345 -0.558304 0.355078 -0.108425 0.928528 0.363992 0.990215
male.bmp
  19 -17.610533 -0.641345 -0.558304 0.355078 -0.108425 0.928528 0.363992 0.990215
  19 -17.600533 -0.181783 -0.759309 0.372404 0.727419 0.576348 0.428571 0.988258
  19 -17.660533 -0.591411 -0.588413 -0.281697 0.553298 0.783906 0.371820 0.982387
male.bmp
  19 -17.660533 -0.591411 -0.588413 -0.281697 0.553298 0.783906 0.371820 0.982387
  19 -17.600533 -0.181783 -0.759309 0.372404 0.727419 0.576348 0.428571 0.988258
  19 -17.650533 -0.241761 -0.749178 -0.317992 0.201322 0.926472 0.420744 0.982387
male.bmp
  19 -17.600533 -0.181783 -0.759309 0.372404 0.727419 0.576348 0.428571 0.988258
  19 -18.010533 -0.191893 -0.809288 -0.522155 0.708371 0.474937 0.428571 0.935421
  19 -17.650533 -0.241761 -0.749178 -0.317992 0.201322 0.926472 0.420744 0.982387
male.bmp
  19 -17.650533 -0.241761 -0.749178 -0.317992 0.201322 0.926472 0.420744 0.982387
  19 -18.010533 -0.191893 -0.809288 -0.522155 0.708371 0.474937 0.428571 0.935421
  19 -17.950533 -0.241827 -0.779178 0.089026 0.207659 0.974142 0.420744 0.943249
male.bmp
  19 -18.010533 -0.191893 -0.809288 -0.522155 0.708371 0.474937 0.428571 0.935421
  19 -18.020533 -0.651455 -0.608282 -0.550517 -0.125863 0.825282 0.363992 0.935421
  19 -17.950533 -0.241827 -0.779178 0.089026 0.207659 0.974142 0.420744 0.943249
male.bmp
  19 -17.950533 -0.241827 -0.779178 0.089026 0.207659 0.974142 0.420744 0.943249
  19 -18.020533 -0.651455 -0.608282 -0.550517 -0.125863 0.825282 0.363992 0.935421
  19 -17.960533 -0.601477 -0.618391 0.072450 0.563294 0.823074 0.371820 0.943249
male.bmp
  19 -18.020533 -0.651455 -0.608282 -0.550517 -0.125863 0.825282 0.363992 0.935421
  19 -17.610533 -0.641345 -0.558304 0.355078 -0.108425 0.928528 0.363992 0.990215
  19 -17.960533 -0.601477 -0.618391 0.072450 0.563294 0.823074 0.371820 0.943249
male.bmp
  19 -17.960533 -0.601477 -0.618391 0.072450 0.563294 0.823074 0.371820 0.943249
  19 -17.610533 -0.641345 -0.558304 0.355078 -0.108425 0.928528 0.363992 0.990215
  19 -17.660533 -0.591411 -0.588413 -0.281697 0.553298 0.783906 0.371820 0.982387
male.bmp
  19 -17.660533 -0.591411 -0.588413 -0.281697 0.553298 0.783906 0.371820 0.982387
  19 -17.650533 -0.241761 -0.749178 -0.317992 0.201322 0.926472 0.420744 0.982387
  19 -17.680532 -0.591586 -0.668413 -0.686077 0.640481 -0.345083 0.375734 0.978474
male.bmp
  19 -17.680532 -0.591586 -0.668413 -0.686077 0.640481 -0.345083 0.375734 0.978474
  19 -17.650533 -0.241761 -0.749178 -0.317992 0.201322 0.926472 0.420744 0.982387
  19 -17.670532 -0.291871 -0.799068 -0.719227 -0.669682 0.185036 0.416830 0.978474
male.bmp
  19 -17.650533 -0.241761 -0.749178 -0.317992 0.201322 0.926472 0.420744 0.982387
  19 -17.950533 -0.241827 -0.779178 0.089026 0.207659 0.974142 0.420744 0.943249
  19 -17.670532 -0.291871 -0.799068 -0.719227 -0.669682 0.185036 0.416830 0.978474
male.bmp
  19 -17.670532 -0.291871 -0.799068 -0.719227 -0.669682 0.185036 0.416830 0.978474
  19 -17.950533 -0.241827 -0.779178 0.089026 0.207659 0.974142 0.420744 0.943249
  19 -17.920532 -0.301936 -0.829047 0.684259 -0.637518 0.354063 0.416830 0.945205
male.bmp
  19 -17.950533 -0.241827 -0.779178 0.089026 0.207659 0.974142 0.420744 0.943249
  19 -17.960533 -0.601477 -0.618391 0.072450 0.563294 0.823074 0.371820 0.943249
  19 -17.920532 -0.301936 -0.829047 0.684259 -0.637518 0.354063 0.416830 0.945205
male.bmp
  19 -17.920532 -0.301936 -0.829047 0.684259 -0.637518 0.354063 0.416830 0.945205
  19 -17.960533 -0.601477 -0.618391 0.072450 0.563294 0.823074 0.371820 0.943249
  19 -17.930532 -0.601630 -0.688391 0.720354 0.666009 -0.193705 0.375734 0.945205
male.bmp
  19 -17.960533 -0.601477 -0.618391 0.072450 0.563294 0.823074 0.371820 0.943249
  19 -17.660533 -0.591411 -0.588413 -0.281697 0.553298 0.783906 0.371820 0.982387
  19 -17.930532 -0.601630 -0.688391 0.720354 0.666009 -0.193705 0.375734 0.945205
male.bmp
  19 -17.930532 -0.601630 -0.688391 0.720354 0.666009 -0.193705 0.375734 0.945205
  19 -17.660533 -0.591411 -0.588413 -0.281697 0.553298 0.783906 0.371820 0.982387
  19 -17.680532 -0.591586 -0.668413 -0.686077 0.640481 -0.345083 0.375734 0.978474
male.bmp
  19 -17.680532 -0.591586 -0.668413 -0.686077 0.640481 -0.345083 0.534247 0.786693
  19 -17.670532 -0.291871 -0.799068 -0.719227 -0.669682 0.185036 0.534247 0.735812
  19 -17.650532 -0.651673 -0.708281 -0.092476 -0.210154 -0.973285 0.538160 0.790607
male.bmp
  19 -17.650532 -0.651673 -0.708281 -0.092476 -0.210154 -0.973285 0.538160 0.790607
  19 -17.670532 -0.291871 -0.799068 -0.719227 -0.669682 0.185036 0.534247 0.735812
  19 -17.640532 -0.292024 -0.869068 -0.075724 -0.560832 -0.824460 0.538160 0.729941
male.bmp
  19 -17.670532 -0.291871 -0.799068 -0.719227 -0.669682 0.185036 0.534247 0.735812
  19 -17.920532 -0.301936 -0.829047 0.684259 -0.637518 0.354063 0.495108 0.735812
  19 -17.640532 -0.292024 -0.869068 -0.075724 -0.560832 -0.824460 0.538160 0.729941
male.bmp
  19 -17.640532 -0.292024 -0.869068 -0.075724 -0.560832 -0.824460 0.538160 0.729941
  19 -17.920532 -0.301936 -0.829047 0.684259 -0.637518 0.354063 0.495108 0.735812
  19 -17.940532 -0.302111 -0.909047 0.278267 -0.555850 -0.783325 0.491194 0.729941
male.bmp
  19 -17.920532 -0.301936 -0.829047 0.684259 -0.637518 0.354063 0.495108 0.735812
  19 -17.930532 -0.601630 -0.688391 0.720354 0.666009 -0.193705 0.495108 0.786693
  19 -17.940532 -0.302111 -0.909047 0.278267 -0.555850 -0.783325 0.491194 0.729941
male.bmp
  19 -17.940532 -0.302111 -0.909047 0.278267 -0.555850 -0.783325 0.491194 0.729941
  19 -17.930532 -0.601630 -0.688391 0.720354 0.666009 -0.193705 0.495108 0.786693
  19 -17.950532 -0.651761 -0.748282 0.314726 -0.199054 -0.928076 0.491194 0.790607
male.bmp
  19 -17.930532 -0.601630 -0.688391 0.720354 0.666009 -0.193705 0.495108 0.786693
  19 -17.680532 -0.591586 -0.668413 -0.686077 0.640481 -0.345083 0.534247 0.786693
  19 -17.950532 -0.651761 -0.748282 0.314726 -0.199054 -0.928076 0.491194 0.790607
male.bmp
  19 -17.950532 -0.651761 -0.748282 0.314726 -0.199054 -0.928076 0.491194 0.790607
  19 -17.680532 -0.591586 -0.668413 -0.686077 0.640481 -0.345083 0.534247 0.786693
  19 -17.650532 -0.651673 -0.708281 -0.092476 -0.210154 -0.973285 0.538160 0.790607
male.bmp
  19 -17.650532 -0.651673 -0.708281 -0.092476 -0.210154 -0.973285 0.538160 0.790607
  19 -17.640532 -0.292024 -0.869068 -0.075724 -0.560832 -0.824460 0.538160 0.729941
  19 -17.590532 -0.701629 -0.688172 0.521872 -0.709064 -0.474213 0.547945 0.798434
male.bmp
  19 -17.590532 -0.701629 -0.688172 0.521872 -0.709064 -0.474213 0.547945 0.798434
  19 -17.640532 -0.292024 -0.869068 -0.075724 -0.560832 -0.824460 0.538160 0.729941
  19 -17.580532 -0.242067 -0.889177 0.550292 0.126873 -0.825277 0.547945 0.722114
male.bmp
  19 -17.640532 -0.292024 -0.869068 -0.075724 -0.560832 -0.824460 0.538160 0.729941
  19 -17.940532 -0.302111 -0.909047 0.278267 -0.555850 -0.783325 0.491194 0.729941
  19 -17.580532 -0.242067 -0.889177 0.550292 0.126873 -0.825277 0.547945 0.722114
male.bmp
  19 -17.580532 -0.242067 -0.889177 0.550292 0.126873 -0.825277 0.547945 0.722114
  19 -17.940532 -0.302111 -0.909047 0.278267 -0.555850 -0.783325 0.491194 0.729941
  19 -17.990532 -0.252177 -0.939156 -0.355322 0.107371 -0.928557 0.481409 0.722114
male.bmp
  19 -17.940532 -0.302111 -0.909047 0.278267 -0.555850 -0.783325 0.491194 0.729941
  19 -17.950532 -0.651761 -0.748282 0.314726 -0.199054 -0.928076 0.491194 0.790607
  19 -17.990532 -0.252177 -0.939156 -0.355322 0.107371 -0.928557 0.481409 0.722114
male.bmp
  19 -17.990532 -0.252177 -0.939156 -0.355322 0.107371 -0.928557 0.481409 0.722114
  19 -17.950532 -0.651761 -0.748282 0.314726 -0.199054 -0.928076 0.491194 0.790607
  19 -18.010532 -0.711717 -0.728151 -0.372617 -0.726682 -0.577139 0.481409 0.798434
male.bmp
  19 -17.950532 -0.651761 -0.748282 0.314726 -0.199054 -0.928076 0.491194 0.790607
  19 -17.650532 -0.651673 -0.708281 -0.092476 -0.210154 -0.973285 0.538160 0.790607
  19 -18.010532 -0.711717 -0.728151 -0.372617 -0.726682 -0.577139 0.481409 0.798434
male.bmp
  19 -18.010532 -0.711717 -0.728151 -0.372617 -0.726682 -0.577139 0.481409 0.798434
  19 -17.650532 -0.651673 -0.708281 -0.092476 -0.210154 -0.973285 0.538160 0.790607
  19 -17.590532 -0.701629 -0.688172 0.521872 -0.709064 -0.474213 0.547945 0.798434
male.bmp
  19 -17.590532 -0.701629 -0.688172 0.521872 -0.709064 -0.474213 0.547945 0.798434
  19 -17.580532 -0.242067 -0.889177 0.550292 0.126873 -0.825277 0.547945 0.722114
  19 -17.570532 -0.701454 -0.608172 0.684259 -0.637518 0.354063 0.551859 0.804305
male.bmp
  19 -17.570532 -0.701454 -0.608172 0.684259 -0.637518 0.354063 0.551859 0.804305
  19 -17.580532 -0.242067 -0.889177 0.550292 0.126873 -0.825277 0.547945 0.722114
  19 -17.560532 -0.181936 -0.829309 0.720354 0.666009 -0.193705 0.551859 0.718200
male.bmp
  19 -17.580532 -0.242067 -0.889177 0.550292 0.126873 -0.825277 0.547945 0.722114
  19 -17.990532 -0.252177 -0.939156 -0.355322 0.107371 -0.928557 0.481409 0.722114
  19 -17.560532 -0.181936 -0.829309 0.720354 0.666009 -0.193705 0.551859 0.718200
male.bmp
  19 -17.560532 -0.181936 -0.829309 0.720354 0.666009 -0.193705 0.551859 0.718200
  19 -17.990532 -0.252177 -0.939156 -0.355322 0.107371 -0.928557 0.481409 0.722114
  19 -18.030532 -0.192068 -0.889287 -0.686077 0.640481 -0.345083 0.477495 0.718200
male.bmp
  19 -17.990532 -0.252177 -0.939156 -0.355322 0.107371 -0.928557 0.481409 0.722114
  19 -18.010532 -0.711717 -0.728151 -0.372617 -0.726682 -0.577139 0.481409 0.798434
  19 -18.030532 -0.192068 -0.889287 -0.686077 0.640481 -0.345083 0.477495 0.718200
male.bmp
  19 -18.030532 -0.192068 -0.889287 -0.686077 0.640481 -0.345083 0.477495 0.718200
  19 -18.010532 -0.711717 -0.728151 -0.372617 -0.726682 -0.577139 0.481409 0.798434
  19 -18.040532 -0.711564 -0.658151 -0.719227 -0.669682 0.185036 0.477495 0.804305
male.bmp
  19 -18.010532 -0.711717 -0.728151 -0.372617 -0.726682 -0.577139 0.481409 0.798434
  19 -17.590532 -0.701629 -0.688172 0.521872 -0.709064 -0.474213 0.547945 0.798434
  19 -18.040532 -0.711564 -0.658151 -0.719227 -0.669682 0.185036 0.477495 0.804305
male.bmp
  19 -18.040532 -0.711564 -0.658151 -0.719227 -0.669682 0.185036 0.477495 0.804305
  19 -17.590532 -0.701629 -0.688172 0.521872 -0.709064 -0.474213 0.547945 0.798434
  19 -17.570532 -0.701454 -0.608172 0.684259 -0.637518 0.354063 0.551859 0.804305
male.bmp
  18 -15.882613 1.118284 0.126555 -0.145588 0.936150 0.320044 0.272016 0.127202
  18 -13.974188 1.426605 0.050049 -0.104280 0.985404 0.134552 0.268102 0.232877
  18 -15.795499 1.104549 -0.464057 -0.098771 0.958095 -0.268883 0.240705 0.127202
male.bmp
  18 -15.795499 1.104549 -0.464057 -0.098771 0.958095 -0.268883 0.240705 0.127202
  18 -13.974188 1.426605 0.050049 -0.104280 0.985404 0.134552 0.268102 0.232877
  18 -13.907235 1.264301 -0.691958 -0.086270 0.830831 -0.549797 0.236791 0.234834
male.bmp
  18 -13.974188 1.426605 0.050049 -0.104280 0.985404 0.134552 0.268102 0.232877
  18 -12.114219 1.533237 0.121777 -0.030343 0.990366 0.135110 0.279843 0.340509
  18 -13.907235 1.264301 -0.691958 -0.086270 0.830831 -0.549797 0.236791 0.234834
male.bmp
  18 -13.907235 1.264301 -0.691958 -0.086270 0.830831 -0.549797 0.236791 0.234834
  18 -12.114219 1.533237 0.121777 -0.030343 0.990366 0.135110 0.279843 0.340509
  18 -12.028192 1.353015 -0.820518 -0.010413 0.815832 -0.578196 0.228963 0.340509
male.bmp
  18 -12.114219 1.533237 0.121777 -0.030343 0.990366 0.135110 0.279843 0.340509
  18 -9.383133 1.482358 0.287558 -0.030343 0.990366 0.135110 0.277886 0.471624
  18 -12.028192 1.353015 -0.820518 -0.010413 0.815832 -0.578196 0.228963 0.340509
male.bmp
  18 -12.028192 1.353015 -0.820518 -0.010413 0.815832 -0.578196 0.228963 0.340509
  18 -9.383133 1.482358 0.287558 -0.030343 0.990366 0.135110 0.277886 0.471624
  18 -9.357353 1.213102 -0.775332 0.114216 0.792115 -0.599590 0.227006 0.471624
male.bmp
  18 -9.383133 1.482358 0.287558 -0.030343 0.990366 0.135110 0.277886 0.471624
  18 -8.674405 1.136079 -0.663902 0.108371 0.791324 -0.601716 0.232877 0.500978
  18 -9.357353 1.213102 -0.775332 0.114216 0.792115 -0.599590 0.227006 0.471624
male.bmp
  18 -9.357353 1.213102 -0.775332 0.114216 0.792115 -0.599590 0.227006 0.471624
  18 -8.674405 1.136079 -0.663902 0.108371 0.791324 -0.601716 0.232877 0.500978
  18 -8.774406 0.066079 -1.333902 -0.011126 0.162107 -0.986710 0.172211 0.495108
male.bmp
  7 23.022819 -0.008492 0.387168 -0.065075 0.291065 0.954488 0.919765 0.964775
  7 24.152836 -0.036442 0.400626 0.033997 0.251445 0.967274 0.921722 0.814090
  7 24.159455 0.139682 0.255243 0.024091 0.840270 0.541633 0.894325 0.814090
male.bmp
  7 24.159455 0.139682 0.255243 0.024091 0.840270 0.541633 0.894325 0.814090
  7 24.152836 -0.036442 0.400626 0.033997 0.251445 0.967274 0.921722 0.814090
  8 24.609572 0.132202 0.244182 0.009952 0.829119 0.558983 0.896282 0.747554
male.bmp
  7 24.152836 -0.036442 0.400626 0.033997 0.251445 0.967274 0.921722 0.814090
  8 24.556664 -0.032219 0.355388 0.012876 0.261662 0.965074 0.921722 0.751468
  8 24.609572 0.132202 0.244182 0.009952 0.829119 0.558983 0.896282 0.747554
male.bmp
  8 24.609572 0.132202 0.244182 0.009952 0.829119 0.558983 0.896282 0.747554
  8 24.556664 -0.032219 0.355388 0.012876 0.261662 0.965074 0.921722 0.751468
  8 24.939594 0.124424 0.274593 0.415396 0.791954 0.447498 0.894325 0.694716
male.bmp
  8 24.556664 -0.032219 0.355388 0.012876 0.261662 0.965074 0.921722 0.751468
  8 24.987030 -0.026784 0.401817 0.662903 0.220885 0.715380 0.925636 0.681018
  8 24.939594 0.124424 0.274593 0.415396 0.791954 0.447498 0.894325 0.694716
male.bmp
  8 24.939594 0.124424 0.274593 0.415396 0.791954 0.447498 0.894325 0.694716
  8 24.987030 -0.026784 0.401817 0.662903 0.220885 0.715380 0.925636 0.681018
  8 24.976577 -0.040642 0.353873 0.980719 0.062190 0.185264 0.923679 0.671233
male.bmp
  8 24.987030 -0.026784 0.401817 0.662903 0.220885 0.715380 0.925636 0.681018
  8 24.942664 -0.240365 0.381455 0.365493 -0.509086 0.779260 0.956947 0.688845
  8 24.976577 -0.040642 0.353873 0.980719 0.062190 0.185264 0.923679 0.671233
male.bmp
  7 23.022819 -0.008492 0.387168 -0.065075 0.291065 0.954488 0.919765 0.964775
  7 24.159455 0.139682 0.255243 0.024091 0.840270 0.541633 0.894325 0.814090
  7 23.019135 0.170537 0.251026 -0.021644 0.864564 0.502057 0.894325 0.966732
male.bmp
  7 23.019135 0.170537 0.251026 -0.021644 0.864564 0.502057 0.894325 0.966732
  7 24.159455 0.139682 0.255243 0.024091 0.840270 0.541633 0.894325 0.814090
  7 24.167040 0.194503 0.051682 0.036531 0.960465 -0.275993 0.878669 0.825832
male.bmp
  7 24.159455 0.139682 0.255243 0.024091 0.840270 0.541633 0.894325 0.814090
  8 24.609572 0.132202 0.244182 0.009952 0.829119 0.558983 0.896282 0.747554
  7 24.167040 0.194503 0.051682 0.036531 0.960465 -0.275993 0.878669 0.825832
male.bmp
  7 24.167040 0.194503 0.051682 0.036531 0.960465 -0.275993 0.878669 0.825832
  8 24.609572 0.132202 0.244182 0.009952 0.829119 0.558983 0.896282 0.747554
  8 24.879608 0.149452 0.142778 0.282699 0.930498 -0.232924 0.882583 0.690802
male.bmp
  8 24.609572 0.132202 0.244182 0.009952 0.829119 0.558983 0.896282 0.747554
  8 24.939594 0.124424 0.274593 0.415396 0.791954 0.447498 0.894325 0.694716
  8 24.879608 0.149452 0.142778 0.282699 0.930498 -0.232924 0.882583 0.690802
male.bmp
  8 24.879608 0.149452 0.142778 0.282699 0.930498 -0.232924 0.882583 0.690802
  8 24.939594 0.124424 0.274593 0.415396 0.791954 0.447498 0.894325 0.694716
  8 25.018212 0.072700 0.174374 0.849116 0.510093 -0.137138 0.898239 0.667319
male.bmp
  8 24.939594 0.124424 0.274593 0.415396 0.791954 0.447498 0.894325 0.694716
  8 24.976577 -0.040642 0.353873 0.980719 0.062190 0.185264 0.923679 0.671233
  8 25.018212 0.072700 0.174374 0.849116 0.510093 -0.137138 0.898239 0.667319
male.bmp
  5 24.418075 1.352869 -0.184442 0.790559 0.027003 -0.611790 0.925636 0.385519
  5 24.390946 1.184320 -0.146295 0.599871 -0.678385 -0.424205 0.904110 0.393346
  5 24.224644 1.281610 -0.282964 0.188398 -0.175570 -0.966272 0.923679 0.414873
male.bmp
  5 24.224644 1.281610 -0.282964 0.188398 -0.175570 -0.966272 0.923679 0.414873
  5 24.390946 1.184320 -0.146295 0.599871 -0.678385 -0.424205 0.904110 0.393346
  5 23.772804 1.048034 -0.184057 0.205819 -0.741534 -0.638566 0.908023 0.518591
male.bmp
  5 24.390946 1.184320 -0.146295 0.599871 -0.678385 -0.424205 0.904110 0.393346
  4 23.732184 0.992220 0.067657 0.257614 -0.926753 0.273430 0.884540 0.530333
  5 23.772804 1.048034 -0.184057 0.205819 -0.741534 -0.638566 0.908023 0.518591
male.bmp
  5 23.772804 1.048034 -0.184057 0.205819 -0.741534 -0.638566 0.908023 0.518591
  4 23.732184 0.992220 0.067657 0.257614 -0.926753 0.273430 0.884540 0.530333
  4 23.608184 0.981006 -0.181939 0.231039 -0.755833 -0.612648 0.904110 0.542074
male.bmp
  4 23.732184 0.992220 0.067657 0.257614 -0.926753 0.273430 0.884540 0.530333
  4 22.693037 0.697505 0.099546 0.381039 -0.894027 0.235638 0.888454 0.628180
  4 23.608184 0.981006 -0.181939 0.231039 -0.755833 -0.612648 0.904110 0.542074
male.bmp
  4 23.608184 0.981006 -0.181939 0.231039 -0.755833 -0.612648 0.904110 0.542074
  4 22.693037 0.697505 0.099546 0.381039 -0.894027 0.235638 0.888454 0.628180
  4 22.607533 0.732966 -0.173276 0.179111 -0.691908 -0.699416 0.908023 0.634051
male.bmp
  4 22.693037 0.697505 0.099546 0.381039 -0.894027 0.235638 0.888454 0.628180
  3 22.607139 0.649992 0.127436 0.505050 -0.823481 0.258463 0.882583 0.643836
  4 22.607533 0.732966 -0.173276 0.179111 -0.691908 -0.699416 0.908023 0.634051
male.bmp
  17 20.616282 -3.947347 -0.331583 0.508801 -0.620507 0.596735 0.759295 0.866928
  17 20.418006 -4.034392 -0.531857 -0.073618 -0.995345 -0.062205 0.722114 0.857143
  17 20.645400 -4.021588 -0.554833 0.568136 -0.818729 -0.083093 0.722114 0.843444
male.bmp
  17 20.645400 -4.021588 -0.554833 0.568136 -0.818729 -0.083093 0.722114 0.843444
  17 20.418006 -4.034392 -0.531857 -0.073618 -0.995345 -0.062205 0.722114 0.857143
  17 20.572168 -3.939860 -0.764016 0.309472 -0.577321 -0.755597 0.679061 0.864971
male.bmp
  17 20.418006 -4.034392 -0.531857 -0.073618 -0.995345 -0.062205 0.722114 0.857143
  17 20.383087 -3.941964 -0.730194 -0.533739 -0.563859 -0.630227 0.694716 0.876712
  17 20.572168 -3.939860 -0.764016 0.309472 -0.577321 -0.755597 0.679061 0.864971
male.bmp
  17 20.572168 -3.939860 -0.764016 0.309472 -0.577321 -0.755597 0.679061 0.864971
  17 20.383087 -3.941964 -0.730194 -0.533739 -0.563859 -0.630227 0.694716 0.876712
  17 20.454743 -3.530666 -0.845083 -0.099553 -0.028879 -0.994613 0.665362 0.917808
male.bmp
  17 20.383087 -3.941964 -0.730194 -0.533739 -0.563859 -0.630227 0.694716 0.876712
  17 20.273471 -3.598365 -0.709594 -0.802847 -0.198094 -0.562312 0.696673 0.919765
  17 20.454743 -3.530666 -0.845083 -0.099553 -0.028879 -0.994613 0.665362 0.917808
male.bmp
  17 20.454743 -3.530666 -0.845083 -0.099553 -0.028879 -0.994613 0.665362 0.917808
  17 20.273471 -3.598365 -0.709594 -0.802847 -0.198094 -0.562312 0.696673 0.919765
  16 20.319780 -3.026415 -0.782495 -0.266801 0.046036 -0.962652 0.661448 0.990215
male.bmp
  17 20.273471 -3.598365 -0.709594 -0.802847 -0.198094 -0.562312 0.696673 0.919765
  16 20.148368 -3.126656 -0.642605 -0.839371 -0.136141 -0.526234 0.690802 0.986301
  16 20.319780 -3.026415 -0.782495 -0.266801 0.046036 -0.962652 0.661448 0.990215
male.bmp
  13 22.144686 1.625039 -0.333362 0.519002 -0.796948 0.309049 0.978474 0.974560
  13 22.810565 2.021891 -0.337205 0.459034 -0.830192 0.316337 0.972603 0.829746
  13 22.115683 1.802030 -0.196493 0.225529 -0.189144 0.955699 0.951076 0.964775
male.bmp
  13 22.115683 1.802030 -0.196493 0.225529 -0.189144 0.955699 0.951076 0.964775
  13 22.810565 2.021891 -0.337205 0.459034 -0.830192 0.316337 0.972603 0.829746
  13 22.849827 2.148702 -0.215232 0.267812 -0.354698 0.895805 0.949119 0.818004
male.bmp
  13 22.810565 2.021891 -0.337205 0.459034 -0.830192 0.316337 0.972603 0.829746
  14 23.330968 2.298160 -0.371065 0.582339 -0.732495 0.352608 0.968689 0.706458
  13 22.849827 2.148702 -0.215232 0.267812 -0.354698 0.895805 0.949119 0.818004
male.bmp
  13 22.849827 2.148702 -0.215232 0.267812 -0.354698 0.895805 0.949119 0.818004
  14 23.330968 2.298160 -0.371065 0.582339 -0.732495 0.352608 0.968689 0.706458
  14 23.118122 2.304836 -0.284741 0.250769 -0.151460 0.956125 0.949119 0.747554
male.bmp
  14 23.330968 2.298160 -0.371065 0.582339 -0.732495 0.352608 0.968689 0.706458
  14 23.337258 2.383050 -0.292617 0.483448 -0.211649 0.849402 0.956947 0.688845
  14 23.118122 2.304836 -0.284741 0.250769 -0.151460 0.956125 0.949119 0.747554
male.bmp
  14 23.118122 2.304836 -0.284741 0.250769 -0.151460 0.956125 0.949119 0.747554
  14 23.337258 2.383050 -0.292617 0.483448 -0.211649 0.849402 0.956947 0.688845
  14 23.037919 2.427851 -0.278857 -0.024702 0.424666 0.905013 0.921722 0.751468
male.bmp
  14 23.337258 2.383050 -0.292617 0.483448 -0.211649 0.849402 0.956947 0.688845
  14 23.323905 2.548720 -0.301282 0.562809 0.596389 0.572334 0.925636 0.681018
  14 23.037919 2.427851 -0.278857 -0.024702 0.424666 0.905013 0.921722 0.751468
male.bmp
  17 20.348755 -3.637512 -0.282277 -0.611930 -0.319413 0.723545 0.739726 0.915851
  17 20.457971 -3.978305 -0.322676 -0.257399 -0.692374 0.674065 0.739726 0.872798
  17 20.563404 -3.594406 -0.179478 0.179579 -0.208636 0.961365 0.772994 0.917808
male.bmp
  17 20.348755 -3.637512 -0.282277 -0.611930 -0.319413 0.723545 0.739726 0.915851
  17 20.361679 -4.024043 -0.509051 -0.662084 -0.744263 0.087847 0.722114 0.864971
  17 20.457971 -3.978305 -0.322676 -0.257399 -0.692374 0.674065 0.739726 0.872798
male.bmp
  17 20.348755 -3.637512 -0.282277 -0.611930 -0.319413 0.723545 0.739726 0.915851
  17 20.246206 -3.662993 -0.475757 -0.885495 -0.445963 0.130444 0.720157 0.919765
  17 20.361679 -4.024043 -0.509051 -0.662084 -0.744263 0.087847 0.722114 0.864971
male.bmp
  17 20.348755 -3.637512 -0.282277 -0.611930 -0.319413 0.723545 0.739726 0.915851
  17 20.205752 -3.601649 -0.476349 -0.897393 -0.430878 0.095030 0.720157 0.927593
  17 20.246206 -3.662993 -0.475757 -0.885495 -0.445963 0.130444 0.720157 0.919765
male.bmp
  17 20.348755 -3.637512 -0.282277 -0.611930 -0.319413 0.723545 0.739726 0.915851
  16 20.158796 -3.132907 -0.198249 -0.662374 -0.311641 0.681278 0.739726 0.990215
  17 20.205752 -3.601649 -0.476349 -0.897393 -0.430878 0.095030 0.720157 0.927593
male.bmp
  17 20.348755 -3.637512 -0.282277 -0.611930 -0.319413 0.723545 0.739726 0.915851
  16 20.405085 -3.090957 -0.095867 0.012778 -0.181700 0.983271 0.776908 0.988258
  16 20.158796 -3.132907 -0.198249 -0.662374 -0.311641 0.681278 0.739726 0.990215
male.bmp
  17 20.348755 -3.637512 -0.282277 -0.611930 -0.319413 0.723545 0.739726 0.915851
  17 20.563404 -3.594406 -0.179478 0.179579 -0.208636 0.961365 0.772994 0.917808
  16 20.405085 -3.090957 -0.095867 0.012778 -0.181700 0.983271 0.776908 0.988258
male.bmp
  5 24.326321 1.580757 -0.023980 0.088683 0.950460 -0.297929 0.882583 0.690802
  5 24.365385 1.572683 0.093956 0.192470 0.871290 0.451453 0.894325 0.694716
  5 24.452444 1.539522 0.011974 0.702786 0.694653 -0.153453 0.898239 0.667319
male.bmp
  5 24.452444 1.539522 0.011974 0.702786 0.694653 -0.153453 0.898239 0.667319
  5 24.365385 1.572683 0.093956 0.192470 0.871290 0.451453 0.894325 0.694716
  5 24.443734 1.442680 0.165094 0.848328 0.237840 0.473045 0.923679 0.671233
male.bmp
  5 24.365385 1.572683 0.093956 0.192470 0.871290 0.451453 0.894325 0.694716
  5 24.430838 1.457875 0.191604 0.499045 0.360893 0.787852 0.925636 0.681018
  5 24.443734 1.442680 0.165094 0.848328 0.237840 0.473045 0.923679 0.671233
male.bmp
  5 24.443734 1.442680 0.165094 0.848328 0.237840 0.473045 0.923679 0.671233
  5 24.430838 1.457875 0.191604 0.499045 0.360893 0.787852 0.925636 0.681018
  5 24.411794 1.289872 0.188106 0.338924 -0.325364 0.882762 0.956947 0.688845
male.bmp
  5 24.430838 1.457875 0.191604 0.499045 0.360893 0.787852 0.925636 0.681018
  5 24.068560 1.376065 0.175420 0.062376 0.359508 0.931055 0.921722 0.751468
  5 24.411794 1.289872 0.188106 0.338924 -0.325364 0.882762 0.956947 0.688845
male.bmp
  5 24.411794 1.289872 0.188106 0.338924 -0.325364 0.882762 0.956947 0.688845
  5 24.068560 1.376065 0.175420 0.062376 0.359508 0.931055 0.921722 0.751468
  5 24.126441 1.233547 0.187192 0.152570 -0.202555 0.967313 0.949119 0.747554
male.bmp
  5 24.068560 1.376065 0.175420 0.062376 0.359508 0.931055 0.921722 0.751468
  4 23.677251 1.328953 0.270125 0.025029 0.327520 0.944513 0.921722 0.814090
  5 24.126441 1.233547 0.187192 0.152570 -0.202555 0.967313 0.949119 0.747554
male.bmp
  3 21.486281 0.311947 0.269219 0.676875 0.416203 0.607136 0.702544 0.215264
  2 21.454840 0.263623 0.455743 0.285011 0.653986 0.700765 0.712329 0.207436
  6 22.913461 0.189859 0.273670 0.581836 0.692438 0.426611 0.581213 0.191781
male.bmp
  6 22.913461 0.189859 0.273670 0.581836 0.692438 0.426611 0.581213 0.191781
  2 21.454840 0.263623 0.455743 0.285011 0.653986 0.700765 0.712329 0.207436
  2 21.513916 0.037015 0.573041 0.167116 0.282736 0.944528 0.708415 0.185910
male.bmp
  2 21.454840 0.263623 0.455743 0.285011 0.653986 0.700765 0.712329 0.207436
  2 20.799264 0.156791 0.706558 0.117694 0.202235 0.972239 0.772994 0.199609
  2 21.513916 0.037015 0.573041 0.167116 0.282736 0.944528 0.708415 0.185910
male.bmp
  2 21.513916 0.037015 0.573041 0.167116 0.282736 0.944528 0.708415 0.185910
  2 20.799264 0.156791 0.706558 0.117694 0.202235 0.972239 0.772994 0.199609
  2 21.410217 -0.221812 0.611181 0.257156 -0.259395 0.930906 0.720157 0.160470
male.bmp
  2 20.799264 0.156791 0.706558 0.117694 0.202235 0.972239 0.772994 0.199609
  2 20.796814 -0.523311 0.699127 0.058454 -0.018112 0.998126 0.776908 0.138943
  2 21.410217 -0.221812 0.611181 0.257156 -0.259395 0.930906 0.720157 0.160470
male.bmp
  2 21.410217 -0.221812 0.611181 0.257156 -0.259395 0.930906 0.720157 0.160470
  2 20.796814 -0.523311 0.699127 0.058454 -0.018112 0.998126 0.776908 0.138943
  2 21.285366 -0.430173 0.572474 0.362471 0.071647 0.929237 0.731898 0.142857
male.bmp
  2 20.796814 -0.523311 0.699127 0.058454 -0.018112 0.998126 0.776908 0.138943
  2 21.363252 -0.746269 0.705204 0.110961 0.102582 0.988516 0.726027 0.115460
  2 21.285366 -0.430173 0.572474 0.362471 0.071647 0.929237 0.731898 0.142857
male.bmp
  2 17.887224 -0.882653 -0.733363 0.027882 -0.545338 -0.837753 0.244618 0.943249
  2 18.217225 -1.072653 -0.393364 -0.520962 -0.614997 -0.591928 0.279843 0.892368
  2 17.897224 -1.172653 -0.473363 0.028972 -0.732731 -0.679902 0.281800 0.943249
male.bmp
  2 17.897224 -1.172653 -0.473363 0.028972 -0.732731 -0.679902 0.281800 0.943249
  2 18.217225 -1.072653 -0.393364 -0.520962 -0.614997 -0.591928 0.279843 0.892368
  2 17.887225 -1.352652 -0.243362 0.007650 -0.899138 -0.437598 0.303327 0.943249
male.bmp
  2 18.217225 -1.072653 -0.393364 -0.520962 -0.614997 -0.591928 0.279843 0.892368
  2 18.217225 -1.222652 -0.193363 -0.560215 -0.744891 -0.362349 0.299413 0.892368
  2 17.887225 -1.352652 -0.243362 0.007650 -0.899138 -0.437598 0.303327 0.943249
male.bmp
  2 17.887225 -1.352652 -0.243362 0.007650 -0.899138 -0.437598 0.303327 0.943249
  2 18.217225 -1.222652 -0.193363 -0.560215 -0.744891 -0.362349 0.299413 0.892368
  2 17.867225 -1.442651 0.086638 0.008472 -0.999784 -0.018975 0.328767 0.943249
male.bmp
  2 18.217225 -1.222652 -0.193363 -0.560215 -0.744891 -0.362349 0.299413 0.892368
  2 18.227225 -1.292651 0.076637 -0.556397 -0.827833 0.071523 0.322896 0.892368
  2 17.867225 -1.442651 0.086638 0.008472 -0.999784 -0.018975 0.328767 0.943249
male.bmp
  2 17.867225 -1.442651 0.086638 0.008472 -0.999784 -0.018975 0.328767 0.943249
  2 18.227225 -1.292651 0.076637 -0.556397 -0.827833 0.071523 0.322896 0.892368
  2 18.247226 -1.232651 0.286637 -0.529951 -0.743572 0.407739 0.336595 0.892368
male.bmp
  2 18.227225 -1.292651 0.076637 -0.556397 -0.827833 0.071523 0.322896 0.892368
  2 18.257226 -1.302651 0.276637 -0.584652 -0.716669 0.380221 0.340509 0.884540
  2 18.247226 -1.232651 0.286637 -0.529951 -0.743572 0.407739 0.336595 0.892368
male.bmp
  2 18.607224 -0.732653 -0.673365 0.539125 -0.442472 -0.716633 0.861057 0.530333
  2 18.943343 -0.701084 -0.774794 -0.126001 -0.372296 -0.919521 0.833659 0.540117
  2 18.607225 -1.062653 -0.403364 0.464819 -0.579082 -0.669782 0.874755 0.559687
male.bmp
  2 18.607225 -1.062653 -0.403364 0.464819 -0.579082 -0.669782 0.874755 0.559687
  2 18.943343 -0.701084 -0.774794 -0.126001 -0.372296 -0.919521 0.833659 0.540117
  15 18.972863 -1.243910 -0.490930 -0.546948 -0.428727 -0.719056 0.849315 0.587084
male.bmp
  2 18.943343 -0.701084 -0.774794 -0.126001 -0.372296 -0.919521 0.833659 0.540117
  2 19.542500 -0.682045 -0.830906 0.062931 0.020559 -0.997806 0.784736 0.561644
  15 18.972863 -1.243910 -0.490930 -0.546948 -0.428727 -0.719056 0.849315 0.587084
male.bmp
  15 18.972863 -1.243910 -0.490930 -0.546948 -0.428727 -0.719056 0.849315 0.587084
  2 19.542500 -0.682045 -0.830906 0.062931 0.020559 -0.997806 0.784736 0.561644
  15 19.720160 -1.331424 -0.970188 -0.076720 0.034758 -0.996447 0.790607 0.620352
male.bmp
  2 19.542500 -0.682045 -0.830906 0.062931 0.020559 -0.997806 0.784736 0.561644
  2 20.498996 -0.860567 -0.485299 0.439296 0.052306 -0.896818 0.710372 0.606654
  15 19.720160 -1.331424 -0.970188 -0.076720 0.034758 -0.996447 0.790607 0.620352
male.bmp
  15 19.720160 -1.331424 -0.970188 -0.076720 0.034758 -0.996447 0.790607 0.620352
  2 20.498996 -0.860567 -0.485299 0.439296 0.052306 -0.896818 0.710372 0.606654
  15 20.498138 -1.659672 -0.636117 0.686239 0.111717 -0.718746 0.737769 0.673190
male.bmp
  2 20.498996 -0.860567 -0.485299 0.439296 0.052306 -0.896818 0.710372 0.606654
  15 20.688470 -1.569274 -0.261949 0.872663 -0.175069 -0.455863 0.718200 0.671233
  15 20.498138 -1.659672 -0.636117 0.686239 0.111717 -0.718746 0.737769 0.673190
male.bmp
  3 22.607139 0.649992 0.127436 0.992661 -0.116465 -0.032553 0.493151 0.571429
  3 22.598958 0.603703 0.160458 0.733259 -0.641009 0.226802 0.499022 0.573386
  3 22.530882 0.703960 -0.164064 0.918539 -0.010543 -0.395190 0.491194 0.545988
male.bmp
  3 22.530882 0.703960 -0.164064 0.918539 -0.010543 -0.395190 0.491194 0.545988
  3 22.598958 0.603703 0.160458 0.733259 -0.641009 0.226802 0.499022 0.573386
  3 22.506871 0.640350 -0.210726 0.604865 -0.533311 -0.591370 0.497065 0.549902
male.bmp
  3 22.598958 0.603703 0.160458 0.733259 -0.641009 0.226802 0.499022 0.573386
  3 21.829789 0.501124 -0.276871 0.427463 -0.632109 -0.646308 0.561644 0.532290
  3 22.506871 0.640350 -0.210726 0.604865 -0.533311 -0.591370 0.497065 0.549902
male.bmp
  3 22.506871 0.640350 -0.210726 0.604865 -0.533311 -0.591370 0.497065 0.549902
  3 21.829789 0.501124 -0.276871 0.427463 -0.632109 -0.646308 0.561644 0.532290
  3 22.432847 0.988674 -0.313151 0.568776 0.280605 -0.773146 0.489237 0.518591
male.bmp
  3 21.829789 0.501124 -0.276871 0.427463 -0.632109 -0.646308 0.561644 0.532290
  3 21.571320 0.766228 -0.453828 0.289416 0.288687 -0.912633 0.567515 0.506849
  3 22.432847 0.988674 -0.313151 0.568776 0.280605 -0.773146 0.489237 0.518591
male.bmp
  3 22.432847 0.988674 -0.313151 0.568776 0.280605 -0.773146 0.489237 0.518591
  3 21.571320 0.766228 -0.453828 0.289416 0.288687 -0.912633 0.567515 0.506849
  3 22.410708 1.257987 -0.077396 0.376059 0.871612 -0.314440 0.483366 0.493151
male.bmp
  3 21.571320 0.766228 -0.453828 0.289416 0.288687 -0.912633 0.567515 0.506849
  2 21.266244 1.000487 0.014310 0.716474 0.597535 0.360023 0.567515 0.481409
  3 22.410708 1.257987 -0.077396 0.376059 0.871612 -0.314440 0.483366 0.493151
male.bmp
  15 20.065182 -1.567028 0.485920 -0.017226 -0.360580 0.932569 0.516634 0.816047
  16 19.786061 -2.258667 0.090149 -0.479629 -0.525259 0.702893 0.553816 0.882583
  16 20.246264 -2.135494 0.251215 0.171104 -0.371669 0.912461 0.504892 0.874755
male.bmp
  16 20.246264 -2.135494 0.251215 0.171104 -0.371669 0.912461 0.504892 0.874755
  16 19.786061 -2.258667 0.090149 -0.479629 -0.525259 0.702893 0.553816 0.882583
  16 20.034991 -2.691563 -0.085165 -0.546508 -0.438663 0.713375 0.534247 0.929550
male.bmp
  16 19.786061 -2.258667 0.090149 -0.479629 -0.525259 0.702893 0.553816 0.882583
  16 19.877040 -2.734181 -0.331407 -0.832034 -0.485841 0.267727 0.559687 0.933464
  16 20.034991 -2.691563 -0.085165 -0.546508 -0.438663 0.713375 0.534247 0.929550
male.bmp
  16 20.034991 -2.691563 -0.085165 -0.546508 -0.438663 0.713375 0.534247 0.929550
  16 19.877040 -2.734181 -0.331407 -0.832034 -0.485841 0.267727 0.559687 0.933464
  16 20.056447 -3.158739 -0.372195 -0.492422 -0.853209 0.171916 0.542074 0.980431
male.bmp
  16 19.877040 -2.734181 -0.331407 -0.832034 -0.485841 0.267727 0.559687 0.933464
  16 19.902472 -2.770307 -0.449085 -0.873492 -0.439200 -0.210036 0.567515 0.933464
  16 20.056447 -3.158739 -0.372195 -0.492422 -0.853209 0.171916 0.542074 0.980431
male.bmp
  16 20.056447 -3.158739 -0.372195 -0.492422 -0.853209 0.171916 0.542074 0.980431
  16 19.902472 -2.770307 -0.449085 -0.873492 -0.439200 -0.210036 0.567515 0.933464
  16 20.091618 -3.193372 -0.479729 -0.021055 -0.970522 -0.240093 0.547945 0.982387
male.bmp
  16 19.902472 -2.770307 -0.449085 -0.873492 -0.439200 -0.210036 0.567515 0.933464
  16 19.923140 -2.729863 -0.524166 -0.824997 -0.487176 -0.286427 0.573386 0.933464
  16 20.091618 -3.193372 -0.479729 -0.021055 -0.970522 -0.240093 0.547945 0.982387
male.bmp
  2 18.627227 -0.942650 0.716635 0.649094 -0.412175 0.639366 0.452055 0.086106
  2 18.647227 -0.192649 0.866633 0.708741 0.045750 0.703984 0.461840 0.168297
  2 18.287227 -0.232649 0.886634 -0.560708 0.051211 0.826428 0.502935 0.156556
male.bmp
  2 18.287227 -0.232649 0.886634 -0.560708 0.051211 0.826428 0.502935 0.156556
  2 18.647227 -0.192649 0.866633 0.708741 0.045750 0.703984 0.461840 0.168297
  2 18.287227 0.417350 0.676633 -0.510784 0.395774 0.763193 0.512720 0.227006
male.bmp
  2 18.647227 -0.192649 0.866633 0.708741 0.045750 0.703984 0.461840 0.168297
  2 18.647227 0.407350 0.636632 0.666759 0.391344 0.634257 0.471624 0.232877
  2 18.287227 0.417350 0.676633 -0.510784 0.395774 0.763193 0.512720 0.227006
male.bmp
  2 18.287227 0.417350 0.676633 -0.510784 0.395774 0.763193 0.512720 0.227006
  2 18.647227 0.407350 0.636632 0.666759 0.391344 0.634257 0.471624 0.232877
  2 18.267226 0.907349 0.266631 -0.579899 0.673390 0.458545 0.518591 0.273973
male.bmp
  2 18.647227 0.407350 0.636632 0.666759 0.391344 0.634257 0.471624 0.232877
  2 18.627226 0.907349 0.246631 0.656505 0.641414 0.396975 0.477495 0.279843
  2 18.267226 0.907349 0.266631 -0.579899 0.673390 0.458545 0.518591 0.273973
male.bmp
  2 18.267226 0.907349 0.266631 -0.579899 0.673390 0.458545 0.518591 0.273973
  2 18.627226 0.907349 0.246631 0.656505 0.641414 0.396975 0.477495 0.279843
  2 18.227225 1.087347 -0.403369 -0.582248 0.812821 -0.017582 0.524462 0.320939
male.bmp
  2 18.627226 0.907349 0.246631 0.656505 0.641414 0.396975 0.477495 0.279843
  2 18.597225 1.127347 -0.383370 0.605083 0.795913 -0.019947 0.483366 0.336595
  2 18.227225 1.087347 -0.403369 -0.582248 0.812821 -0.017582 0.524462 0.320939
male.bmp
  15 18.972863 -1.243910 -0.490930 -0.546948 -0.428727 -0.719056 0.972603 0.050881
  15 18.968554 -1.379218 -0.308520 -0.714995 -0.645484 -0.268574 0.966732 0.058708
  2 18.607225 -1.062653 -0.403364 0.464819 -0.579082 -0.669782 0.996086 0.066536
male.bmp
  2 18.607225 -1.062653 -0.403364 0.464819 -0.579082 -0.669782 0.996086 0.066536
  15 18.968554 -1.379218 -0.308520 -0.714995 -0.645484 -0.268574 0.966732 0.058708
  2 18.607225 -1.212652 -0.233364 0.509064 -0.781230 -0.361293 0.992172 0.074364
male.bmp
  15 18.968554 -1.379218 -0.308520 -0.714995 -0.645484 -0.268574 0.966732 0.058708
  15 18.957043 -1.402572 -0.038850 -0.637219 -0.760663 0.123873 0.958904 0.068493
  2 18.607225 -1.212652 -0.233364 0.509064 -0.781230 -0.361293 0.992172 0.074364
male.bmp
  2 18.607225 -1.212652 -0.233364 0.509064 -0.781230 -0.361293 0.992172 0.074364
  15 18.957043 -1.402572 -0.038850 -0.637219 -0.760663 0.123873 0.958904 0.068493
  2 18.607225 -1.262652 0.016636 0.620613 -0.782920 0.043307 0.986301 0.084149
male.bmp
  15 18.957043 -1.402572 -0.038850 -0.637219 -0.760663 0.123873 0.958904 0.068493
  15 18.967337 -1.323766 0.164580 -0.406466 -0.732194 0.546513 0.953033 0.074364
  2 18.607225 -1.262652 0.016636 0.620613 -0.782920 0.043307 0.986301 0.084149
male.bmp
  2 18.607225 -1.262652 0.016636 0.620613 -0.782920 0.043307 0.986301 0.084149
  15 18.967337 -1.323766 0.164580 -0.406466 -0.732194 0.546513 0.953033 0.074364
  2 18.617226 -1.192651 0.216636 0.629046 -0.694293 0.349656 0.984344 0.090020
male.bmp
  15 18.967337 -1.323766 0.164580 -0.406466 -0.732194 0.546513 0.953033 0.074364
  2 18.627227 -0.902650 0.636635 0.787148 -0.323512 0.525107 0.976517 0.115460
  2 18.617226 -1.192651 0.216636 0.629046 -0.694293 0.349656 0.984344 0.090020
male.bmp
  1 9.270817 0.970085 -0.672379 -0.108356 0.791324 -0.601719 0.232877 0.500978
  1 9.983798 1.312582 0.289612 0.030341 0.990366 0.135110 0.277886 0.471624
  1 9.951991 1.052213 -0.780246 -0.114201 0.792115 -0.599594 0.227006 0.471624
male.bmp
  1 9.951991 1.052213 -0.780246 -0.114201 0.792115 -0.599594 0.227006 0.471624
  1 9.983798 1.312582 0.289612 0.030341 0.990366 0.135110 0.277886 0.471624
  1 12.631375 1.182892 -0.827401 0.010427 0.815831 -0.578196 0.228963 0.340509
male.bmp
  1 9.983798 1.312582 0.289612 0.030341 0.990366 0.135110 0.277886 0.471624
  1 12.713142 1.373433 0.122340 0.030341 0.990366 0.135110 0.279843 0.340509
  1 12.631375 1.182892 -0.827401 0.010427 0.815831 -0.578196 0.228963 0.340509
male.bmp
  1 12.631375 1.182892 -0.827401 0.010427 0.815831 -0.578196 0.228963 0.340509
  1 12.713142 1.373433 0.122340 0.030341 0.990366 0.135110 0.279843 0.340509
  1 14.512085 1.100424 -0.692381 0.086284 0.830831 -0.549796 0.236791 0.234834
male.bmp
  1 12.713142 1.373433 0.122340 0.030341 0.990366 0.135110 0.279843 0.340509
  1 14.573413 1.260837 0.047420 0.104278 0.985404 0.134554 0.268102 0.232877
  1 14.512085 1.100424 -0.692381 0.086284 0.830831 -0.549796 0.236791 0.234834
male.bmp
  1 14.512085 1.100424 -0.692381 0.086284 0.830831 -0.549796 0.236791 0.234834
  1 14.573413 1.260837 0.047420 0.104278 0.985404 0.134554 0.268102 0.232877
  1 16.393352 0.937979 -0.467344 0.098778 0.958095 -0.268882 0.240705 0.127202
male.bmp
  1 14.573413 1.260837 0.047420 0.104278 0.985404 0.134554 0.268102 0.232877
  1 16.474907 0.948439 0.132439 0.145581 0.936150 0.320047 0.272016 0.127202
  1 16.393352 0.937979 -0.467344 0.098778 0.958095 -0.268882 0.240705 0.127202
male.bmp
  34 -19.819373 -3.873140 -0.529890 0.073618 -0.995345 -0.062205 0.722114 0.857143
  34 -19.975897 -3.775522 -0.759174 -0.309457 -0.577319 -0.755605 0.679061 0.864971
  34 -19.786641 -3.775872 -0.726276 0.533752 -0.563859 -0.630216 0.694716 0.876712
male.bmp
  34 -19.786641 -3.775872 -0.726276 0.533752 -0.563859 -0.630216 0.694716 0.876712
  34 -19.975897 -3.775522 -0.759174 -0.309457 -0.577319 -0.755605 0.679061 0.864971
  34 -19.867036 -3.370915 -0.843097 0.099573 -0.028878 -0.994611 0.665362 0.917808
male.bmp
  34 -19.975897 -3.775522 -0.759174 -0.309457 -0.577319 -0.755605 0.679061 0.864971
  34 -20.103481 -3.472432 -0.751510 -0.700531 -0.082065 -0.708888 0.653620 0.900196
  34 -19.867036 -3.370915 -0.843097 0.099573 -0.028878 -0.994611 0.665362 0.917808
male.bmp
  34 -19.867036 -3.370915 -0.843097 0.099573 -0.028878 -0.994611 0.665362 0.917808
  34 -20.103481 -3.472432 -0.751510 -0.700531 -0.082065 -0.708888 0.653620 0.900196
  34 -20.022027 -2.930133 -0.721900 -0.592096 0.206819 -0.778876 0.637965 0.972603
male.bmp
  34 -20.103481 -3.472432 -0.751510 -0.700531 -0.082065 -0.708888 0.653620 0.900196
  34 -20.157907 -2.954951 -0.514969 -0.984735 0.094251 -0.146331 0.606654 0.962818
  34 -20.022027 -2.930133 -0.721900 -0.592096 0.206819 -0.778876 0.637965 0.972603
male.bmp
  34 -20.022027 -2.930133 -0.721900 -0.592096 0.206819 -0.778876 0.637965 0.972603
  34 -20.157907 -2.954951 -0.514969 -0.984735 0.094251 -0.146331 0.606654 0.962818
  33 -19.985425 -2.775984 -0.701195 -0.538913 0.161075 -0.826818 0.616438 0.990215
male.bmp
  34 -20.157907 -2.954951 -0.514969 -0.984735 0.094251 -0.146331 0.606654 0.962818
  33 -20.105280 -2.775042 -0.580639 -0.830899 0.004290 -0.556407 0.596869 0.988258
  33 -19.985425 -2.775984 -0.701195 -0.538913 0.161075 -0.826818 0.616438 0.990215
male.bmp
  25 -24.284694 -0.144378 0.004249 -0.451812 -0.800083 -0.394630 0.904110 0.393346
  25 -23.634125 -0.142671 -0.083825 -0.044787 -0.763873 -0.643811 0.908023 0.518591
  24 -23.568384 -0.184303 0.172460 -0.037295 -0.971534 0.233946 0.884540 0.530333
male.bmp
  24 -23.568384 -0.184303 0.172460 -0.037295 -0.971534 0.233946 0.884540 0.530333
  25 -23.634125 -0.142671 -0.083825 -0.044787 -0.763873 -0.643811 0.908023 0.518591
  24 -23.427691 -0.176732 -0.095025 -0.057196 -0.773090 -0.631712 0.904110 0.542074
male.bmp
  25 -23.634125 -0.142671 -0.083825 -0.044787 -0.763873 -0.643811 0.908023 0.518591
  24 -23.423166 0.111170 -0.179829 -0.009066 0.217184 -0.976089 0.943249 0.534247
  24 -23.427691 -0.176732 -0.095025 -0.057196 -0.773090 -0.631712 0.904110 0.542074
male.bmp
  24 -23.427691 -0.176732 -0.095025 -0.057196 -0.773090 -0.631712 0.904110 0.542074
  24 -23.423166 0.111170 -0.179829 -0.009066 0.217184 -0.976089 0.943249 0.534247
  24 -22.306993 -0.165244 -0.092925 0.034829 -0.728061 -0.684627 0.908023 0.634051
male.bmp
  24 -23.423166 0.111170 -0.179829 -0.009066 0.217184 -0.976089 0.943249 0.534247
  24 -22.302468 0.122658 -0.177729 -0.036479 0.179625 -0.983059 0.943249 0.634051
  24 -22.306993 -0.165244 -0.092925 0.034829 -0.728061 -0.684627 0.908023 0.634051
male.bmp
  24 -22.306993 -0.165244 -0.092925 0.034829 -0.728061 -0.684627 0.908023 0.634051
  24 -22.302468 0.122658 -0.177729 -0.036479 0.179625 -0.983059 0.943249 0.634051
  23 -22.249582 -0.156650 -0.089616 0.063015 -0.677512 -0.732808 0.906067 0.645793
male.bmp
  24 -22.302468 0.122658 -0.177729 -0.036479 0.179625 -0.983059 0.943249 0.634051
  23 -22.225129 0.128507 -0.184947 -0.058786 0.181135 -0.981700 0.943249 0.645793
  23 -22.249582 -0.156650 -0.089616 0.063015 -0.677512 -0.732808 0.906067 0.645793
male.bmp
  34 -19.751082 -3.469965 -0.280119 0.611913 -0.319415 0.723558 0.739726 0.915851
  34 -19.956076 -3.433270 -0.185614 -0.179598 -0.208637 0.961361 0.772994 0.917808
  34 -19.865705 -3.809924 -0.317388 0.257386 -0.692375 0.674069 0.739726 0.872798
male.bmp
  34 -19.751082 -3.469965 -0.280119 0.611913 -0.319415 0.723558 0.739726 0.915851
  33 -19.808833 -2.924304 -0.094799 -0.012796 -0.181702 0.983270 0.776908 0.988258
  34 -19.956076 -3.433270 -0.185614 -0.179598 -0.208637 0.961361 0.772994 0.917808
male.bmp
  34 -19.751082 -3.469965 -0.280119 0.611913 -0.319415 0.723558 0.739726 0.915851
  34 -19.565198 -2.969240 -0.195138 0.662356 -0.311646 0.681293 0.739726 0.990215
  33 -19.808833 -2.924304 -0.094799 -0.012796 -0.181702 0.983270 0.776908 0.988258
male.bmp
  34 -19.751082 -3.469965 -0.280119 0.611913 -0.319415 0.723558 0.739726 0.915851
  34 -19.612424 -3.437338 -0.475591 0.897388 -0.430882 0.095051 0.720157 0.927593
  34 -19.565198 -2.969240 -0.195138 0.662356 -0.311646 0.681293 0.739726 0.990215
male.bmp
  34 -19.751082 -3.469965 -0.280119 0.611913 -0.319415 0.723558 0.739726 0.915851
  34 -19.652065 -3.499211 -0.476181 0.885490 -0.445966 0.130465 0.720157 0.919765
  34 -19.612424 -3.437338 -0.475591 0.897388 -0.430882 0.095051 0.720157 0.927593
male.bmp
  34 -19.751082 -3.469965 -0.280119 0.611913 -0.319415 0.723558 0.739726 0.915851
  34 -19.762943 -3.860931 -0.516984 0.662081 -0.744264 0.087861 0.722114 0.864971
  34 -19.652065 -3.499211 -0.476181 0.885490 -0.445966 0.130465 0.720157 0.919765
male.bmp
  34 -19.751082 -3.469965 -0.280119 0.611913 -0.319415 0.723558 0.739726 0.915851
  34 -19.865705 -3.809924 -0.317388 0.257386 -0.692375 0.674069 0.739726 0.872798
  34 -19.762943 -3.860931 -0.516984 0.662081 -0.744264 0.087861 0.722114 0.864971
male.bmp
  31 -22.722328 2.714780 -0.304452 -0.562822 0.596389 0.572321 0.925636 0.681018
  31 -22.744601 2.553372 -0.297289 -0.483464 -0.211649 0.849392 0.956947 0.688845
  31 -22.440857 2.585353 -0.279499 0.024681 0.424666 0.905014 0.921722 0.751468
male.bmp
  31 -22.440857 2.585353 -0.279499 0.024681 0.424666 0.905014 0.921722 0.751468
  31 -22.744601 2.553372 -0.297289 -0.483464 -0.211649 0.849392 0.956947 0.688845
  31 -22.529980 2.466599 -0.286886 -0.250791 -0.151461 0.956119 0.949119 0.747554
male.bmp
  31 -22.744601 2.553372 -0.297289 -0.483464 -0.211649 0.849392 0.956947 0.688845
  31 -22.729391 2.464220 -0.374234 -0.582348 -0.732494 0.352595 0.968689 0.706458
  31 -22.529980 2.466599 -0.286886 -0.250791 -0.151461 0.956119 0.949119 0.747554
male.bmp
  31 -22.529980 2.466599 -0.286886 -0.250791 -0.151461 0.956119 0.949119 0.747554
  31 -22.729391 2.464220 -0.374234 -0.582348 -0.732494 0.352595 0.968689 0.706458
  30 -22.244845 2.318819 -0.218998 -0.267833 -0.354698 0.895799 0.949119 0.818004
male.bmp
  31 -22.729391 2.464220 -0.374234 -0.582348 -0.732494 0.352595 0.968689 0.706458
  30 -22.219015 2.187881 -0.339365 -0.459042 -0.830192 0.316326 0.972603 0.829746
  30 -22.244845 2.318819 -0.218998 -0.267833 -0.354698 0.895799 0.949119 0.818004
male.bmp
  30 -22.244845 2.318819 -0.218998 -0.267833 -0.354698 0.895799 0.949119 0.818004
  30 -22.219015 2.187881 -0.339365 -0.459042 -0.830192 0.316326 0.972603 0.829746
  30 -21.515216 1.963588 -0.197731 -0.225554 -0.189144 0.955693 0.951076 0.964775
male.bmp
  30 -22.219015 2.187881 -0.339365 -0.459042 -0.830192 0.316326 0.972603 0.829746
  30 -21.552804 1.793697 -0.325887 -0.519009 -0.796949 0.309035 0.978474 0.974560
  30 -21.515216 1.963588 -0.197731 -0.225554 -0.189144 0.955693 0.951076 0.964775
male.bmp
  28 -23.424494 -1.264641 -0.113286 -0.088826 -0.221471 -0.971113 0.923679 0.414873
  28 -22.972821 -1.312719 -0.017476 0.092321 -0.747468 -0.657852 0.908023 0.518591
  28 -23.536725 -1.444386 0.031269 -0.229757 -0.857565 -0.460211 0.904110 0.393346
male.bmp
  28 -23.536725 -1.444386 0.031269 -0.229757 -0.857565 -0.460211 0.904110 0.393346
  28 -22.972821 -1.312719 -0.017476 0.092321 -0.747468 -0.657852 0.908023 0.518591
  27 -22.924412 -1.368502 0.281612 0.162994 -0.954923 0.248104 0.884540 0.530333
male.bmp
  28 -22.972821 -1.312719 -0.017476 0.092321 -0.747468 -0.657852 0.908023 0.518591
  27 -22.793304 -1.300250 -0.039562 0.072187 -0.746577 -0.661371 0.904110 0.542074
  27 -22.924412 -1.368502 0.281612 0.162994 -0.954923 0.248104 0.884540 0.530333
male.bmp
  27 -22.924412 -1.368502 0.281612 0.162994 -0.954923 0.248104 0.884540 0.530333
  27 -22.793304 -1.300250 -0.039562 0.072187 -0.746577 -0.661371 0.904110 0.542074
  27 -21.948799 -1.197723 0.270922 0.041415 -0.948188 0.315000 0.888454 0.628180
male.bmp
  27 -22.793304 -1.300250 -0.039562 0.072187 -0.746577 -0.661371 0.904110 0.542074
  27 -21.882227 -1.160390 -0.026189 0.164508 -0.740231 -0.651916 0.908023 0.634051
  27 -21.948799 -1.197723 0.270922 0.041415 -0.948188 0.315000 0.888454 0.628180
male.bmp
  27 -21.948799 -1.197723 0.270922 0.041415 -0.948188 0.315000 0.888454 0.628180
  27 -21.882227 -1.160390 -0.026189 0.164508 -0.740231 -0.651916 0.908023 0.634051
  26 -21.842195 -1.203899 0.278352 -0.067394 -0.967324 0.244423 0.882583 0.643836
male.bmp
  27 -21.882227 -1.160390 -0.026189 0.164508 -0.740231 -0.651916 0.908023 0.634051
  26 -21.805242 -1.151009 -0.009983 0.234321 -0.756076 -0.611100 0.906067 0.645793
  26 -21.842195 -1.203899 0.278352 -0.067394 -0.967324 0.244423 0.882583 0.643836
male.bmp
  20 -22.007300 0.818671 0.130513 -0.505046 -0.823487 0.258453 0.882583 0.643836
  21 -22.093667 0.861750 0.098057 -0.381041 -0.894028 0.235630 0.888454 0.628180
  21 -22.008098 0.897149 -0.174753 -0.179092 -0.691908 -0.699420 0.908023 0.634051
male.bmp
  21 -22.008098 0.897149 -0.174753 -0.179092 -0.691908 -0.699420 0.908023 0.634051
  21 -22.093667 0.861750 0.098057 -0.381041 -0.894028 0.235630 0.888454 0.628180
  21 -23.018275 1.148258 -0.184101 -0.231027 -0.755832 -0.612653 0.904110 0.542074
male.bmp
  21 -22.093667 0.861750 0.098057 -0.381041 -0.894028 0.235630 0.888454 0.628180
  21 -23.132636 1.157072 0.065987 -0.257621 -0.926753 0.273423 0.884540 0.530333
  21 -23.018275 1.148258 -0.184101 -0.231027 -0.755832 -0.612653 0.904110 0.542074
male.bmp
  21 -23.018275 1.148258 -0.184101 -0.231027 -0.755832 -0.612653 0.904110 0.542074
  21 -23.132636 1.157072 0.065987 -0.257621 -0.926753 0.273423 0.884540 0.530333
  22 -23.173984 1.214029 -0.189049 -0.205807 -0.741533 -0.638570 0.908023 0.518591
male.bmp
  21 -23.132636 1.157072 0.065987 -0.257621 -0.926753 0.273423 0.884540 0.530333
  22 -23.791820 1.353480 -0.141800 -0.599859 -0.678387 -0.424218 0.904110 0.393346
  22 -23.173984 1.214029 -0.189049 -0.205807 -0.741533 -0.638570 0.908023 0.518591
male.bmp
  22 -23.173984 1.214029 -0.189049 -0.205807 -0.741533 -0.638570 0.908023 0.518591
  22 -23.791820 1.353480 -0.141800 -0.599859 -0.678387 -0.424218 0.904110 0.393346
  22 -23.628200 1.438594 -0.285272 -0.188379 -0.175570 -0.966276 0.923679 0.414873
male.bmp
  22 -23.791820 1.353480 -0.141800 -0.599859 -0.678387 -0.424218 0.904110 0.393346
  22 -23.819078 1.519240 -0.189555 -0.790547 0.027000 -0.611806 0.925636 0.385519
  22 -23.628200 1.438594 -0.285272 -0.188379 -0.175570 -0.966276 0.923679 0.414873
male.bmp
  19 -20.565735 1.354617 0.119123 -0.315092 0.374920 0.871867 0.733855 0.291585
  19 -20.674495 1.098344 0.243604 -0.152169 0.680441 0.716829 0.726027 0.268102
  19 -20.177763 1.404581 0.168931 -0.037034 0.610120 0.791443 0.769080 0.299413
male.bmp
  19 -20.177763 1.404581 0.168931 -0.037034 0.610120 0.791443 0.769080 0.299413
  19 -20.674495 1.098344 0.243604 -0.152169 0.680441 0.716829 0.726027 0.268102
  19 -20.217344 0.870016 0.513567 -0.141405 0.404732 0.903436 0.769080 0.250489
male.bmp
  19 -20.674495 1.098344 0.243604 -0.152169 0.680441 0.716829 0.726027 0.268102
  19 -20.823831 0.872949 0.368086 -0.057459 0.193163 0.979483 0.712329 0.246575
  19 -20.217344 0.870016 0.513567 -0.141405 0.404732 0.903436 0.769080 0.250489
male.bmp
  19 -20.217344 0.870016 0.513567 -0.141405 0.404732 0.903436 0.769080 0.250489
  19 -20.823831 0.872949 0.368086 -0.057459 0.193163 0.979483 0.712329 0.246575
  19 -20.798249 0.595671 0.346584 -0.321759 0.109253 0.940497 0.718200 0.223092
male.bmp
  19 -20.823831 0.872949 0.368086 -0.057459 0.193163 0.979483 0.712329 0.246575
  20 -21.938490 0.992697 0.378667 -0.512712 -0.143000 0.846568 0.612524 0.250489
  19 -20.798249 0.595671 0.346584 -0.321759 0.109253 0.940497 0.718200 0.223092
male.bmp
  19 -20.798249 0.595671 0.346584 -0.321759 0.109253 0.940497 0.718200 0.223092
  20 -21.938490 0.992697 0.378667 -0.512712 -0.143000 0.846568 0.612524 0.250489
  20 -20.897056 0.479947 0.262893 -0.676887 0.416201 0.607125 0.702544 0.215264
male.bmp
  20 -21.938490 0.992697 0.378667 -0.512712 -0.143000 0.846568 0.612524 0.250489
  20 -21.999899 0.769713 0.153929 -0.733264 -0.641009 0.226785 0.608611 0.232877
  20 -20.897056 0.479947 0.262893 -0.676887 0.416201 0.607125 0.702544 0.215264
male.bmp
  32 -20.085524 -1.398541 -0.266762 -0.872653 -0.175066 -0.455882 0.718200 0.671233
  19 -19.902371 -0.694762 -0.484613 -0.439276 0.052310 -0.896828 0.710372 0.606654
  32 -19.905751 -1.489487 -0.632973 -0.686223 0.111719 -0.718761 0.737769 0.673190
male.bmp
  32 -19.905751 -1.489487 -0.632973 -0.686223 0.111719 -0.718761 0.737769 0.673190
  19 -19.902371 -0.694762 -0.484613 -0.439276 0.052310 -0.896828 0.710372 0.606654
  32 -19.127362 -1.157305 -0.972333 0.076742 0.034760 -0.996445 0.790607 0.620352
male.bmp
  19 -19.902371 -0.694762 -0.484613 -0.439276 0.052310 -0.896828 0.710372 0.606654
  19 -18.945875 -0.516239 -0.830220 -0.062907 0.020559 -0.997808 0.784736 0.561644
  32 -19.127362 -1.157305 -0.972333 0.076742 0.034760 -0.996445 0.790607 0.620352
male.bmp
  32 -19.127362 -1.157305 -0.972333 0.076742 0.034760 -0.996445 0.790607 0.620352
  19 -18.945875 -0.516239 -0.830220 -0.062907 0.020559 -0.997808 0.784736 0.561644
  32 -18.380734 -1.076936 -0.490060 0.546963 -0.428728 -0.719044 0.849315 0.587084
male.bmp
  19 -18.945875 -0.516239 -0.830220 -0.062907 0.020559 -0.997808 0.784736 0.561644
  19 -18.336723 -0.535097 -0.773842 0.126022 -0.372295 -0.919519 0.833659 0.540117
  32 -18.380734 -1.076936 -0.490060 0.546963 -0.428728 -0.719044 0.849315 0.587084
male.bmp
  32 -18.380734 -1.076936 -0.490060 0.546963 -0.428728 -0.719044 0.849315 0.587084
  19 -18.336723 -0.535097 -0.773842 0.126022 -0.372295 -0.919519 0.833659 0.540117
  19 -18.010533 -0.891017 -0.407758 -0.464800 -0.579085 -0.669793 0.874755 0.559687
male.bmp
  19 -18.336723 -0.535097 -0.773842 0.126022 -0.372295 -0.919519 0.833659 0.540117
  19 -18.010532 -0.561586 -0.668479 -0.539109 -0.442470 -0.716646 0.861057 0.530333
  19 -18.010533 -0.891017 -0.407758 -0.464800 -0.579085 -0.669793 0.874755 0.559687
male.bmp
  19 -18.030535 -0.738721 0.641912 -0.787156 -0.323515 0.525093 0.976517 0.115460
  32 -18.370100 -1.156569 0.155344 0.406452 -0.732196 0.546521 0.953033 0.074364
  19 -18.020534 -1.029661 0.212547 -0.629057 -0.694291 0.349639 0.984344 0.090020
male.bmp
  19 -18.020534 -1.029661 0.212547 -0.629057 -0.694291 0.349639 0.984344 0.090020
  32 -18.370100 -1.156569 0.155344 0.406452 -0.732196 0.546521 0.953033 0.074364
  19 -18.010533 -1.100076 0.022700 -0.620615 -0.782920 0.043292 0.986301 0.084149
male.bmp
  32 -18.370100 -1.156569 0.155344 0.406452 -0.732196 0.546521 0.953033 0.074364
  32 -18.360477 -1.245477 -0.039856 0.637214 -0.760664 0.123888 0.958904 0.068493
  19 -18.010533 -1.100076 0.022700 -0.620615 -0.782920 0.043292 0.986301 0.084149
male.bmp
  19 -18.010533 -1.100076 0.022700 -0.620615 -0.782920 0.043292 0.986301 0.084149
  32 -18.360477 -1.245477 -0.039856 0.637214 -0.760664 0.123888 0.958904 0.068493
  19 -18.000533 -1.040623 -0.227430 -0.509054 -0.781231 -0.361305 0.992172 0.074364
male.bmp
  32 -18.360477 -1.245477 -0.039856 0.637214 -0.760664 0.123888 0.958904 0.068493
  32 -18.370980 -1.212421 -0.307992 0.715000 -0.645486 -0.268557 0.966732 0.058708
  19 -18.000533 -1.040623 -0.227430 -0.509054 -0.781231 -0.361305 0.992172 0.074364
male.bmp
  19 -18.000533 -1.040623 -0.227430 -0.509054 -0.781231 -0.361305 0.992172 0.074364
  32 -18.370980 -1.212421 -0.307992 0.715000 -0.645486 -0.268557 0.966732 0.058708
  19 -18.010533 -0.891017 -0.407758 -0.464800 -0.579085 -0.669793 0.996086 0.066536
male.bmp
  32 -18.370980 -1.212421 -0.307992 0.715000 -0.645486 -0.268557 0.966732 0.058708
  32 -18.380734 -1.076936 -0.490060 0.546963 -0.428728 -0.719044 0.972603 0.050881
  19 -18.010533 -0.891017 -0.407758 -0.464800 -0.579085 -0.669793 0.996086 0.066536
male.bmp
  29 -21.290638 1.968049 -0.675933 -0.800488 0.427546 -0.420028 0.504892 0.430528
  29 -21.252834 1.967353 -0.729509 -0.331380 0.402830 -0.853180 0.510763 0.432485
  29 -21.389133 1.727030 -0.678837 -0.661751 -0.319428 -0.678271 0.506849 0.457926
male.bmp
  29 -21.389133 1.727030 -0.678837 -0.661751 -0.319428 -0.678271 0.506849 0.457926
  29 -21.252834 1.967353 -0.729509 -0.331380 0.402830 -0.853180 0.510763 0.432485
  29 -20.734147 1.310052 -0.683477 -0.459967 -0.428137 -0.777901 0.575342 0.469667
male.bmp
  29 -21.252834 1.967353 -0.729509 -0.331380 0.402830 -0.853180 0.510763 0.432485
  29 -20.365249 1.606670 -0.761140 0.054915 0.308830 -0.949531 0.594912 0.432485
  29 -20.734147 1.310052 -0.683477 -0.459967 -0.428137 -0.777901 0.575342 0.469667
male.bmp
  29 -20.734147 1.310052 -0.683477 -0.459967 -0.428137 -0.777901 0.575342 0.469667
  29 -20.365249 1.606670 -0.761140 0.054915 0.308830 -0.949531 0.594912 0.432485
  19 -20.345290 0.841188 -0.671380 -0.263629 -0.237906 -0.934826 0.622309 0.495108
male.bmp
  29 -20.365249 1.606670 -0.761140 0.054915 0.308830 -0.949531 0.594912 0.432485
  19 -19.971859 1.367541 -0.773370 -0.047294 0.200206 -0.978612 0.636008 0.438356
  19 -20.345290 0.841188 -0.671380 -0.263629 -0.237906 -0.934826 0.622309 0.495108
male.bmp
  19 -20.345290 0.841188 -0.671380 -0.263629 -0.237906 -0.934826 0.622309 0.495108
  19 -19.971859 1.367541 -0.773370 -0.047294 0.200206 -0.978612 0.636008 0.438356
  19 -19.137242 0.913076 -0.998262 -0.057088 0.107381 -0.992578 0.720157 0.448141
male.bmp
  19 -19.971859 1.367541 -0.773370 -0.047294 0.200206 -0.978612 0.636008 0.438356
  19 -18.920302 1.288824 -0.758157 0.200003 0.669694 -0.715199 0.726027 0.407045
  19 -19.137242 0.913076 -0.998262 -0.057088 0.107381 -0.992578 0.720157 0.448141
male.bmp
  19 -20.669620 1.166291 0.015001 -0.716480 0.597535 0.360011 0.567515 0.481409
  20 -20.971324 0.934278 -0.450597 -0.289396 0.288687 -0.912639 0.567515 0.506849
  20 -21.822656 1.419910 -0.071524 -0.376051 0.871612 -0.314448 0.483366 0.493151
male.bmp
  20 -21.822656 1.419910 -0.071524 -0.376051 0.871612 -0.314448 0.483366 0.493151
  20 -20.971324 0.934278 -0.450597 -0.289396 0.288687 -0.912639 0.567515 0.506849
  20 -21.833490 1.154567 -0.319669 -0.568758 0.280606 -0.773159 0.489237 0.518591
male.bmp
  20 -20.971324 0.934278 -0.450597 -0.289396 0.288687 -0.912639 0.567515 0.506849
  20 -21.229975 0.669332 -0.273669 -0.427448 -0.632107 -0.646319 0.561644 0.532290
  20 -21.833490 1.154567 -0.319669 -0.568758 0.280606 -0.773159 0.489237 0.518591
male.bmp
  20 -21.833490 1.154567 -0.319669 -0.568758 0.280606 -0.773159 0.489237 0.518591
  20 -21.229975 0.669332 -0.273669 -0.427448 -0.632107 -0.646319 0.561644 0.532290
  20 -21.906986 0.808957 -0.207633 -0.604852 -0.533310 -0.591384 0.497065 0.549902
male.bmp
  20 -21.229975 0.669332 -0.273669 -0.427448 -0.632107 -0.646319 0.561644 0.532290
  20 -21.999899 0.769713 0.153929 -0.733264 -0.641009 0.226785 0.499022 0.573386
  20 -21.906986 0.808957 -0.207633 -0.604852 -0.533310 -0.591384 0.497065 0.549902
male.bmp
  20 -21.906986 0.808957 -0.207633 -0.604852 -0.533310 -0.591384 0.497065 0.549902
  20 -21.999899 0.769713 0.153929 -0.733264 -0.641009 0.226785 0.499022 0.573386
  20 -21.930967 0.872583 -0.160977 -0.918530 -0.010542 -0.395211 0.491194 0.545988
male.bmp
  20 -21.999899 0.769713 0.153929 -0.733264 -0.641009 0.226785 0.499022 0.573386
  20 -22.007300 0.818671 0.130513 -0.992660 -0.116465 -0.032576 0.493151 0.571429
  20 -21.930967 0.872583 -0.160977 -0.918530 -0.010542 -0.395211 0.491194 0.545988
male.bmp
  19 -17.660535 -0.788677 0.662021 0.542806 -0.458883 0.703412 0.495108 0.076321
  19 -17.670536 -0.068307 0.830447 0.560697 0.051212 0.826436 0.506849 0.156556
  19 -17.690536 -0.068176 0.890447 0.560697 0.051212 0.826436 0.502935 0.156556
male.bmp
  19 -17.690536 -0.068176 0.890447 0.560697 0.051212 0.826436 0.502935 0.156556
  19 -17.670536 -0.068307 0.830447 0.560697 0.051212 0.826436 0.506849 0.156556
  19 -17.690536 0.581363 0.679026 0.510757 0.395774 0.763210 0.512720 0.227006
male.bmp
  19 -17.670536 -0.068307 0.830447 0.560697 0.051212 0.826436 0.506849 0.156556
  19 -17.680536 0.551276 0.639092 0.510757 0.395774 0.763210 0.514677 0.223092
  19 -17.690536 0.581363 0.679026 0.510757 0.395774 0.763210 0.512720 0.227006
male.bmp
  19 -17.690536 0.581363 0.679026 0.510757 0.395774 0.763210 0.512720 0.227006
  19 -17.680536 0.551276 0.639092 0.510757 0.395774 0.763210 0.514677 0.223092
  19 -17.660535 1.070444 0.257955 0.579896 0.673384 0.458557 0.518591 0.273973
male.bmp
  19 -17.680536 0.551276 0.639092 0.510757 0.395774 0.763210 0.514677 0.223092
  19 -17.650535 1.020400 0.238065 0.579896 0.673384 0.458557 0.522505 0.268102
  19 -17.660535 1.070444 0.257955 0.579896 0.673384 0.458557 0.518591 0.273973
male.bmp
  19 -17.660535 1.070444 0.257955 0.579896 0.673384 0.458557 0.518591 0.273973
  19 -17.650535 1.020400 0.238065 0.579896 0.673384 0.458557 0.522505 0.268102
  19 -17.630534 1.259000 -0.402458 0.582265 0.812809 -0.017568 0.524462 0.320939
male.bmp
  19 -17.650535 1.020400 0.238065 0.579896 0.673384 0.458557 0.522505 0.268102
  19 -17.620534 1.219022 -0.392371 0.588063 0.808640 0.016855 0.526419 0.317025
  19 -17.630534 1.259000 -0.402458 0.582265 0.812809 -0.017568 0.524462 0.320939
male.bmp
  19 -18.030535 -0.778546 0.721999 -0.649106 -0.412176 0.639353 0.452055 0.086106
  19 -18.050536 -0.028242 0.860358 -0.708753 0.045750 0.703971 0.461840 0.168297
  19 -18.040535 -0.038461 0.760381 -0.815517 -0.019303 0.578411 0.455969 0.168297
male.bmp
  19 -18.040535 -0.038461 0.760381 -0.815517 -0.019303 0.578411 0.455969 0.168297
  19 -18.050536 -0.028242 0.860358 -0.708753 0.045750 0.703971 0.461840 0.168297
  19 -18.060536 0.551210 0.609091 -0.682428 0.343455 0.645237 0.463796 0.232877
male.bmp
  19 -18.050536 -0.028242 0.860358 -0.708753 0.045750 0.703971 0.461840 0.168297
  19 -18.050536 0.581276 0.639025 -0.666774 0.391344 0.634241 0.471624 0.232877
  19 -18.060536 0.551210 0.609091 -0.682428 0.343455 0.645237 0.463796 0.232877
male.bmp
  19 -18.060536 0.551210 0.609091 -0.682428 0.343455 0.645237 0.463796 0.232877
  19 -18.050536 0.581276 0.639025 -0.666774 0.391344 0.634241 0.471624 0.232877
  19 -18.020535 1.000313 0.198108 -0.706108 0.588703 0.393497 0.471624 0.279843
male.bmp
  19 -18.050536 0.581276 0.639025 -0.666774 0.391344 0.634241 0.471624 0.232877
  19 -18.030535 1.080400 0.237933 -0.656516 0.641412 0.396959 0.477495 0.279843
  19 -18.020535 1.000313 0.198108 -0.706108 0.588703 0.393497 0.471624 0.279843
male.bmp
  19 -18.020535 1.000313 0.198108 -0.706108 0.588703 0.393497 0.471624 0.279843
  19 -18.030535 1.080400 0.237933 -0.656516 0.641412 0.396959 0.477495 0.279843
  19 -18.000534 1.209088 -0.362350 -0.711343 0.702607 -0.018300 0.475538 0.334638
male.bmp
  19 -18.030535 1.080400 0.237933 -0.656516 0.641412 0.396959 0.477495 0.279843
  19 -18.000534 1.289044 -0.382525 -0.605083 0.795912 -0.019961 0.483366 0.336595
  19 -18.000534 1.209088 -0.362350 -0.711343 0.702607 -0.018300 0.475538 0.334638
male.bmp
  19 -17.290533 -1.190666 -0.247101 -0.007637 -0.899138 -0.437599 0.303327 0.943249
  19 -17.620533 -0.900973 -0.387735 0.520975 -0.614996 -0.591917 0.279843 0.892368
  19 -17.300532 -1.011169 -0.477494 -0.028960 -0.732730 -0.679903 0.281800 0.943249
male.bmp
  19 -17.300532 -1.011169 -0.477494 -0.028960 -0.732730 -0.679903 0.281800 0.943249
  19 -17.620533 -0.900973 -0.387735 0.520975 -0.614996 -0.591917 0.279843 0.892368
  19 -17.280532 -0.711738 -0.738149 -0.027863 -0.545337 -0.837754 0.244618 0.943249
male.bmp
  19 -17.620533 -0.900973 -0.387735 0.520975 -0.614996 -0.591917 0.279843 0.892368
  19 -17.620532 -0.591542 -0.648413 0.568815 -0.422214 -0.705822 0.238748 0.892368
  19 -17.280532 -0.711738 -0.738149 -0.027863 -0.545337 -0.837754 0.244618 0.943249
male.bmp
  19 -17.280532 -0.711738 -0.738149 -0.027863 -0.545337 -0.837754 0.244618 0.943249
  19 -17.620532 -0.591542 -0.648413 0.568815 -0.422214 -0.705822 0.238748 0.892368
  19 -17.270532 -0.352111 -0.908936 0.107898 0.221795 -0.969105 0.205479 0.943249
male.bmp
  19 -17.620532 -0.591542 -0.648413 0.568815 -0.422214 -0.705822 0.238748 0.892368
  19 -17.620532 -0.211893 -0.809243 0.746297 -0.138660 -0.651010 0.197652 0.894325
  19 -17.270532 -0.352111 -0.908936 0.107898 0.221795 -0.969105 0.205479 0.943249
male.bmp
  19 -17.270532 -0.352111 -0.908936 0.107898 0.221795 -0.969105 0.205479 0.943249
  19 -17.620532 -0.211893 -0.809243 0.746297 -0.138660 -0.651010 0.197652 0.894325
  19 -17.560533 -0.171696 -0.719331 0.798539 0.072358 0.597579 0.197652 0.915851
male.bmp
  19 -17.620532 -0.211893 -0.809243 0.746297 -0.138660 -0.651010 0.197652 0.894325
  19 -17.220532 -0.112067 -0.889461 0.699057 -0.475628 0.533945 0.195695 0.945205
  19 -17.560533 -0.171696 -0.719331 0.798539 0.072358 0.597579 0.197652 0.915851
male.bmp
  13 21.946228 1.841632 -0.670114 -0.115102 0.277736 -0.953737 0.943249 0.634051
  12 21.887177 1.803446 -0.674300 -0.104819 0.246652 -0.963419 0.943249 0.645793
  12 21.870716 1.979472 -0.483923 -0.442493 0.736444 -0.511713 0.974560 0.639922
male.bmp
  13 21.946228 1.841632 -0.670114 -0.115102 0.277736 -0.953737 0.943249 0.634051
  12 22.009320 1.612980 -0.627354 0.539777 -0.416052 -0.731807 0.906067 0.645793
  12 21.887177 1.803446 -0.674300 -0.104819 0.246652 -0.963419 0.943249 0.645793
male.bmp
  13 21.946228 1.841632 -0.670114 -0.115102 0.277736 -0.953737 0.943249 0.634051
  13 22.058643 1.651893 -0.603317 0.484263 -0.580814 -0.654328 0.908023 0.634051
  12 22.009320 1.612980 -0.627354 0.539777 -0.416052 -0.731807 0.906067 0.645793
male.bmp
  13 21.946228 1.841632 -0.670114 -0.115102 0.277736 -0.953737 0.943249 0.634051
  13 22.675192 2.202197 -0.672114 -0.057529 0.227816 -0.972003 0.943249 0.534247
  13 22.058643 1.651893 -0.603317 0.484263 -0.580814 -0.654328 0.908023 0.634051
male.bmp
  13 21.946228 1.841632 -0.670114 -0.115102 0.277736 -0.953737 0.943249 0.634051
  13 21.928661 2.030498 -0.473846 -0.426788 0.787934 -0.443859 0.972603 0.628180
  13 22.675192 2.202197 -0.672114 -0.057529 0.227816 -0.972003 0.943249 0.534247
male.bmp
  13 21.946228 1.841632 -0.670114 -0.115102 0.277736 -0.953737 0.943249 0.634051
  12 21.870716 1.979472 -0.483923 -0.442493 0.736444 -0.511713 0.974560 0.639922
  13 21.928661 2.030498 -0.473846 -0.426788 0.787934 -0.443859 0.972603 0.628180
male.bmp
  5 24.053584 1.533598 0.066522 -0.113449 0.891352 0.438887 0.896282 0.747554
  4 23.677251 1.328953 0.270125 0.025029 0.327520 0.944513 0.921722 0.814090
  5 24.068560 1.376065 0.175420 0.062376 0.359508 0.931055 0.921722 0.751468
male.bmp
  5 24.053584 1.533598 0.066522 -0.113449 0.891352 0.438887 0.896282 0.747554
  4 23.607483 1.451059 0.128624 -0.153639 0.894477 0.419889 0.894325 0.814090
  4 23.677251 1.328953 0.270125 0.025029 0.327520 0.944513 0.921722 0.814090
male.bmp
  5 24.053584 1.533598 0.066522 -0.113449 0.891352 0.438887 0.896282 0.747554
  4 23.555181 1.452694 -0.071030 -0.186584 0.923463 -0.335265 0.878669 0.825832
  4 23.607483 1.451059 0.128624 -0.153639 0.894477 0.419889 0.894325 0.814090
male.bmp
  5 24.053584 1.533598 0.066522 -0.113449 0.891352 0.438887 0.896282 0.747554
  5 24.326321 1.580757 -0.023980 0.088683 0.950460 -0.297929 0.882583 0.690802
  4 23.555181 1.452694 -0.071030 -0.186584 0.923463 -0.335265 0.878669 0.825832
male.bmp
  5 24.053584 1.533598 0.066522 -0.113449 0.891352 0.438887 0.896282 0.747554
  5 24.365385 1.572683 0.093956 0.192470 0.871290 0.451453 0.894325 0.694716
  5 24.326321 1.580757 -0.023980 0.088683 0.950460 -0.297929 0.882583 0.690802
male.bmp
  5 24.053584 1.533598 0.066522 -0.113449 0.891352 0.438887 0.896282 0.747554
  5 24.068560 1.376065 0.175420 0.062376 0.359508 0.931055 0.921722 0.751468
  5 24.365385 1.572683 0.093956 0.192470 0.871290 0.451453 0.894325 0.694716
male.bmp
  16 20.191056 -2.685018 -0.847136 -0.197099 -0.073264 -0.977642 0.782779 0.724070
  16 19.936561 -2.729978 -0.625753 -0.759272 -0.399734 -0.513535 0.759295 0.727984
  16 20.054855 -2.226426 -0.862694 -0.067834 -0.108716 -0.991756 0.784736 0.772994
male.bmp
  16 20.191056 -2.685018 -0.847136 -0.197099 -0.073264 -0.977642 0.782779 0.724070
  16 20.292611 -3.066834 -0.849039 0.071514 -0.722174 -0.688005 0.782779 0.684932
  16 19.936561 -2.729978 -0.625753 -0.759272 -0.399734 -0.513535 0.759295 0.727984
male.bmp
  16 20.191056 -2.685018 -0.847136 -0.197099 -0.073264 -0.977642 0.782779 0.724070
  16 20.721323 -2.910634 -0.692170 0.700490 -0.400465 -0.590712 0.829746 0.686888
  16 20.292611 -3.066834 -0.849039 0.071514 -0.722174 -0.688005 0.782779 0.684932
male.bmp
  16 20.191056 -2.685018 -0.847136 -0.197099 -0.073264 -0.977642 0.782779 0.724070
  16 20.606626 -2.552152 -0.703790 0.617541 0.148232 -0.772445 0.829746 0.724070
  16 20.721323 -2.910634 -0.692170 0.700490 -0.400465 -0.590712 0.829746 0.686888
male.bmp
  16 20.191056 -2.685018 -0.847136 -0.197099 -0.073264 -0.977642 0.782779 0.724070
  16 20.541243 -2.022229 -0.689401 0.660190 0.149295 -0.736111 0.839530 0.776908
  16 20.606626 -2.552152 -0.703790 0.617541 0.148232 -0.772445 0.829746 0.724070
male.bmp
  16 20.191056 -2.685018 -0.847136 -0.197099 -0.073264 -0.977642 0.782779 0.724070
  16 20.054855 -2.226426 -0.862694 -0.067834 -0.108716 -0.991756 0.784736 0.772994
  16 20.541243 -2.022229 -0.689401 0.660190 0.149295 -0.736111 0.839530 0.776908
male.bmp
  3 21.674688 0.195485 -0.256176 0.850981 0.048604 -0.522942 0.579256 0.559687
  6 21.798785 -0.049341 -0.294470 0.183591 0.211875 -0.959898 0.577299 0.583170
  2 21.198846 0.078659 -0.389038 0.209585 -0.236600 -0.948733 0.622309 0.551859
male.bmp
  2 21.198846 0.078659 -0.389038 0.209585 -0.236600 -0.948733 0.622309 0.551859
  6 21.798785 -0.049341 -0.294470 0.183591 0.211875 -0.959898 0.577299 0.583170
  6 21.811558 -0.420995 -0.174847 0.211983 -0.745472 -0.631929 0.589041 0.614481
male.bmp
  6 21.798785 -0.049341 -0.294470 0.183591 0.211875 -0.959898 0.577299 0.583170
  6 22.788658 -0.023502 -0.248826 0.460934 0.185196 -0.867895 0.502935 0.610568
  6 21.811558 -0.420995 -0.174847 0.211983 -0.745472 -0.631929 0.589041 0.614481
male.bmp
  6 21.811558 -0.420995 -0.174847 0.211983 -0.745472 -0.631929 0.589041 0.614481
  6 22.788658 -0.023502 -0.248826 0.460934 0.185196 -0.867895 0.502935 0.610568
  6 22.802343 -0.347184 -0.143268 0.448457 -0.594399 -0.667515 0.514677 0.639922
male.bmp
  6 22.788658 -0.023502 -0.248826 0.460934 0.185196 -0.867895 0.502935 0.610568
  6 22.817434 -0.035824 -0.182341 0.906150 -0.017490 -0.422595 0.500978 0.614481
  6 22.802343 -0.347184 -0.143268 0.448457 -0.594399 -0.667515 0.514677 0.639922
male.bmp
  6 22.802343 -0.347184 -0.143268 0.448457 -0.594399 -0.667515 0.514677 0.639922
  6 22.817434 -0.035824 -0.182341 0.906150 -0.017490 -0.422595 0.500978 0.614481
  6 22.841845 -0.321272 -0.087878 0.818695 -0.404602 -0.407476 0.508806 0.639922
male.bmp
  6 21.607998 -0.625239 -0.138134 0.781764 -0.214696 -0.585449 0.612524 0.624266
  9 21.677296 -0.897715 -0.135936 0.192764 0.195992 -0.961472 0.614481 0.647750
  2 21.191212 -0.565493 -0.240006 0.223223 -0.165956 -0.960536 0.643836 0.606654
male.bmp
  2 21.191212 -0.565493 -0.240006 0.223223 -0.165956 -0.960536 0.643836 0.606654
  9 21.677296 -0.897715 -0.135936 0.192764 0.195992 -0.961472 0.614481 0.647750
  9 21.477054 -1.270419 -0.075980 0.034823 -0.724326 -0.688578 0.643836 0.673190
male.bmp
  9 21.677296 -0.897715 -0.135936 0.192764 0.195992 -0.961472 0.614481 0.647750
  9 22.456831 -0.981632 -0.167300 0.328934 0.162522 -0.930263 0.553816 0.681018
  9 21.477054 -1.270419 -0.075980 0.034823 -0.724326 -0.688578 0.643836 0.673190
male.bmp
  9 21.477054 -1.270419 -0.075980 0.034823 -0.724326 -0.688578 0.643836 0.673190
  9 22.456831 -0.981632 -0.167300 0.328934 0.162522 -0.930263 0.553816 0.681018
  9 22.349952 -1.343144 -0.029511 0.179684 -0.774207 -0.606891 0.575342 0.708415
male.bmp
  9 22.456831 -0.981632 -0.167300 0.328934 0.162522 -0.930263 0.553816 0.681018
  9 22.490530 -1.013877 -0.123429 0.639910 -0.095191 -0.762531 0.551859 0.684932
  9 22.349952 -1.343144 -0.029511 0.179684 -0.774207 -0.606891 0.575342 0.708415
male.bmp
  9 22.349952 -1.343144 -0.029511 0.179684 -0.774207 -0.606891 0.575342 0.708415
  9 22.490530 -1.013877 -0.123429 0.639910 -0.095191 -0.762531 0.551859 0.684932
  9 22.407298 -1.311917 -0.014138 0.498750 -0.651571 -0.571580 0.569472 0.708415
male.bmp
  2 19.000541 0.470521 0.577452 -0.116809 0.463952 0.878126 0.935421 0.236791
  2 19.063971 -0.121282 0.729592 0.011709 0.065658 0.997773 0.931507 0.183953
  2 19.332697 0.529526 0.611965 -0.076318 0.394212 0.915845 0.904110 0.240705
male.bmp
  2 19.000541 0.470521 0.577452 -0.116809 0.463952 0.878126 0.935421 0.236791
  2 18.637227 -0.202650 0.766633 0.815507 -0.019303 0.578425 0.970646 0.178082
  2 19.063971 -0.121282 0.729592 0.011709 0.065658 0.997773 0.931507 0.183953
male.bmp
  2 19.000541 0.470521 0.577452 -0.116809 0.463952 0.878126 0.935421 0.236791
  2 18.657227 0.387350 0.606632 0.682415 0.343456 0.645251 0.966732 0.228963
  2 18.637227 -0.202650 0.766633 0.815507 -0.019303 0.578425 0.970646 0.178082
male.bmp
  2 19.000541 0.470521 0.577452 -0.116809 0.463952 0.878126 0.935421 0.236791
  2 18.617226 0.827349 0.196631 0.706095 0.588706 0.393516 0.964775 0.264188
  2 18.657227 0.387350 0.606632 0.682415 0.343456 0.645251 0.966732 0.228963
male.bmp
  2 19.000541 0.470521 0.577452 -0.116809 0.463952 0.878126 0.935421 0.236791
  2 18.948444 0.921139 0.195446 -0.263834 0.760440 0.593399 0.935421 0.272016
  2 18.617226 0.827349 0.196631 0.706095 0.588706 0.393516 0.964775 0.264188
male.bmp
  2 19.000541 0.470521 0.577452 -0.116809 0.463952 0.878126 0.935421 0.236791
  2 19.332697 0.529526 0.611965 -0.076318 0.394212 0.915845 0.904110 0.240705
  2 18.948444 0.921139 0.195446 -0.263834 0.760440 0.593399 0.935421 0.272016
male.bmp
  2 17.797225 1.097348 -0.393368 -0.173643 0.984099 -0.037372 0.021526 0.947162
  2 18.217225 1.047347 -0.393369 -0.588040 0.808656 0.016844 0.025440 0.890411
  2 17.797225 1.037347 -0.623368 -0.150463 0.875467 -0.459258 0.039139 0.947162
male.bmp
  2 17.797225 1.037347 -0.623368 -0.150463 0.875467 -0.459258 0.039139 0.947162
  2 18.217225 1.047347 -0.393369 -0.588040 0.808656 0.016844 0.025440 0.890411
  2 18.217225 0.987347 -0.593369 -0.601969 0.690172 -0.401618 0.043053 0.890411
male.bmp
  2 18.217225 1.047347 -0.393369 -0.588040 0.808656 0.016844 0.025440 0.890411
  2 18.227225 1.017347 -0.613369 -0.575079 0.698680 -0.425594 0.039139 0.884540
  2 18.217225 0.987347 -0.593369 -0.601969 0.690172 -0.401618 0.043053 0.890411
male.bmp
  2 18.217225 0.987347 -0.593369 -0.601969 0.690172 -0.401618 0.043053 0.890411
  2 18.227225 1.017347 -0.613369 -0.575079 0.698680 -0.425594 0.039139 0.884540
  2 18.217224 0.837347 -0.753368 -0.577853 0.525141 -0.624750 0.060665 0.890411
male.bmp
  2 18.227225 1.017347 -0.613369 -0.575079 0.698680 -0.425594 0.039139 0.884540
  2 18.227224 0.867346 -0.783368 -0.577853 0.525141 -0.624750 0.058708 0.884540
  2 18.217224 0.837347 -0.753368 -0.577853 0.525141 -0.624750 0.060665 0.890411
male.bmp
  2 18.217224 0.837347 -0.753368 -0.577853 0.525141 -0.624750 0.060665 0.890411
  2 18.227224 0.867346 -0.783368 -0.577853 0.525141 -0.624750 0.058708 0.884540
  2 18.217224 0.647346 -0.923368 -0.629679 0.273101 -0.727269 0.082192 0.886497
male.bmp
  2 18.217224 -0.372654 -0.803365 -0.746283 -0.138660 -0.651026 0.197652 0.894325
  2 17.857224 -0.292654 -0.963365 -0.075356 -0.632625 -0.770783 0.181996 0.947162
  2 17.837224 0.397346 -0.983367 -0.063105 0.051854 -0.996659 0.101761 0.945205
male.bmp
  2 18.217224 -0.372654 -0.803365 -0.746283 -0.138660 -0.651026 0.197652 0.894325
  2 17.807224 -0.282654 -0.943365 -0.764783 -0.541721 -0.348776 0.187867 0.949119
  2 17.857224 -0.292654 -0.963365 -0.075356 -0.632625 -0.770783 0.181996 0.947162
male.bmp
  2 18.217224 -0.372654 -0.803365 -0.746283 -0.138660 -0.651026 0.197652 0.894325
  2 17.817224 -0.272654 -0.893365 -0.699070 -0.475626 0.533929 0.195695 0.945205
  2 17.807224 -0.282654 -0.943365 -0.764783 -0.541721 -0.348776 0.187867 0.949119
male.bmp
  2 18.217224 -0.372654 -0.803365 -0.746283 -0.138660 -0.651026 0.197652 0.894325
  2 18.157224 -0.332653 -0.723365 -0.798551 0.072361 0.597562 0.197652 0.915851
  2 17.817224 -0.272654 -0.893365 -0.699070 -0.475626 0.533929 0.195695 0.945205
male.bmp
  2 18.217224 -0.372654 -0.803365 -0.746283 -0.138660 -0.651026 0.197652 0.894325
  2 17.867224 -0.522654 -0.903364 -0.107880 0.221794 -0.969108 0.205479 0.943249
  2 18.157224 -0.332653 -0.723365 -0.798551 0.072361 0.597562 0.197652 0.915851
male.bmp
  2 18.217224 -0.372654 -0.803365 -0.746283 -0.138660 -0.651026 0.197652 0.894325
  2 18.217224 -0.752653 -0.643364 -0.568808 -0.422211 -0.705830 0.238748 0.892368
  2 17.867224 -0.522654 -0.903364 -0.107880 0.221794 -0.969108 0.205479 0.943249
male.bmp
  2 18.237225 -1.362651 0.066637 -0.621200 -0.782781 0.036941 0.326810 0.886497
  2 18.257226 -1.302651 0.276637 -0.584652 -0.716669 0.380221 0.340509 0.884540
  2 18.227225 -1.292651 0.076637 -0.556397 -0.827833 0.071523 0.322896 0.892368
male.bmp
  2 18.237225 -1.362651 0.066637 -0.621200 -0.782781 0.036941 0.326810 0.886497
  2 18.607226 -1.302651 0.216636 0.690433 -0.669900 0.273013 0.340509 0.839530
  2 18.257226 -1.302651 0.276637 -0.584652 -0.716669 0.380221 0.340509 0.884540
male.bmp
  2 18.237225 -1.362651 0.066637 -0.621200 -0.782781 0.036941 0.326810 0.886497
  2 18.597225 -1.362652 0.016636 0.611390 -0.790368 -0.038995 0.326810 0.839530
  2 18.607226 -1.302651 0.216636 0.690433 -0.669900 0.273013 0.340509 0.839530
male.bmp
  2 18.237225 -1.362651 0.066637 -0.621200 -0.782781 0.036941 0.326810 0.886497
  2 18.227225 -1.272652 -0.223363 -0.659086 -0.676604 -0.328349 0.303327 0.886497
  2 18.597225 -1.362652 0.016636 0.611390 -0.790368 -0.038995 0.326810 0.839530
male.bmp
  2 18.237225 -1.362651 0.066637 -0.621200 -0.782781 0.036941 0.326810 0.886497
  2 18.217225 -1.222652 -0.193363 -0.560215 -0.744891 -0.362349 0.299413 0.892368
  2 18.227225 -1.272652 -0.223363 -0.659086 -0.676604 -0.328349 0.303327 0.886497
male.bmp
  2 18.237225 -1.362651 0.066637 -0.621200 -0.782781 0.036941 0.326810 0.886497
  2 18.227225 -1.292651 0.076637 -0.556397 -0.827833 0.071523 0.322896 0.892368
  2 18.217225 -1.222652 -0.193363 -0.560215 -0.744891 -0.362349 0.299413 0.892368
male.bmp
  24 -23.562529 -0.052292 0.373306 -0.024310 -0.509621 0.860056 0.949119 0.818004
  25 -23.997927 -0.042507 0.341869 -0.002591 -0.338054 0.941123 0.949119 0.747554
  25 -24.256108 -0.153322 0.257237 -0.158834 -0.943181 0.291857 0.968689 0.706458
male.bmp
  24 -23.562529 -0.052292 0.373306 -0.024310 -0.509621 0.860056 0.949119 0.818004
  24 -23.563147 0.133360 0.402161 -0.034019 0.251443 0.967274 0.921722 0.814090
  25 -23.997927 -0.042507 0.341869 -0.002591 -0.338054 0.941123 0.949119 0.747554
male.bmp
  24 -23.562529 -0.052292 0.373306 -0.024310 -0.509621 0.860056 0.949119 0.818004
  24 -22.422208 -0.021442 0.369077 -0.000705 -0.347412 0.937712 0.951076 0.964775
  24 -23.563147 0.133360 0.402161 -0.034019 0.251443 0.967274 0.921722 0.814090
male.bmp
  24 -23.562529 -0.052292 0.373306 -0.024310 -0.509621 0.860056 0.949119 0.818004
  24 -22.406253 -0.249215 0.195685 -0.059425 -0.955240 0.289802 0.978474 0.974560
  24 -22.422208 -0.021442 0.369077 -0.000705 -0.347412 0.937712 0.951076 0.964775
male.bmp
  24 -23.562529 -0.052292 0.373306 -0.024310 -0.509621 0.860056 0.949119 0.818004
  24 -23.568384 -0.184303 0.172460 -0.037295 -0.971534 0.233946 0.972603 0.829746
  24 -22.406253 -0.249215 0.195685 -0.059425 -0.955240 0.289802 0.978474 0.974560
male.bmp
  24 -23.562529 -0.052292 0.373306 -0.024310 -0.509621 0.860056 0.949119 0.818004
  25 -24.256108 -0.153322 0.257237 -0.158834 -0.943181 0.291857 0.968689 0.706458
  24 -23.568384 -0.184303 0.172460 -0.037295 -0.971534 0.233946 0.972603 0.829746
male.bmp
  26 -21.890347 -0.844504 -0.130447 0.032367 0.163488 -0.986014 0.943249 0.645793
  27 -21.968451 -0.851523 -0.126520 -0.029969 0.252406 -0.967157 0.943249 0.634051
  26 -22.009552 -0.600332 0.119294 -0.345194 0.864435 -0.365504 0.974560 0.639922
male.bmp
  26 -22.009552 -0.600332 0.119294 -0.345194 0.864435 -0.365504 0.974560 0.639922
  27 -21.968451 -0.851523 -0.126520 -0.029969 0.252406 -0.967157 0.943249 0.634051
  27 -22.089603 -0.626599 0.136788 -0.271213 0.934291 -0.231395 0.972603 0.628180
male.bmp
  27 -21.968451 -0.851523 -0.126520 -0.029969 0.252406 -0.967157 0.943249 0.634051
  27 -22.851854 -1.026222 -0.135377 -0.119942 0.245803 -0.961870 0.943249 0.534247
  27 -22.089603 -0.626599 0.136788 -0.271213 0.934291 -0.231395 0.972603 0.628180
male.bmp
  27 -22.089603 -0.626599 0.136788 -0.271213 0.934291 -0.231395 0.972603 0.628180
  27 -22.851854 -1.026222 -0.135377 -0.119942 0.245803 -0.961870 0.943249 0.534247
  27 -23.035521 -0.841931 0.153246 -0.271213 0.934291 -0.231395 0.970646 0.524462
male.bmp
  27 -22.851854 -1.026222 -0.135377 -0.119942 0.245803 -0.961870 0.943249 0.534247
  28 -23.039344 -1.049169 -0.101832 -0.131448 0.343537 -0.929895 0.941292 0.510763
  27 -23.035521 -0.841931 0.153246 -0.271213 0.934291 -0.231395 0.970646 0.524462
male.bmp
  27 -23.035521 -0.841931 0.153246 -0.271213 0.934291 -0.231395 0.970646 0.524462
  28 -23.039344 -1.049169 -0.101832 -0.131448 0.343537 -0.929895 0.941292 0.510763
  28 -23.591433 -1.188547 -0.052120 -0.493942 0.364232 -0.789529 0.941292 0.395303
male.bmp
  20 -21.842952 1.157327 -0.246849 0.226204 0.219435 -0.949042 0.943249 0.645793
  21 -21.932257 1.175260 -0.257834 0.137300 0.210317 -0.967944 0.943249 0.634051
  20 -21.846721 1.369590 -0.045279 0.178623 0.916760 -0.357273 0.974560 0.639922
male.bmp
  20 -21.846721 1.369590 -0.045279 0.178623 0.916760 -0.357273 0.974560 0.639922
  21 -21.932257 1.175260 -0.257834 0.137300 0.210317 -0.967944 0.943249 0.634051
  21 -21.920551 1.382706 -0.058262 0.191480 0.905536 -0.378603 0.972603 0.628180
male.bmp
  21 -21.932257 1.175260 -0.257834 0.137300 0.210317 -0.967944 0.943249 0.634051
  21 -22.967262 1.407181 -0.281859 0.023071 0.225123 -0.974057 0.943249 0.534247
  21 -21.920551 1.382706 -0.058262 0.191480 0.905536 -0.378603 0.972603 0.628180
male.bmp
  21 -21.920551 1.382706 -0.058262 0.191480 0.905536 -0.378603 0.972603 0.628180
  21 -22.967262 1.407181 -0.281859 0.023071 0.225123 -0.974057 0.943249 0.534247
  21 -22.955129 1.620244 -0.063096 0.186592 0.923463 -0.335261 0.970646 0.524462
male.bmp
  21 -22.967262 1.407181 -0.281859 0.023071 0.225123 -0.974057 0.943249 0.534247
  22 -23.108256 1.455058 -0.261053 0.039143 0.301629 -0.952621 0.941292 0.510763
  21 -22.955129 1.620244 -0.063096 0.186592 0.923463 -0.335261 0.970646 0.524462
male.bmp
  21 -22.955129 1.620244 -0.063096 0.186592 0.923463 -0.335261 0.970646 0.524462
  22 -23.108256 1.455058 -0.261053 0.039143 0.301629 -0.952621 0.941292 0.510763
  22 -23.745669 1.596688 -0.224384 -0.345972 0.507899 -0.788886 0.941292 0.395303
male.bmp
  33 -19.000580 -2.130637 -0.604718 0.731981 -0.506447 -0.455757 0.737769 0.780822
  33 -19.338841 -2.566028 -0.627382 0.759283 -0.399735 -0.513518 0.759295 0.727984
  33 -19.462802 -2.057745 -0.859938 0.067856 -0.108715 -0.991754 0.784736 0.772994
male.bmp
  33 -19.462802 -2.057745 -0.859938 0.067856 -0.108715 -0.991754 0.784736 0.772994
  33 -19.338841 -2.566028 -0.627382 0.759283 -0.399735 -0.513518 0.759295 0.727984
  33 -19.592229 -2.525644 -0.855557 0.197123 -0.073264 -0.977637 0.782779 0.724070
male.bmp
  33 -19.338841 -2.566028 -0.627382 0.759283 -0.399735 -0.513518 0.759295 0.727984
  33 -19.698777 -2.895755 -0.847442 -0.071500 -0.722176 -0.688004 0.782779 0.684932
  33 -19.592229 -2.525644 -0.855557 0.197123 -0.073264 -0.977637 0.782779 0.724070
male.bmp
  33 -19.592229 -2.525644 -0.855557 0.197123 -0.073264 -0.977637 0.782779 0.724070
  33 -19.698777 -2.895755 -0.847442 -0.071500 -0.722176 -0.688004 0.782779 0.684932
  33 -20.121729 -2.744231 -0.697600 -0.700476 -0.400467 -0.590728 0.829746 0.686888
male.bmp
  33 -19.698777 -2.895755 -0.847442 -0.071500 -0.722176 -0.688004 0.782779 0.684932
  33 -19.985425 -2.775984 -0.701195 -0.199759 -0.943001 0.266169 0.782779 0.681018
  33 -20.121729 -2.744231 -0.697600 -0.700476 -0.400467 -0.590728 0.829746 0.686888
male.bmp
  33 -20.121729 -2.744231 -0.697600 -0.700476 -0.400467 -0.590728 0.829746 0.686888
  33 -19.985425 -2.775984 -0.701195 -0.199759 -0.943001 0.266169 0.782779 0.681018
  33 -20.105280 -2.775042 -0.580639 -0.542682 -0.820651 -0.178966 0.829746 0.681018
male.bmp
  33 -19.000580 -2.130637 -0.604718 0.731981 -0.506447 -0.455757 0.604697 0.892368
  33 -19.004212 -2.116083 -0.481531 0.816988 -0.576260 -0.021337 0.596869 0.888454
  33 -19.325159 -2.562878 -0.525879 0.825001 -0.487177 -0.286411 0.573386 0.933464
male.bmp
  33 -19.325159 -2.562878 -0.525879 0.825001 -0.487177 -0.286411 0.573386 0.933464
  33 -19.004212 -2.116083 -0.481531 0.816988 -0.576260 -0.021337 0.596869 0.888454
  33 -19.303291 -2.609693 -0.451514 0.873495 -0.439202 -0.210020 0.567515 0.933464
male.bmp
  33 -19.004212 -2.116083 -0.481531 0.816988 -0.576260 -0.021337 0.596869 0.888454
  33 -19.007049 -2.138199 -0.393766 0.823439 -0.565378 0.047912 0.590998 0.886497
  33 -19.303291 -2.609693 -0.451514 0.873495 -0.439202 -0.210020 0.567515 0.933464
male.bmp
  33 -19.303291 -2.609693 -0.451514 0.873495 -0.439202 -0.210020 0.567515 0.933464
  33 -19.007049 -2.138199 -0.393766 0.823439 -0.565378 0.047912 0.590998 0.886497
  33 -19.280544 -2.569368 -0.334653 0.832027 -0.485843 0.267745 0.559687 0.933464
male.bmp
  33 -19.007049 -2.138199 -0.393766 0.823439 -0.565378 0.047912 0.590998 0.886497
  33 -19.011352 -2.084203 -0.254964 0.743169 -0.600616 0.294891 0.583170 0.882583
  33 -19.280544 -2.569368 -0.334653 0.832027 -0.485843 0.267745 0.559687 0.933464
male.bmp
  33 -19.280544 -2.569368 -0.334653 0.832027 -0.485843 0.267745 0.559687 0.933464
  33 -19.011352 -2.084203 -0.254964 0.743169 -0.600616 0.294891 0.583170 0.882583
  33 -19.188701 -2.090509 0.086368 0.479613 -0.525260 0.702903 0.553816 0.882583
male.bmp
  19 -17.280534 -1.229419 0.322985 -0.024743 -0.921965 0.386482 0.344423 0.941292
  19 -17.650534 -1.069507 0.282635 0.529935 -0.743577 0.407752 0.336595 0.892368
  19 -17.270533 -1.279944 0.083095 -0.008470 -0.999784 -0.018977 0.328767 0.943249
male.bmp
  19 -17.270533 -1.279944 0.083095 -0.008470 -0.999784 -0.018977 0.328767 0.943249
  19 -17.650534 -1.069507 0.282635 0.529935 -0.743577 0.407752 0.336595 0.892368
  19 -17.630533 -1.129944 0.082766 0.556381 -0.827843 0.071532 0.322896 0.892368
male.bmp
  19 -17.650534 -1.069507 0.282635 0.529935 -0.743577 0.407752 0.336595 0.892368
  19 -17.660534 -1.139529 0.272788 0.584637 -0.716673 0.380235 0.340509 0.884540
  19 -17.630533 -1.129944 0.082766 0.556381 -0.827843 0.071532 0.322896 0.892368
male.bmp
  19 -17.630533 -1.129944 0.082766 0.556381 -0.827843 0.071532 0.322896 0.892368
  19 -17.660534 -1.139529 0.272788 0.584637 -0.716673 0.380235 0.340509 0.884540
  19 -17.640533 -1.189988 0.062898 0.621188 -0.782790 0.036954 0.326810 0.886497
male.bmp
  19 -17.660534 -1.139529 0.272788 0.584637 -0.716673 0.380235 0.340509 0.884540
  19 -18.010534 -1.139660 0.212787 -0.690439 -0.669900 0.272998 0.340509 0.839530
  19 -17.640533 -1.189988 0.062898 0.621188 -0.782790 0.036954 0.326810 0.886497
male.bmp
  19 -17.640533 -1.189988 0.062898 0.621188 -0.782790 0.036954 0.326810 0.886497
  19 -18.010534 -1.139660 0.212787 -0.690439 -0.669900 0.272998 0.340509 0.839530
  19 -18.000533 -1.200119 0.002919 -0.611390 -0.790367 -0.039010 0.326810 0.839530
male.bmp
  32 -18.370100 -1.156569 0.155344 0.406452 -0.732196 0.546521 0.953033 0.074364
  19 -18.030535 -0.738721 0.641912 -0.787156 -0.323515 0.525093 0.976517 0.115460
  19 -18.562597 -0.666814 0.655924 0.083649 -0.325815 0.941726 0.927593 0.119374
male.bmp
  19 -18.562597 -0.666814 0.655924 0.083649 -0.325815 0.941726 0.927593 0.119374
  19 -18.030535 -0.738721 0.641912 -0.787156 -0.323515 0.525093 0.976517 0.115460
  19 -18.467345 0.044522 0.730278 -0.011732 0.065657 0.997773 0.931507 0.183953
male.bmp
  19 -18.030535 -0.738721 0.641912 -0.787156 -0.323515 0.525093 0.976517 0.115460
  19 -18.040535 -0.038461 0.760381 -0.815517 -0.019303 0.578411 0.970646 0.178082
  19 -18.467345 0.044522 0.730278 -0.011732 0.065657 0.997773 0.931507 0.183953
male.bmp
  19 -18.467345 0.044522 0.730278 -0.011732 0.065657 0.997773 0.931507 0.183953
  19 -18.040535 -0.038461 0.760381 -0.815517 -0.019303 0.578411 0.970646 0.178082
  19 -18.403916 0.636325 0.578140 0.116790 0.463951 0.878129 0.935421 0.236791
male.bmp
  19 -18.040535 -0.038461 0.760381 -0.815517 -0.019303 0.578411 0.970646 0.178082
  19 -18.060536 0.551210 0.609091 -0.682428 0.343455 0.645237 0.966732 0.228963
  19 -18.403916 0.636325 0.578140 0.116790 0.463951 0.878129 0.935421 0.236791
male.bmp
  19 -18.403916 0.636325 0.578140 0.116790 0.463951 0.878129 0.935421 0.236791
  19 -18.060536 0.551210 0.609091 -0.682428 0.343455 0.645237 0.966732 0.228963
  19 -18.020535 1.000313 0.198108 -0.706108 0.588703 0.393497 0.964775 0.264188
male.bmp
  19 -17.620533 -1.060557 -0.197386 0.560213 -0.744897 -0.362340 0.299413 0.892368
  19 -17.630533 -1.110622 -0.227277 0.659088 -0.676608 -0.328336 0.303327 0.886497
  19 -17.620533 -0.900973 -0.387735 0.520975 -0.614996 -0.591917 0.279843 0.892368
male.bmp
  19 -17.620533 -1.060557 -0.197386 0.560213 -0.744897 -0.362340 0.299413 0.892368
  19 -17.640533 -1.189988 0.062898 0.621188 -0.782790 0.036954 0.326810 0.886497
  19 -17.630533 -1.110622 -0.227277 0.659088 -0.676608 -0.328336 0.303327 0.886497
male.bmp
  19 -17.620533 -1.060557 -0.197386 0.560213 -0.744897 -0.362340 0.299413 0.892368
  19 -17.630533 -1.129944 0.082766 0.556381 -0.827843 0.071532 0.322896 0.892368
  19 -17.640533 -1.189988 0.062898 0.621188 -0.782790 0.036954 0.326810 0.886497
male.bmp
  19 -17.620533 -1.060557 -0.197386 0.560213 -0.744897 -0.362340 0.299413 0.892368
  19 -17.270533 -1.279944 0.083095 -0.008470 -0.999784 -0.018977 0.328767 0.943249
  19 -17.630533 -1.129944 0.082766 0.556381 -0.827843 0.071532 0.322896 0.892368
male.bmp
  19 -17.620533 -1.060557 -0.197386 0.560213 -0.744897 -0.362340 0.299413 0.892368
  19 -17.290533 -1.190666 -0.247101 -0.007637 -0.899138 -0.437599 0.303327 0.943249
  19 -17.270533 -1.279944 0.083095 -0.008470 -0.999784 -0.018977 0.328767 0.943249
male.bmp
  19 -17.620533 -1.060557 -0.197386 0.560213 -0.744897 -0.362340 0.299413 0.892368
  19 -17.620533 -0.900973 -0.387735 0.520975 -0.614996 -0.591917 0.279843 0.892368
  19 -17.290533 -1.190666 -0.247101 -0.007637 -0.899138 -0.437599 0.303327 0.943249
male.bmp
  19 -17.210532 -0.112177 -0.939461 0.764792 -0.541721 -0.348757 0.727984 0.718200
  19 -17.240533 0.557734 -0.980926 0.063128 0.051855 -0.996657 0.724070 0.772994
  19 -17.190533 0.557756 -0.970926 0.852499 -0.022400 -0.522249 0.720157 0.769080
male.bmp
  19 -17.190533 0.557756 -0.970926 0.852499 -0.022400 -0.522249 0.720157 0.769080
  19 -17.240533 0.557734 -0.980926 0.063128 0.051855 -0.996657 0.724070 0.772994
  19 -17.170533 0.807865 -0.921472 0.843052 0.120009 -0.524271 0.710372 0.786693
male.bmp
  19 -17.240533 0.557734 -0.980926 0.063128 0.051855 -0.996657 0.724070 0.772994
  19 -17.220533 0.817821 -0.941494 0.094591 0.340487 -0.935479 0.714286 0.792564
  19 -17.170533 0.807865 -0.921472 0.843052 0.120009 -0.524271 0.710372 0.786693
male.bmp
  19 -17.170533 0.807865 -0.921472 0.843052 0.120009 -0.524271 0.710372 0.786693
  19 -17.220533 0.817821 -0.941494 0.094591 0.340487 -0.935479 0.714286 0.792564
  19 -17.150533 1.038148 -0.791975 0.857477 0.303491 -0.415484 0.702544 0.806262
male.bmp
  19 -17.220533 0.817821 -0.941494 0.094591 0.340487 -0.935479 0.714286 0.792564
  19 -17.200533 1.048127 -0.801997 0.118316 0.644654 -0.755264 0.706458 0.812133
  19 -17.150533 1.038148 -0.791975 0.857477 0.303491 -0.415484 0.702544 0.806262
male.bmp
  19 -17.150533 1.038148 -0.791975 0.857477 0.303491 -0.415484 0.702544 0.806262
  19 -17.200533 1.048127 -0.801997 0.118316 0.644654 -0.755264 0.706458 0.812133
  19 -17.200534 1.198520 -0.622326 0.150479 0.875467 -0.459254 0.690802 0.821918
male.bmp
  14 23.316875 2.427677 -0.619714 0.666418 0.132136 -0.733776 0.925636 0.385519
  14 23.331169 2.298042 -0.569811 0.700408 -0.572921 -0.425664 0.904110 0.393346
  14 23.141088 2.307497 -0.673155 0.180022 -0.288628 -0.940365 0.923679 0.414873
male.bmp
  14 23.141088 2.307497 -0.673155 0.180022 -0.288628 -0.940365 0.923679 0.414873
  14 23.331169 2.298042 -0.569811 0.700408 -0.572921 -0.425664 0.904110 0.393346
  14 22.874433 2.078607 -0.576179 0.383578 -0.726904 -0.569631 0.908023 0.518591
male.bmp
  14 23.331169 2.298042 -0.569811 0.700408 -0.572921 -0.425664 0.904110 0.393346
  13 22.810565 2.021891 -0.337205 0.459034 -0.830192 0.316337 0.884540 0.530333
  14 22.874433 2.078607 -0.576179 0.383578 -0.726904 -0.569631 0.908023 0.518591
male.bmp
  14 22.874433 2.078607 -0.576179 0.383578 -0.726904 -0.569631 0.908023 0.518591
  13 22.810565 2.021891 -0.337205 0.459034 -0.830192 0.316337 0.884540 0.530333
  13 22.778026 2.013359 -0.585133 0.448391 -0.677768 -0.582732 0.904110 0.542074
male.bmp
  13 22.810565 2.021891 -0.337205 0.459034 -0.830192 0.316337 0.884540 0.530333
  13 22.144686 1.625039 -0.333362 0.519002 -0.796948 0.309049 0.888454 0.628180
  13 22.778026 2.013359 -0.585133 0.448391 -0.677768 -0.582732 0.904110 0.542074
male.bmp
  8 25.002197 -0.247686 0.289247 0.800481 -0.557829 0.219220 0.904110 0.373777
  8 24.962665 -0.165322 -0.036718 0.783357 -0.183975 -0.593722 0.925636 0.385519
  8 25.055468 -0.075989 0.238431 0.988877 0.000521 0.148738 0.925636 0.365949
male.bmp
  8 25.055468 -0.075989 0.238431 0.988877 0.000521 0.148738 0.925636 0.365949
  8 24.962665 -0.165322 -0.036718 0.783357 -0.183975 -0.593722 0.925636 0.385519
  8 25.018212 0.072700 0.174374 0.849116 0.510093 -0.137138 0.949119 0.369863
male.bmp
  8 24.962665 -0.165322 -0.036718 0.783357 -0.183975 -0.593722 0.925636 0.385519
  8 24.875145 -0.032007 -0.085373 0.447382 0.413902 -0.792801 0.941292 0.395303
  8 25.018212 0.072700 0.174374 0.849116 0.510093 -0.137138 0.949119 0.369863
male.bmp
  8 25.018212 0.072700 0.174374 0.849116 0.510093 -0.137138 0.949119 0.369863
  8 24.875145 -0.032007 -0.085373 0.447382 0.413902 -0.792801 0.941292 0.395303
  8 24.879608 0.149452 0.142778 0.282699 0.930498 -0.232924 0.962818 0.391389
male.bmp
  8 24.875145 -0.032007 -0.085373 0.447382 0.413902 -0.792801 0.941292 0.395303
  7 24.167040 0.194503 0.051682 0.036531 0.960465 -0.275993 0.970646 0.524462
  8 24.879608 0.149452 0.142778 0.282699 0.930498 -0.232924 0.962818 0.391389
male.bmp
  8 24.850679 -0.316304 0.258686 0.158823 -0.943181 0.291864 0.968689 0.706458
  7 24.162210 -0.222177 0.372079 0.024290 -0.509619 0.860057 0.949119 0.818004
  7 24.167754 -0.351326 0.180795 0.037288 -0.971534 0.233948 0.972603 0.829746
male.bmp
  7 24.167754 -0.351326 0.180795 0.037288 -0.971534 0.233948 0.972603 0.829746
  7 24.162210 -0.222177 0.372079 0.024290 -0.509619 0.860057 0.949119 0.818004
  7 23.006116 -0.409463 0.191608 0.059417 -0.955240 0.289805 0.978474 0.974560
male.bmp
  7 24.162210 -0.222177 0.372079 0.024290 -0.509619 0.860057 0.949119 0.818004
  7 23.021890 -0.191321 0.367862 0.000683 -0.347411 0.937713 0.951076 0.964775
  7 23.006116 -0.409463 0.191608 0.059417 -0.955240 0.289805 0.978474 0.974560
male.bmp
  7 23.006116 -0.409463 0.191608 0.059417 -0.955240 0.289805 0.978474 0.974560
  7 23.021890 -0.191321 0.367862 0.000683 -0.347411 0.937713 0.951076 0.964775
  6 22.926274 -0.197021 0.376916 0.064418 -0.353148 0.933347 0.951076 0.982387
male.bmp
  7 23.021890 -0.191321 0.367862 0.000683 -0.347411 0.937713 0.951076 0.964775
  6 22.939177 -0.000794 0.371600 -0.103217 0.323686 0.940518 0.919765 0.982387
  6 22.926274 -0.197021 0.376916 0.064418 -0.353148 0.933347 0.951076 0.982387
male.bmp
  9 22.609585 -0.770953 0.116391 0.345223 0.864425 -0.365500 0.974560 0.639922
  10 22.684916 -0.791573 0.130612 0.271227 0.934288 -0.231389 0.972603 0.628180
  10 22.563762 -1.016497 -0.132696 0.029989 0.252405 -0.967157 0.943249 0.634051
male.bmp
  10 22.563762 -1.016497 -0.132696 0.029989 0.252405 -0.967157 0.943249 0.634051
  10 22.684916 -0.791573 0.130612 0.271227 0.934288 -0.231389 0.972603 0.628180
  10 23.447178 -1.189921 -0.131639 0.119964 0.245802 -0.961868 0.943249 0.534247
male.bmp
  10 22.684916 -0.791573 0.130612 0.271227 0.934288 -0.231389 0.972603 0.628180
  10 23.640640 -1.007637 0.157230 0.271227 0.934288 -0.231389 0.970646 0.524462
  10 23.447178 -1.189921 -0.131639 0.119964 0.245802 -0.961868 0.943249 0.534247
male.bmp
  10 23.447178 -1.189921 -0.131639 0.119964 0.245802 -0.961868 0.943249 0.534247
  10 23.640640 -1.007637 0.157230 0.271227 0.934288 -0.231389 0.970646 0.524462
  11 23.634523 -1.211723 -0.097006 0.131469 0.343535 -0.929892 0.941292 0.510763
male.bmp
  10 23.640640 -1.007637 0.157230 0.271227 0.934288 -0.231389 0.970646 0.524462
  11 24.186638 -1.352385 -0.057217 0.493962 0.364230 -0.789518 0.941292 0.395303
  11 23.634523 -1.211723 -0.097006 0.131469 0.343535 -0.929892 0.941292 0.510763
male.bmp
  3 22.446162 1.203678 -0.038750 -0.178612 0.916761 -0.357278 0.974560 0.639922
  4 22.520250 1.218569 -0.056779 -0.191469 0.905536 -0.378608 0.972603 0.628180
  4 22.532082 1.008317 -0.265953 -0.137279 0.210316 -0.967947 0.943249 0.634051
male.bmp
  4 22.532082 1.008317 -0.265953 -0.137279 0.210316 -0.967947 0.943249 0.634051
  4 22.520250 1.218569 -0.056779 -0.191469 0.905536 -0.378608 0.972603 0.628180
  4 23.567013 1.242442 -0.280205 -0.023050 0.225122 -0.974058 0.943249 0.534247
male.bmp
  4 22.520250 1.218569 -0.056779 -0.191469 0.905536 -0.378608 0.972603 0.628180
  4 23.555181 1.452694 -0.071030 -0.186584 0.923463 -0.335265 0.970646 0.524462
  4 23.567013 1.242442 -0.280205 -0.023050 0.225122 -0.974058 0.943249 0.534247
male.bmp
  4 23.567013 1.242442 -0.280205 -0.023050 0.225122 -0.974058 0.943249 0.534247
  4 23.555181 1.452694 -0.071030 -0.186584 0.923463 -0.335265 0.970646 0.524462
  5 23.707461 1.286302 -0.265658 -0.039122 0.301629 -0.952622 0.941292 0.510763
male.bmp
  4 23.555181 1.452694 -0.071030 -0.186584 0.923463 -0.335265 0.970646 0.524462
  5 24.344951 1.427558 -0.228877 0.345989 0.507897 -0.788880 0.941292 0.395303
  5 23.707461 1.286302 -0.265658 -0.039122 0.301629 -0.952622 0.941292 0.510763
male.bmp
  17 20.617390 -3.094500 -0.715835 0.592114 0.206813 -0.778864 0.637965 0.972603
  17 20.454743 -3.530666 -0.845083 -0.099553 -0.028879 -0.994613 0.665362 0.917808
  16 20.319780 -3.026415 -0.782495 -0.266801 0.046036 -0.962652 0.661448 0.990215
male.bmp
  17 20.617390 -3.094500 -0.715835 0.592114 0.206813 -0.778864 0.637965 0.972603
  17 20.695959 -3.636426 -0.753815 0.700547 -0.082067 -0.708872 0.653620 0.900196
  17 20.454743 -3.530666 -0.845083 -0.099553 -0.028879 -0.994613 0.665362 0.917808
male.bmp
  17 20.617390 -3.094500 -0.715835 0.592114 0.206813 -0.778864 0.637965 0.972603
  17 20.754537 -3.112911 -0.509070 0.984740 0.094241 -0.146309 0.606654 0.962818
  17 20.695959 -3.636426 -0.753815 0.700547 -0.082067 -0.708872 0.653620 0.900196
male.bmp
  17 20.617390 -3.094500 -0.715835 0.592114 0.206813 -0.778864 0.637965 0.972603
  16 20.575268 -2.945492 -0.704536 0.538936 0.161064 -0.826805 0.616438 0.990215
  17 20.754537 -3.112911 -0.509070 0.984740 0.094241 -0.146309 0.606654 0.962818
male.bmp
  17 20.617390 -3.094500 -0.715835 0.592114 0.206813 -0.778864 0.637965 0.972603
  16 20.319780 -3.026415 -0.782495 0.237727 0.172226 -0.955941 0.661448 0.990215
  16 20.575268 -2.945492 -0.704536 0.538936 0.161064 -0.826805 0.616438 0.990215
male.bmp
  10 23.594511 -1.192765 0.483573 0.153365 0.274057 0.949406 0.921722 0.814090
  11 24.014109 -1.149588 0.279097 0.298056 0.836429 0.459945 0.896282 0.747554
  10 23.626709 -1.052664 0.344522 0.237081 0.827881 0.508336 0.894325 0.814090
male.bmp
  10 23.594511 -1.192765 0.483573 0.153365 0.274057 0.949406 0.921722 0.814090
  11 23.928423 -1.297732 0.429135 0.163897 0.189576 0.968090 0.921722 0.751468
  11 24.014109 -1.149588 0.279097 0.298056 0.836429 0.459945 0.896282 0.747554
male.bmp
  10 23.594511 -1.192765 0.483573 0.153365 0.274057 0.949406 0.921722 0.814090
  11 23.935432 -1.470134 0.380882 -0.004192 -0.411389 0.911450 0.949119 0.747554
  11 23.928423 -1.297732 0.429135 0.163897 0.189576 0.968090 0.921722 0.751468
male.bmp
  10 23.594511 -1.192765 0.483573 0.153365 0.274057 0.949406 0.921722 0.814090
  10 23.563801 -1.396691 0.449348 -0.022847 -0.486904 0.873157 0.949119 0.818004
  11 23.935432 -1.470134 0.380882 -0.004192 -0.411389 0.911450 0.949119 0.747554
male.bmp
  10 23.594511 -1.192765 0.483573 0.153365 0.274057 0.949406 0.921722 0.814090
  10 22.594302 -1.191667 0.474579 -0.022847 -0.486904 0.873157 0.951076 0.964775
  10 23.563801 -1.396691 0.449348 -0.022847 -0.486904 0.873157 0.949119 0.818004
male.bmp
  2 20.172670 -0.043122 -0.518397 0.326088 -0.225017 -0.918169 0.710372 0.528376
  2 19.462779 -0.081793 -0.849393 0.223223 -0.165956 -0.960536 0.771037 0.506849
  2 19.980514 0.287125 -0.818585 0.280188 -0.366920 -0.887054 0.714286 0.495108
male.bmp
  2 19.980514 0.287125 -0.818585 0.280188 -0.366920 -0.887054 0.714286 0.495108
  2 19.462779 -0.081793 -0.849393 0.223223 -0.165956 -0.960536 0.771037 0.506849
  2 19.432518 0.686641 -1.002671 -0.056694 0.165891 -0.984513 0.747554 0.444227
male.bmp
  2 19.462779 -0.081793 -0.849393 0.223223 -0.165956 -0.960536 0.771037 0.506849
  2 18.929208 -0.177299 -0.908395 -0.013108 -0.157514 -0.987430 0.818004 0.499022
  2 19.432518 0.686641 -1.002671 -0.056694 0.165891 -0.984513 0.747554 0.444227
male.bmp
  2 19.432518 0.686641 -1.002671 -0.056694 0.165891 -0.984513 0.747554 0.444227
  2 18.929208 -0.177299 -0.908395 -0.013108 -0.157514 -0.987430 0.818004 0.499022
  2 18.902952 0.602059 -0.918968 -0.177221 0.252069 -0.951343 0.794521 0.432485
male.bmp
  2 18.929208 -0.177299 -0.908395 -0.013108 -0.157514 -0.987430 0.818004 0.499022
  2 18.607224 0.417346 -0.883368 0.672072 0.054235 -0.738497 0.821918 0.438356
  2 18.902952 0.602059 -0.918968 -0.177221 0.252069 -0.951343 0.794521 0.432485
male.bmp
  16 19.923140 -2.729863 -0.524166 -0.824997 -0.487176 -0.286427 0.573386 0.933464
  16 19.902472 -2.770307 -0.449085 -0.873492 -0.439200 -0.210036 0.567515 0.933464
  16 19.598366 -2.277695 -0.485879 -0.816988 -0.576260 -0.021358 0.596869 0.888454
male.bmp
  16 19.598366 -2.277695 -0.485879 -0.816988 -0.576260 -0.021358 0.596869 0.888454
  16 19.902472 -2.770307 -0.449085 -0.873492 -0.439200 -0.210036 0.567515 0.933464
  16 19.603638 -2.302706 -0.388685 -0.823440 -0.565379 0.047891 0.590998 0.886497
male.bmp
  16 19.902472 -2.770307 -0.449085 -0.873492 -0.439200 -0.210036 0.567515 0.933464
  16 19.877040 -2.734181 -0.331407 -0.832034 -0.485841 0.267727 0.559687 0.933464
  16 19.603638 -2.302706 -0.388685 -0.823440 -0.565379 0.047891 0.590998 0.886497
male.bmp
  16 19.603638 -2.302706 -0.388685 -0.823440 -0.565379 0.047891 0.590998 0.886497
  16 19.877040 -2.734181 -0.331407 -0.832034 -0.485841 0.267727 0.559687 0.933464
  16 19.603925 -2.249586 -0.258769 -0.743175 -0.600616 0.294876 0.583170 0.882583
male.bmp
  16 19.877040 -2.734181 -0.331407 -0.832034 -0.485841 0.267727 0.559687 0.933464
  16 19.786061 -2.258667 0.090149 -0.479629 -0.525259 0.702893 0.553816 0.882583
  16 19.603925 -2.249586 -0.258769 -0.743175 -0.600616 0.294876 0.583170 0.882583
male.bmp
  16 20.620720 -2.550595 -0.106380 0.768831 -0.083077 0.634033 0.471624 0.921722
  16 20.684953 -1.918568 -0.261030 0.990895 0.006039 -0.134501 0.430528 0.874755
  16 20.649897 -1.997917 0.020883 0.828056 -0.176444 0.532156 0.461840 0.866928
male.bmp
  16 20.620720 -2.550595 -0.106380 0.768831 -0.083077 0.634033 0.471624 0.921722
  16 20.745139 -2.524991 -0.338035 0.987279 0.069045 0.143222 0.444227 0.921722
  16 20.684953 -1.918568 -0.261030 0.990895 0.006039 -0.134501 0.430528 0.874755
male.bmp
  16 20.620720 -2.550595 -0.106380 0.768831 -0.083077 0.634033 0.471624 0.921722
  16 20.775777 -2.943779 -0.384703 0.885772 -0.453443 0.098986 0.452055 0.962818
  16 20.745139 -2.524991 -0.338035 0.987279 0.069045 0.143222 0.444227 0.921722
male.bmp
  16 20.620720 -2.550595 -0.106380 0.768831 -0.083077 0.634033 0.471624 0.921722
  16 20.644012 -2.975583 -0.194371 0.711080 -0.183304 0.678797 0.473581 0.964775
  16 20.775777 -2.943779 -0.384703 0.885772 -0.453443 0.098986 0.452055 0.962818
male.bmp
  16 20.620720 -2.550595 -0.106380 0.768831 -0.083077 0.634033 0.471624 0.921722
  16 20.415489 -3.094150 -0.056098 0.224862 -0.805700 0.547982 0.499022 0.974560
  16 20.644012 -2.975583 -0.194371 0.711080 -0.183304 0.678797 0.473581 0.964775
male.bmp
  9 22.349952 -1.343144 -0.029511 0.179684 -0.774207 -0.606891 0.643836 0.029354
  9 21.438579 -1.289915 0.269765 0.067397 -0.967324 0.244423 0.722114 0.064579
  9 21.477054 -1.270419 -0.075980 0.034823 -0.724326 -0.688578 0.710372 0.039139
male.bmp
  9 21.477054 -1.270419 -0.075980 0.034823 -0.724326 -0.688578 0.710372 0.039139
  9 21.438579 -1.289915 0.269765 0.067397 -0.967324 0.244423 0.722114 0.064579
  2 21.122154 -1.352384 -0.046790 0.378032 -0.756567 -0.533571 0.741683 0.039139
male.bmp
  9 21.438579 -1.289915 0.269765 0.067397 -0.967324 0.244423 0.722114 0.064579
  9 21.085553 -1.365075 0.314746 0.298969 -0.864863 0.403274 0.763209 0.060665
  2 21.122154 -1.352384 -0.046790 0.378032 -0.756567 -0.533571 0.741683 0.039139
male.bmp
  2 21.122154 -1.352384 -0.046790 0.378032 -0.756567 -0.533571 0.741683 0.039139
  9 21.085553 -1.365075 0.314746 0.298969 -0.864863 0.403274 0.763209 0.060665
  15 20.688470 -1.569274 -0.261949 0.872663 -0.175069 -0.455863 0.763209 0.021526
male.bmp
  9 21.085553 -1.365075 0.314746 0.298969 -0.864863 0.403274 0.763209 0.060665
  15 20.715791 -1.587641 0.058389 0.729680 -0.654529 0.197885 0.784736 0.033268
  15 20.688470 -1.569274 -0.261949 0.872663 -0.175069 -0.455863 0.763209 0.021526
male.bmp
  12 21.887177 1.803446 -0.674300 0.800498 0.427544 -0.420011 0.504892 0.430528
  12 21.849373 1.802749 -0.727876 0.331400 0.402828 -0.853172 0.510763 0.432485
  12 21.870716 1.979472 -0.483923 0.708702 0.597251 -0.375544 0.504892 0.399217
male.bmp
  12 21.870716 1.979472 -0.483923 0.708702 0.597251 -0.375544 0.504892 0.399217
  12 21.849373 1.802749 -0.727876 0.331400 0.402828 -0.853172 0.510763 0.432485
  12 21.803851 2.040470 -0.514062 0.138932 0.882125 -0.450059 0.508806 0.399217
male.bmp
  12 21.849373 1.802749 -0.727876 0.331400 0.402828 -0.853172 0.510763 0.432485
  12 20.961787 1.442067 -0.759502 -0.054893 0.308830 -0.949532 0.594912 0.432485
  12 21.803851 2.040470 -0.514062 0.138932 0.882125 -0.450059 0.508806 0.399217
male.bmp
  12 21.803851 2.040470 -0.514062 0.138932 0.882125 -0.450059 0.508806 0.399217
  12 20.961787 1.442067 -0.759502 -0.054893 0.308830 -0.949532 0.594912 0.432485
  12 20.938672 1.694909 -0.455305 -0.267388 0.914070 -0.304927 0.585127 0.393346
male.bmp
  12 20.961787 1.442067 -0.759502 -0.054893 0.308830 -0.949532 0.594912 0.432485
  2 20.560595 1.600713 -0.589252 -0.171387 0.841186 -0.512868 0.622309 0.401174
  12 20.938672 1.694909 -0.455305 -0.267388 0.914070 -0.304927 0.585127 0.393346
male.bmp
  9 22.513581 -1.166094 0.490084 0.862596 -0.435564 0.257318 0.620352 0.066536
  9 22.572169 -0.980601 0.506196 0.966593 -0.192848 0.168840 0.610568 0.086106
  9 22.565289 -0.961377 0.564361 0.656307 0.104725 0.747190 0.618395 0.090020
male.bmp
  9 22.565289 -0.961377 0.564361 0.656307 0.104725 0.747190 0.618395 0.090020
  9 22.572169 -0.980601 0.506196 0.966593 -0.192848 0.168840 0.610568 0.086106
  9 22.601617 -0.794295 0.401683 0.747075 0.525101 0.407613 0.614481 0.103718
male.bmp
  9 22.572169 -0.980601 0.506196 0.966593 -0.192848 0.168840 0.610568 0.086106
  9 22.604751 -0.830449 0.365864 0.996816 0.034102 0.072070 0.606654 0.101761
  9 22.601617 -0.794295 0.401683 0.747075 0.525101 0.407613 0.614481 0.103718
male.bmp
  9 22.601617 -0.794295 0.401683 0.747075 0.525101 0.407613 0.614481 0.103718
  9 22.604751 -0.830449 0.365864 0.996816 0.034102 0.072070 0.606654 0.101761
  9 22.600405 -0.715843 0.129757 0.639232 0.718682 -0.273638 0.614481 0.111546
male.bmp
  9 22.604751 -0.830449 0.365864 0.996816 0.034102 0.072070 0.606654 0.101761
  9 22.609585 -0.770953 0.116391 0.888162 0.252575 -0.383893 0.604697 0.107632
  9 22.600405 -0.715843 0.129757 0.639232 0.718682 -0.273638 0.614481 0.111546
male.bmp
  16 20.148368 -3.126656 -0.642605 -0.731971 -0.506447 -0.455774 0.767123 0.682975
  16 20.292611 -3.066834 -0.849039 0.071514 -0.722174 -0.688005 0.782779 0.684932
  16 20.319780 -3.026415 -0.782495 0.350871 -0.848239 0.396712 0.767123 0.681018
male.bmp
  16 20.319780 -3.026415 -0.782495 0.350871 -0.848239 0.396712 0.767123 0.681018
  16 20.292611 -3.066834 -0.849039 0.071514 -0.722174 -0.688005 0.782779 0.684932
  16 20.575268 -2.945492 -0.704536 0.199756 -0.943002 0.266165 0.782779 0.681018
male.bmp
  16 20.292611 -3.066834 -0.849039 0.071514 -0.722174 -0.688005 0.782779 0.684932
  16 20.721323 -2.910634 -0.692170 0.700490 -0.400465 -0.590712 0.829746 0.686888
  16 20.575268 -2.945492 -0.704536 0.199756 -0.943002 0.266165 0.782779 0.681018
male.bmp
  16 20.575268 -2.945492 -0.704536 0.199756 -0.943002 0.266165 0.782779 0.681018
  16 20.721323 -2.910634 -0.692170 0.700490 -0.400465 -0.590712 0.829746 0.686888
  16 20.707779 -2.943315 -0.585641 0.542712 -0.820634 -0.178953 0.829746 0.681018
male.bmp
  16 20.721323 -2.910634 -0.692170 0.700490 -0.400465 -0.590712 0.829746 0.686888
  16 20.737925 -2.957557 -0.375907 0.459716 -0.887904 0.016956 0.849315 0.681018
  16 20.707779 -2.943315 -0.585641 0.542712 -0.820634 -0.178953 0.829746 0.681018
male.bmp
  6 22.923723 0.168859 0.238262 0.941185 0.331333 0.066257 0.569472 0.191781
  6 22.928732 0.010611 0.409821 0.617358 0.262059 0.741751 0.581213 0.176125
  6 22.939177 -0.000794 0.371600 0.968180 0.096388 0.230947 0.571429 0.176125
male.bmp
  6 22.939177 -0.000794 0.371600 0.968180 0.096388 0.230947 0.571429 0.176125
  6 22.928732 0.010611 0.409821 0.617358 0.262059 0.741751 0.581213 0.176125
  6 22.926274 -0.197021 0.376916 0.971880 -0.148165 0.183021 0.573386 0.154599
male.bmp
  6 22.928732 0.010611 0.409821 0.617358 0.262059 0.741751 0.581213 0.176125
  6 22.915465 -0.204805 0.420763 0.624536 -0.253504 0.738709 0.583170 0.154599
  6 22.926274 -0.197021 0.376916 0.971880 -0.148165 0.183021 0.573386 0.154599
male.bmp
  6 22.926274 -0.197021 0.376916 0.971880 -0.148165 0.183021 0.573386 0.154599
  6 22.915465 -0.204805 0.420763 0.624536 -0.253504 0.738709 0.583170 0.154599
  6 22.895418 -0.416003 0.232366 0.917325 -0.388295 -0.087986 0.581213 0.131115
male.bmp
  6 22.915465 -0.204805 0.420763 0.624536 -0.253504 0.738709 0.583170 0.154599
  6 22.874105 -0.467652 0.268117 0.514873 -0.809435 0.282347 0.587084 0.131115
  6 22.895418 -0.416003 0.232366 0.917325 -0.388295 -0.087986 0.581213 0.131115
male.bmp
  2 17.817225 -1.422651 0.086638 -0.833621 -0.551670 -0.027143 0.651663 0.782779
  2 17.847225 -1.272652 -0.223362 -0.898073 0.408487 0.163107 0.632094 0.774951
  2 17.837225 -1.332652 -0.243362 -0.834077 -0.473231 -0.283494 0.632094 0.778865
male.bmp
  2 17.837225 -1.332652 -0.243362 -0.834077 -0.473231 -0.283494 0.632094 0.778865
  2 17.847225 -1.272652 -0.223362 -0.898073 0.408487 0.163107 0.632094 0.774951
  2 17.847224 -1.152653 -0.473363 -0.843557 -0.379138 -0.380350 0.616438 0.771037
male.bmp
  2 17.847225 -1.272652 -0.223362 -0.898073 0.408487 0.163107 0.632094 0.774951
  2 17.857225 -1.102653 -0.443363 -0.894642 0.319310 0.312500 0.618395 0.767123
  2 17.847224 -1.152653 -0.473363 -0.843557 -0.379138 -0.380350 0.616438 0.771037
male.bmp
  2 17.847224 -1.152653 -0.473363 -0.843557 -0.379138 -0.380350 0.616438 0.771037
  2 17.857225 -1.102653 -0.443363 -0.894642 0.319310 0.312500 0.618395 0.767123
  2 17.837224 -0.862653 -0.723363 -0.844129 -0.312610 -0.435570 0.600783 0.753425
male.bmp
  2 17.857225 -1.102653 -0.443363 -0.894642 0.319310 0.312500 0.618395 0.767123
  2 17.847224 -0.832653 -0.693363 -0.863048 0.263742 0.430800 0.602740 0.749511
  2 17.837224 -0.862653 -0.723363 -0.844129 -0.312610 -0.435570 0.600783 0.753425
male.bmp
  2 17.747225 1.077348 -0.383368 -0.866653 0.498590 0.017917 0.671233 0.823875
  2 17.777226 0.937349 0.216632 -0.830147 0.470326 0.299415 0.624266 0.814090
  2 17.817226 0.957349 0.216632 -0.085659 0.890640 0.446568 0.622309 0.819961
male.bmp
  2 17.817226 0.957349 0.216632 -0.085659 0.890640 0.446568 0.622309 0.819961
  2 17.777226 0.937349 0.216632 -0.830147 0.470326 0.299415 0.624266 0.814090
  2 17.847227 0.447351 0.796633 0.000698 0.504073 0.863661 0.573386 0.778865
male.bmp
  2 17.777226 0.937349 0.216632 -0.830147 0.470326 0.299415 0.624266 0.814090
  2 17.807227 0.437350 0.786633 -0.819779 0.270387 0.504831 0.579256 0.774951
  2 17.847227 0.447351 0.796633 0.000698 0.504073 0.863661 0.573386 0.778865
male.bmp
  2 17.847227 0.447351 0.796633 0.000698 0.504073 0.863661 0.573386 0.778865
  2 17.807227 0.437350 0.786633 -0.819779 0.270387 0.504831 0.579256 0.774951
  2 17.857227 -0.232649 0.966635 -0.027388 0.023255 0.999354 0.559687 0.722114
male.bmp
  2 17.807227 0.437350 0.786633 -0.819779 0.270387 0.504831 0.579256 0.774951
  2 17.807227 -0.222649 0.946635 -0.847940 0.007538 0.530038 0.565558 0.722114
  2 17.857227 -0.232649 0.966635 -0.027388 0.023255 0.999354 0.559687 0.722114
male.bmp
  2 17.787224 0.387346 -0.963366 -0.852486 -0.022400 -0.522270 0.720157 0.769080
  2 17.767224 0.637346 -0.923367 -0.843040 0.120010 -0.524292 0.710372 0.786693
  2 17.837224 0.397346 -0.983367 -0.063105 0.051854 -0.996659 0.724070 0.772994
male.bmp
  2 17.837224 0.397346 -0.983367 -0.063105 0.051854 -0.996659 0.724070 0.772994
  2 17.767224 0.637346 -0.923367 -0.843040 0.120010 -0.524292 0.710372 0.786693
  2 17.817224 0.647346 -0.933367 -0.094568 0.340485 -0.935482 0.714286 0.792564
male.bmp
  2 17.767224 0.637346 -0.923367 -0.843040 0.120010 -0.524292 0.710372 0.786693
  2 17.747224 0.867347 -0.793368 -0.857467 0.303492 -0.415504 0.702544 0.806262
  2 17.817224 0.647346 -0.933367 -0.094568 0.340485 -0.935482 0.714286 0.792564
male.bmp
  2 17.817224 0.647346 -0.933367 -0.094568 0.340485 -0.935482 0.714286 0.792564
  2 17.747224 0.867347 -0.793368 -0.857467 0.303492 -0.415504 0.702544 0.806262
  2 17.797224 0.887346 -0.803368 -0.118298 0.644652 -0.755267 0.706458 0.812133
male.bmp
  2 17.747224 0.867347 -0.793368 -0.857467 0.303492 -0.415504 0.702544 0.806262
  2 17.797225 1.037347 -0.623368 -0.150463 0.875467 -0.459258 0.690802 0.821918
  2 17.797224 0.887346 -0.803368 -0.118298 0.644652 -0.755267 0.706458 0.812133
male.bmp
  2 18.227225 -1.102653 -0.433363 -0.692614 -0.514655 -0.505386 0.283757 0.888454
  2 18.217224 -0.782653 -0.683364 -0.708024 -0.369125 -0.602037 0.242661 0.888454
  2 18.587224 -1.122653 -0.483364 0.537448 -0.587234 -0.605233 0.287671 0.843444
male.bmp
  2 18.587224 -1.122653 -0.483364 0.537448 -0.587234 -0.605233 0.287671 0.843444
  2 18.217224 -0.782653 -0.683364 -0.708024 -0.369125 -0.602037 0.242661 0.888454
  2 18.587224 -0.792653 -0.733365 0.539125 -0.442472 -0.716633 0.244618 0.843444
male.bmp
  2 18.217224 -0.782653 -0.683364 -0.708024 -0.369125 -0.602037 0.242661 0.888454
  2 18.217224 -0.412654 -0.853365 -0.722171 -0.167925 -0.671021 0.201566 0.890411
  2 18.587224 -0.792653 -0.733365 0.539125 -0.442472 -0.716633 0.244618 0.843444
male.bmp
  2 18.587224 -0.792653 -0.733365 0.539125 -0.442472 -0.716633 0.244618 0.843444
  2 18.217224 -0.412654 -0.853365 -0.722171 -0.167925 -0.671021 0.201566 0.890411
  2 18.587224 -0.392654 -0.893366 0.499933 -0.205488 -0.841334 0.199609 0.841487
male.bmp
  2 18.217224 -0.412654 -0.853365 -0.722171 -0.167925 -0.671021 0.201566 0.890411
  2 18.607224 0.427346 -0.953368 0.672072 0.054235 -0.738497 0.091977 0.839530
  2 18.587224 -0.392654 -0.893366 0.499933 -0.205488 -0.841334 0.199609 0.841487
male.bmp
  1 12.618862 -0.907247 -1.146876 0.049209 -0.526154 -0.848964 0.121331 0.338552
  1 14.486739 -0.379794 -1.161967 0.100544 -0.260198 -0.960306 0.144814 0.228963
  1 14.539358 -0.869532 -0.911991 0.097296 -0.592507 -0.799668 0.119374 0.227006
male.bmp
  1 12.618862 -0.907247 -1.146876 0.049209 -0.526154 -0.848964 0.121331 0.338552
  1 14.463774 0.310102 -1.242069 0.089198 0.224631 -0.970353 0.183953 0.230920
  1 14.486739 -0.379794 -1.161967 0.100544 -0.260198 -0.960306 0.144814 0.228963
male.bmp
  1 12.618862 -0.907247 -1.146876 0.049209 -0.526154 -0.848964 0.121331 0.338552
  1 12.503717 0.222249 -1.386837 0.024461 0.163175 -0.986294 0.170254 0.340509
  1 14.463774 0.310102 -1.242069 0.089198 0.224631 -0.970353 0.183953 0.230920
male.bmp
  1 12.618862 -0.907247 -1.146876 0.049209 -0.526154 -0.848964 0.121331 0.338552
  1 9.914558 0.001918 -1.389901 -0.073687 0.134775 -0.988133 0.170254 0.469667
  1 12.503717 0.222249 -1.386837 0.024461 0.163175 -0.986294 0.170254 0.340509
male.bmp
  1 12.618862 -0.907247 -1.146876 0.049209 -0.526154 -0.848964 0.121331 0.338552
  1 10.019650 -1.067602 -1.079928 0.045846 -0.579424 -0.813736 0.107632 0.471624
  1 9.914558 0.001918 -1.389901 -0.073687 0.134775 -0.988133 0.170254 0.469667
male.bmp
  1 16.563842 -1.291224 0.132730 0.098193 -0.986803 -0.128758 0.072407 0.107632
  2 18.067226 -1.162651 0.286637 0.076134 -0.899614 0.429999 0.056751 0.015656
  1 16.644333 -1.240844 0.392505 0.115231 -0.906292 0.406642 0.060665 0.107632
male.bmp
  1 16.563842 -1.291224 0.132730 0.098193 -0.986803 -0.128758 0.072407 0.107632
  2 18.007226 -1.212651 0.086637 0.054025 -0.998444 -0.013814 0.068493 0.017613
  2 18.067226 -1.162651 0.286637 0.076134 -0.899614 0.429999 0.056751 0.015656
male.bmp
  1 16.563842 -1.291224 0.132730 0.098193 -0.986803 -0.128758 0.072407 0.107632
  2 17.997225 -1.142652 -0.183363 0.034181 -0.885854 -0.462702 0.086106 0.019569
  2 18.007226 -1.212651 0.086637 0.054025 -0.998444 -0.013814 0.068493 0.017613
male.bmp
  1 16.563842 -1.291224 0.132730 0.098193 -0.986803 -0.128758 0.072407 0.107632
  1 16.511901 -1.091526 -0.297181 0.085007 -0.852963 -0.515003 0.099804 0.111546
  2 17.997225 -1.142652 -0.183363 0.034181 -0.885854 -0.462702 0.086106 0.019569
male.bmp
  1 16.563842 -1.291224 0.132730 0.098193 -0.986803 -0.128758 0.072407 0.107632
  1 14.633293 -1.429018 -0.272106 0.080752 -0.913676 -0.398341 0.080235 0.221135
  1 16.511901 -1.091526 -0.297181 0.085007 -0.852963 -0.515003 0.099804 0.111546
male.bmp
  24 -23.577170 0.354637 0.055982 -0.036523 0.960466 -0.275992 0.970646 0.524462
  25 -24.277458 0.131216 -0.086830 -0.447358 0.413909 -0.792812 0.941292 0.395303
  25 -24.281113 0.322265 0.138529 -0.282694 0.930498 -0.232931 0.962818 0.391389
male.bmp
  25 -24.281113 0.322265 0.138529 -0.282694 0.930498 -0.232931 0.962818 0.391389
  25 -24.277458 0.131216 -0.086830 -0.447358 0.413909 -0.792812 0.941292 0.395303
  25 -24.420306 0.237029 0.172589 -0.849114 0.510092 -0.137157 0.949119 0.369863
male.bmp
  25 -24.277458 0.131216 -0.086830 -0.447358 0.413909 -0.792812 0.941292 0.395303
  25 -24.356164 -0.001279 -0.038350 -0.783345 -0.183971 -0.593739 0.925636 0.385519
  25 -24.420306 0.237029 0.172589 -0.849114 0.510092 -0.137157 0.949119 0.369863
male.bmp
  25 -24.420306 0.237029 0.172589 -0.849114 0.510092 -0.137157 0.949119 0.369863
  25 -24.356164 -0.001279 -0.038350 -0.783345 -0.183971 -0.593739 0.925636 0.385519
  25 -24.459002 0.091444 0.246126 -0.988880 0.000521 0.148715 0.925636 0.365949
male.bmp
  25 -24.356164 -0.001279 -0.038350 -0.783345 -0.183971 -0.593739 0.925636 0.385519
  25 -24.397243 -0.073778 0.284693 -0.800488 -0.557826 0.219201 0.904110 0.373777
  25 -24.459002 0.091444 0.246126 -0.988880 0.000521 0.148715 0.925636 0.365949
male.bmp
  27 -22.999197 -1.027791 0.489753 -0.153387 0.274056 0.949403 0.921722 0.814090
  27 -22.968488 -1.231716 0.455528 0.022826 -0.486905 0.873156 0.949119 0.818004
  27 -21.998976 -1.027969 0.470837 0.022826 -0.486905 0.873156 0.951076 0.964775
male.bmp
  27 -22.999197 -1.027791 0.489753 -0.153387 0.274056 0.949403 0.921722 0.814090
  28 -23.340248 -1.307579 0.376060 0.004172 -0.411391 0.911450 0.949119 0.747554
  27 -22.968488 -1.231716 0.455528 0.022826 -0.486905 0.873156 0.949119 0.818004
male.bmp
  27 -22.999197 -1.027791 0.489753 -0.153387 0.274056 0.949403 0.921722 0.814090
  28 -23.333214 -1.133893 0.434230 -0.163920 0.189575 0.968087 0.921722 0.751468
  28 -23.340248 -1.307579 0.376060 0.004172 -0.411391 0.911450 0.949119 0.747554
male.bmp
  27 -22.999197 -1.027791 0.489753 -0.153387 0.274056 0.949403 0.921722 0.814090
  28 -23.409107 -0.983748 0.283908 -0.298065 0.836428 0.459941 0.896282 0.747554
  28 -23.333214 -1.133893 0.434230 -0.163920 0.189575 0.968087 0.921722 0.751468
male.bmp
  27 -22.999197 -1.027791 0.489753 -0.153387 0.274056 0.949403 0.921722 0.814090
  27 -23.021602 -0.885683 0.350456 -0.238914 0.837329 0.491733 0.894325 0.814090
  28 -23.409107 -0.983748 0.283908 -0.298065 0.836428 0.459941 0.896282 0.747554
male.bmp
  22 -23.527575 1.399765 0.182133 -0.152592 -0.202555 0.967309 0.949119 0.747554
  21 -23.117818 1.289885 0.235224 -0.165791 -0.468488 0.867774 0.949119 0.818004
  21 -23.080067 1.484510 0.271220 -0.025052 0.327519 0.944512 0.921722 0.814090
male.bmp
  21 -23.080067 1.484510 0.271220 -0.025052 0.327519 0.944512 0.921722 0.814090
  21 -23.117818 1.289885 0.235224 -0.165791 -0.468488 0.867774 0.949119 0.818004
  21 -22.018785 1.233056 0.289954 -0.027954 0.380551 0.924337 0.919765 0.964775
male.bmp
  21 -23.117818 1.289885 0.235224 -0.165791 -0.468488 0.867774 0.949119 0.818004
  21 -22.068097 1.040069 0.285002 -0.332569 -0.346136 0.877262 0.951076 0.964775
  21 -22.018785 1.233056 0.289954 -0.027954 0.380551 0.924337 0.919765 0.964775
male.bmp
  21 -22.018785 1.233056 0.289954 -0.027954 0.380551 0.924337 0.919765 0.964775
  21 -22.068097 1.040069 0.285002 -0.332569 -0.346136 0.877262 0.951076 0.964775
  20 -21.962839 1.017752 0.331983 -0.432095 -0.222274 0.874007 0.951076 0.982387
male.bmp
  21 -22.068097 1.040069 0.285002 -0.332569 -0.346136 0.877262 0.951076 0.964775
  20 -22.007300 0.818671 0.130513 -0.505046 -0.823487 0.258453 0.978474 0.988258
  20 -21.962839 1.017752 0.331983 -0.432095 -0.222274 0.874007 0.951076 0.982387
male.bmp
  34 -19.565198 -2.969240 -0.195138 0.583096 -0.461246 0.668769 0.524462 0.976517
  33 -19.821098 -2.937221 -0.056293 -0.224874 -0.805702 0.547974 0.499022 0.974560
  33 -19.808833 -2.924304 -0.094799 -0.291728 -0.875668 -0.384839 0.497065 0.982387
male.bmp
  33 -19.808833 -2.924304 -0.094799 -0.291728 -0.875668 -0.384839 0.497065 0.982387
  33 -19.821098 -2.937221 -0.056293 -0.224874 -0.805702 0.547974 0.499022 0.974560
  33 -20.052163 -2.811525 -0.191604 -0.711097 -0.183301 0.678780 0.473581 0.964775
male.bmp
  33 -19.821098 -2.937221 -0.056293 -0.224874 -0.805702 0.547974 0.499022 0.974560
  33 -20.022387 -2.385277 -0.101460 -0.768845 -0.083076 0.634016 0.471624 0.921722
  33 -20.052163 -2.811525 -0.191604 -0.711097 -0.183301 0.678780 0.473581 0.964775
male.bmp
  33 -20.052163 -2.811525 -0.191604 -0.711097 -0.183301 0.678780 0.473581 0.964775
  33 -20.022387 -2.385277 -0.101460 -0.768845 -0.083076 0.634016 0.471624 0.921722
  33 -20.182122 -2.774982 -0.379156 -0.885774 -0.453442 0.098964 0.452055 0.962818
male.bmp
  33 -20.022387 -2.385277 -0.101460 -0.768845 -0.083076 0.634016 0.471624 0.921722
  33 -20.146863 -2.363351 -0.341512 -0.987282 0.069045 0.143201 0.444227 0.921722
  33 -20.182122 -2.774982 -0.379156 -0.885774 -0.453442 0.098964 0.452055 0.962818
male.bmp
  32 -20.123524 -1.426879 0.062408 -0.729688 -0.654526 0.197867 0.784736 0.033268
  26 -20.493143 -1.207440 0.309096 -0.298981 -0.864862 0.403267 0.763209 0.060665
  32 -20.085524 -1.398541 -0.266762 -0.872653 -0.175066 -0.455882 0.763209 0.021526
male.bmp
  32 -20.085524 -1.398541 -0.266762 -0.872653 -0.175066 -0.455882 0.763209 0.021526
  26 -20.493143 -1.207440 0.309096 -0.298981 -0.864862 0.403267 0.763209 0.060665
  19 -20.525528 -1.186581 -0.046104 -0.378022 -0.756567 -0.533578 0.741683 0.039139
male.bmp
  26 -20.493143 -1.207440 0.309096 -0.298981 -0.864862 0.403267 0.763209 0.060665
  26 -20.848340 -1.121320 0.272782 -0.067394 -0.967324 0.244423 0.722114 0.064579
  19 -20.525528 -1.186581 -0.046104 -0.378022 -0.756567 -0.533578 0.741683 0.039139
male.bmp
  19 -20.525528 -1.186581 -0.046104 -0.378022 -0.756567 -0.533578 0.741683 0.039139
  26 -20.848340 -1.121320 0.272782 -0.067394 -0.967324 0.244423 0.722114 0.064579
  26 -20.886812 -1.101823 -0.072964 -0.034808 -0.724324 -0.688580 0.710372 0.039139
male.bmp
  26 -20.848340 -1.121320 0.272782 -0.067394 -0.967324 0.244423 0.722114 0.064579
  26 -21.749770 -1.173771 -0.036528 -0.179670 -0.774207 -0.606896 0.643836 0.029354
  26 -20.886812 -1.101823 -0.072964 -0.034808 -0.724324 -0.688580 0.710372 0.039139
male.bmp
  19 -20.602221 0.244463 -0.388349 -0.209563 -0.236599 -0.948738 0.622309 0.551859
  23 -21.209310 -0.256640 -0.176421 -0.211970 -0.745471 -0.631935 0.589041 0.614481
  23 -21.196664 0.124233 -0.300016 -0.183570 0.211875 -0.959902 0.577299 0.583170
male.bmp
  23 -21.196664 0.124233 -0.300016 -0.183570 0.211875 -0.959902 0.577299 0.583170
  23 -21.209310 -0.256640 -0.176421 -0.211970 -0.745471 -0.631935 0.589041 0.614481
  23 -22.196351 0.140622 -0.251468 -0.460913 0.185197 -0.867906 0.502935 0.610568
male.bmp
  23 -21.209310 -0.256640 -0.176421 -0.211970 -0.745471 -0.631935 0.589041 0.614481
  23 -22.210082 -0.182736 -0.144927 -0.448442 -0.594398 -0.667526 0.514677 0.639922
  23 -22.196351 0.140622 -0.251468 -0.460913 0.185197 -0.867906 0.502935 0.610568
male.bmp
  23 -22.196351 0.140622 -0.251468 -0.460913 0.185197 -0.867906 0.502935 0.610568
  23 -22.210082 -0.182736 -0.144927 -0.448442 -0.594398 -0.667526 0.514677 0.639922
  23 -22.225129 0.128507 -0.184947 -0.906140 -0.017489 -0.422616 0.500978 0.614481
male.bmp
  23 -22.210082 -0.182736 -0.144927 -0.448442 -0.594398 -0.667526 0.514677 0.639922
  23 -22.249582 -0.156650 -0.089616 -0.818686 -0.404600 -0.407495 0.508806 0.639922
  23 -22.225129 0.128507 -0.184947 -0.906140 -0.017489 -0.422616 0.500978 0.614481
male.bmp
  19 -20.594587 -0.399689 -0.239319 -0.223202 -0.165955 -0.960541 0.643836 0.606654
  26 -20.886812 -1.101823 -0.072964 -0.034808 -0.724324 -0.688580 0.643836 0.673190
  26 -21.077261 -0.727094 -0.133027 -0.192743 0.195990 -0.961477 0.614481 0.647750
male.bmp
  26 -21.077261 -0.727094 -0.133027 -0.192743 0.195990 -0.961477 0.614481 0.647750
  26 -20.886812 -1.101823 -0.072964 -0.034808 -0.724324 -0.688580 0.643836 0.673190
  26 -21.854774 -0.820724 -0.163144 -0.328912 0.162524 -0.930270 0.553816 0.681018
male.bmp
  26 -20.886812 -1.101823 -0.072964 -0.034808 -0.724324 -0.688580 0.643836 0.673190
  26 -21.749770 -1.173771 -0.036528 -0.179670 -0.774207 -0.606896 0.575342 0.708415
  26 -21.854774 -0.820724 -0.163144 -0.328912 0.162524 -0.930270 0.553816 0.681018
male.bmp
  26 -21.854774 -0.820724 -0.163144 -0.328912 0.162524 -0.930270 0.553816 0.681018
  26 -21.749770 -1.173771 -0.036528 -0.179670 -0.774207 -0.606896 0.575342 0.708415
  26 -21.890347 -0.844504 -0.130447 -0.639892 -0.095190 -0.762546 0.551859 0.684932
male.bmp
  26 -21.749770 -1.173771 -0.036528 -0.179670 -0.774207 -0.606896 0.575342 0.708415
  26 -21.805242 -1.151009 -0.009983 -0.498737 -0.651571 -0.571592 0.569472 0.708415
  26 -21.890347 -0.844504 -0.130447 -0.639892 -0.095190 -0.762546 0.551859 0.684932
male.bmp
  19 -18.010533 0.587930 -0.890993 -0.672055 0.054238 -0.738513 0.821918 0.438356
  19 -18.332584 -0.011492 -0.907709 0.013130 -0.157513 -0.987430 0.818004 0.499022
  19 -18.306329 0.767866 -0.918280 0.177243 0.252071 -0.951339 0.794521 0.432485
male.bmp
  19 -18.306329 0.767866 -0.918280 0.177243 0.252071 -0.951339 0.794521 0.432485
  19 -18.332584 -0.011492 -0.907709 0.013130 -0.157513 -0.987430 0.818004 0.499022
  19 -18.835895 0.852448 -1.001982 0.056717 0.165892 -0.984512 0.747554 0.444227
male.bmp
  19 -18.332584 -0.011492 -0.907709 0.013130 -0.157513 -0.987430 0.818004 0.499022
  19 -18.856160 0.084194 -0.848439 -0.223202 -0.165955 -0.960541 0.771037 0.506849
  19 -18.835895 0.852448 -1.001982 0.056717 0.165892 -0.984512 0.747554 0.444227
male.bmp
  19 -18.835895 0.852448 -1.001982 0.056717 0.165892 -0.984512 0.747554 0.444227
  19 -18.856160 0.084194 -0.848439 -0.223202 -0.165955 -0.960541 0.771037 0.506849
  19 -19.383890 0.452931 -0.817897 -0.280169 -0.366919 -0.887060 0.714286 0.495108
male.bmp
  19 -18.856160 0.084194 -0.848439 -0.223202 -0.165955 -0.960541 0.771037 0.506849
  19 -19.576143 0.132272 -0.520548 -0.326067 -0.225016 -0.918176 0.710372 0.528376
  19 -19.383890 0.452931 -0.817897 -0.280169 -0.366919 -0.887060 0.714286 0.495108
male.bmp
  26 -22.009552 -0.600332 0.119294 -0.888153 0.252577 -0.383913 0.604697 0.107632
  26 -22.004719 -0.659829 0.368767 -0.996818 0.034102 0.072047 0.606654 0.101761
  26 -22.000372 -0.545222 0.132661 -0.639226 0.718683 -0.273652 0.614481 0.111546
male.bmp
  26 -22.000372 -0.545222 0.132661 -0.639226 0.718683 -0.273652 0.614481 0.111546
  26 -22.004719 -0.659829 0.368767 -0.996818 0.034102 0.072047 0.606654 0.101761
  26 -21.999564 -0.633388 0.405839 -0.747084 0.525101 0.407596 0.614481 0.103718
male.bmp
  26 -22.004719 -0.659829 0.368767 -0.996818 0.034102 0.072047 0.606654 0.101761
  26 -21.981930 -0.812005 0.509207 -0.966597 -0.192848 0.168818 0.610568 0.086106
  26 -21.999564 -0.633388 0.405839 -0.747084 0.525101 0.407596 0.614481 0.103718
male.bmp
  26 -21.999564 -0.633388 0.405839 -0.747084 0.525101 0.407596 0.614481 0.103718
  26 -21.981930 -0.812005 0.509207 -0.966597 -0.192848 0.168818 0.610568 0.086106
  26 -21.975051 -0.792781 0.567371 -0.656324 0.104724 0.747175 0.618395 0.090020
male.bmp
  26 -21.981930 -0.812005 0.509207 -0.966597 -0.192848 0.168818 0.610568 0.086106
  26 -21.911528 -1.005188 0.494239 -0.862602 -0.435564 0.257298 0.620352 0.066536
  26 -21.975051 -0.792781 0.567371 -0.656324 0.104724 0.747175 0.618395 0.090020
male.bmp
  19 -17.200534 1.269023 -0.392479 0.173646 0.984099 -0.037367 0.021526 0.947162
  19 -17.200534 1.198520 -0.622326 0.150479 0.875467 -0.459254 0.039139 0.947162
  19 -17.620534 1.219022 -0.392371 0.588063 0.808640 0.016855 0.025440 0.890411
male.bmp
  19 -17.620534 1.219022 -0.392371 0.588063 0.808640 0.016855 0.025440 0.890411
  19 -17.200534 1.198520 -0.622326 0.150479 0.875467 -0.459254 0.039139 0.947162
  19 -17.620534 1.148585 -0.592217 0.601966 0.690181 -0.401606 0.043053 0.890411
male.bmp
  19 -17.200534 1.198520 -0.622326 0.150479 0.875467 -0.459254 0.039139 0.947162
  19 -17.620534 0.998236 -0.751889 0.577868 0.525142 -0.624736 0.060665 0.890411
  19 -17.620534 1.148585 -0.592217 0.601966 0.690181 -0.401606 0.043053 0.890411
male.bmp
  19 -17.620534 1.148585 -0.592217 0.601966 0.690181 -0.401606 0.043053 0.890411
  19 -17.620534 0.998236 -0.751889 0.577868 0.525142 -0.624736 0.060665 0.890411
  19 -17.630534 1.178519 -0.622283 0.575083 0.698684 -0.425582 0.039139 0.884540
male.bmp
  19 -17.620534 0.998236 -0.751889 0.577868 0.525142 -0.624736 0.060665 0.890411
  19 -17.630533 1.028148 -0.791954 0.577868 0.525142 -0.624736 0.058708 0.884540
  19 -17.630534 1.178519 -0.622283 0.575083 0.698684 -0.425582 0.039139 0.884540
male.bmp
  23 -22.281981 -0.304786 0.257236 -0.514880 -0.809435 0.282334 0.587084 0.131115
  23 -22.323195 -0.038626 0.418667 -0.624553 -0.253504 0.738694 0.583170 0.154599
  23 -22.293289 -0.253102 0.221168 -0.917323 -0.388295 -0.088007 0.581213 0.131115
male.bmp
  23 -22.293289 -0.253102 0.221168 -0.917323 -0.388295 -0.088007 0.581213 0.131115
  23 -22.323195 -0.038626 0.418667 -0.624553 -0.253504 0.738694 0.583170 0.154599
  23 -22.334003 -0.030974 0.374797 -0.971884 -0.148164 0.182999 0.573386 0.154599
male.bmp
  23 -22.323195 -0.038626 0.418667 -0.624553 -0.253504 0.738694 0.583170 0.154599
  23 -22.336320 0.179603 0.416656 -0.617375 0.262059 0.741737 0.581213 0.176125
  23 -22.334003 -0.030974 0.374797 -0.971884 -0.148164 0.182999 0.573386 0.154599
male.bmp
  23 -22.334003 -0.030974 0.374797 -0.971884 -0.148164 0.182999 0.573386 0.154599
  23 -22.336320 0.179603 0.416656 -0.617375 0.262059 0.741737 0.581213 0.176125
  23 -22.346766 0.168083 0.378470 -0.968185 0.096389 0.230925 0.571429 0.176125
male.bmp
  23 -22.336320 0.179603 0.416656 -0.617375 0.262059 0.741737 0.581213 0.176125
  23 -22.331398 0.334483 0.235030 -0.941186 0.331334 0.066235 0.569472 0.191781
  23 -22.346766 0.168083 0.378470 -0.968185 0.096389 0.230925 0.571429 0.176125
male.bmp
  19 -19.963971 1.766519 -0.588561 0.171399 0.841186 -0.512863 0.622309 0.401174
  29 -20.365249 1.606670 -0.761140 0.054915 0.308830 -0.949531 0.594912 0.432485
  29 -20.337618 1.868070 -0.459467 0.267394 0.914070 -0.304922 0.585127 0.393346
male.bmp
  29 -20.337618 1.868070 -0.459467 0.267394 0.914070 -0.304922 0.585127 0.393346
  29 -20.365249 1.606670 -0.761140 0.054915 0.308830 -0.949531 0.594912 0.432485
  29 -21.207311 2.205074 -0.515695 -0.138921 0.882126 -0.450061 0.508806 0.399217
male.bmp
  29 -20.365249 1.606670 -0.761140 0.054915 0.308830 -0.949531 0.594912 0.432485
  29 -21.252834 1.967353 -0.729509 -0.331380 0.402830 -0.853180 0.510763 0.432485
  29 -21.207311 2.205074 -0.515695 -0.138921 0.882126 -0.450061 0.508806 0.399217
male.bmp
  29 -21.207311 2.205074 -0.515695 -0.138921 0.882126 -0.450061 0.508806 0.399217
  29 -21.252834 1.967353 -0.729509 -0.331380 0.402830 -0.853180 0.510763 0.432485
  29 -21.269661 2.152634 -0.488080 -0.708693 0.597252 -0.375559 0.504892 0.399217
male.bmp
  29 -21.252834 1.967353 -0.729509 -0.331380 0.402830 -0.853180 0.510763 0.432485
  29 -21.290638 1.968049 -0.675933 -0.800488 0.427546 -0.420028 0.504892 0.430528
  29 -21.269661 2.152634 -0.488080 -0.708693 0.597252 -0.375559 0.504892 0.399217
male.bmp
  19 -18.010533 0.597799 -0.951015 -0.672055 0.054238 -0.738513 0.091977 0.839530
  19 -17.620532 -0.241980 -0.849177 0.722186 -0.167924 -0.671005 0.201566 0.890411
  19 -17.990532 -0.222090 -0.899222 -0.499914 -0.205487 -0.841345 0.199609 0.841487
male.bmp
  19 -17.990532 -0.222090 -0.899222 -0.499914 -0.205487 -0.841345 0.199609 0.841487
  19 -17.620532 -0.241980 -0.849177 0.722186 -0.167924 -0.671005 0.201566 0.890411
  19 -17.990532 -0.621739 -0.738348 -0.539109 -0.442470 -0.716646 0.244618 0.843444
male.bmp
  19 -17.620532 -0.241980 -0.849177 0.722186 -0.167924 -0.671005 0.201566 0.890411
  19 -17.620532 -0.621629 -0.688347 0.708032 -0.369128 -0.602026 0.242661 0.888454
  19 -17.990532 -0.621739 -0.738348 -0.539109 -0.442470 -0.716646 0.244618 0.843444
male.bmp
  19 -17.990532 -0.621739 -0.738348 -0.539109 -0.442470 -0.716646 0.244618 0.843444
  19 -17.620532 -0.621629 -0.688347 0.708032 -0.369128 -0.602026 0.242661 0.888454
  19 -17.980532 -0.961191 -0.487605 -0.537431 -0.587234 -0.605247 0.287671 0.843444
male.bmp
  19 -17.620532 -0.621629 -0.688347 0.708032 -0.369128 -0.602026 0.242661 0.888454
  19 -17.630533 -0.941060 -0.427648 0.692626 -0.514654 -0.505371 0.283757 0.888454
  19 -17.980532 -0.961191 -0.487605 -0.537431 -0.587234 -0.605247 0.287671 0.843444
male.bmp
  19 -17.240532 -0.661629 -0.688259 0.863038 0.263742 0.430820 0.602740 0.749511
  19 -17.260533 -0.941103 -0.447647 0.894635 0.319309 0.312522 0.618395 0.767123
  19 -17.240532 -0.701716 -0.728171 0.844138 -0.312610 -0.435552 0.600783 0.753425
male.bmp
  19 -17.240532 -0.701716 -0.728171 0.844138 -0.312610 -0.435552 0.600783 0.753425
  19 -17.260533 -0.941103 -0.447647 0.894635 0.319309 0.312522 0.618395 0.767123
  19 -17.250532 -0.991147 -0.467538 0.843564 -0.379141 -0.380331 0.616438 0.771037
male.bmp
  19 -17.260533 -0.941103 -0.447647 0.894635 0.319309 0.312522 0.618395 0.767123
  19 -17.250533 -1.110622 -0.227276 0.898069 0.408486 0.163130 0.632094 0.774951
  19 -17.250532 -0.991147 -0.467538 0.843564 -0.379141 -0.380331 0.616438 0.771037
male.bmp
  19 -17.250532 -0.991147 -0.467538 0.843564 -0.379141 -0.380331 0.616438 0.771037
  19 -17.250533 -1.110622 -0.227276 0.898069 0.408486 0.163130 0.632094 0.774951
  19 -17.240533 -1.170644 -0.237145 0.834084 -0.473229 -0.283474 0.632094 0.778865
male.bmp
  19 -17.250533 -1.110622 -0.227276 0.898069 0.408486 0.163130 0.632094 0.774951
  19 -17.220533 -1.259944 0.083051 0.833621 -0.551671 -0.027123 0.651663 0.782779
  19 -17.240533 -1.170644 -0.237145 0.834084 -0.473229 -0.283474 0.632094 0.778865
male.bmp
  19 -17.210536 -0.058044 0.950425 0.847930 0.007537 0.530055 0.565558 0.722114
  19 -17.210536 0.601582 0.778983 0.819770 0.270384 0.504847 0.579256 0.774951
  19 -17.260536 -0.068001 0.970447 0.027369 0.023254 0.999355 0.559687 0.722114
male.bmp
  19 -17.260536 -0.068001 0.970447 0.027369 0.023254 0.999355 0.559687 0.722114
  19 -17.210536 0.601582 0.778983 0.819770 0.270384 0.504847 0.579256 0.774951
  19 -17.250536 0.621626 0.798939 -0.000721 0.504072 0.863661 0.573386 0.778865
male.bmp
  19 -17.210536 0.601582 0.778983 0.819770 0.270384 0.504847 0.579256 0.774951
  19 -17.180535 1.110357 0.217869 0.830142 0.470324 0.299434 0.624266 0.814090
  19 -17.250536 0.621626 0.798939 -0.000721 0.504072 0.863661 0.573386 0.778865
male.bmp
  19 -17.250536 0.621626 0.798939 -0.000721 0.504072 0.863661 0.573386 0.778865
  19 -17.180535 1.110357 0.217869 0.830142 0.470324 0.299434 0.624266 0.814090
  19 -17.220535 1.130357 0.217825 0.085645 0.890639 0.446572 0.622309 0.819961
male.bmp
  19 -17.180535 1.110357 0.217869 0.830142 0.470324 0.299434 0.624266 0.814090
  19 -17.150534 1.239045 -0.382414 0.866654 0.498587 0.017936 0.671233 0.823875
  19 -17.220535 1.130357 0.217825 0.085645 0.890639 0.446572 0.622309 0.819961
male.bmp
  18 -12.021406 -0.743860 -1.141557 -0.049189 -0.526153 -0.848966 0.121331 0.338552
  18 -9.316221 0.169327 -1.386023 0.073712 0.134776 -0.988131 0.170254 0.469667
  18 -9.420386 -0.904253 -1.076224 -0.045826 -0.579423 -0.813738 0.107632 0.471624
male.bmp
  18 -12.021406 -0.743860 -1.141557 -0.049189 -0.526153 -0.848966 0.121331 0.338552
  18 -11.907177 0.389156 -1.390807 -0.024437 0.163176 -0.986294 0.170254 0.340509
  18 -9.316221 0.169327 -1.386023 0.073712 0.134776 -0.988131 0.170254 0.469667
male.bmp
  18 -12.021406 -0.743860 -1.141557 -0.049189 -0.526153 -0.848966 0.121331 0.338552
  18 -13.866790 0.469911 -1.240146 -0.089175 0.224632 -0.970355 0.183953 0.230920
  18 -11.907177 0.389156 -1.390807 -0.024437 0.163176 -0.986294 0.170254 0.340509
male.bmp
  18 -12.021406 -0.743860 -1.141557 -0.049189 -0.526153 -0.848966 0.121331 0.338552
  18 -13.883652 -0.211030 -1.156870 -0.100521 -0.260197 -0.960309 0.144814 0.228963
  18 -13.866790 0.469911 -1.240146 -0.089175 0.224632 -0.970355 0.183953 0.230920
male.bmp
  18 -12.021406 -0.743860 -1.141557 -0.049189 -0.526153 -0.848966 0.121331 0.338552
  18 -13.940459 -0.703743 -0.911500 -0.097278 -0.592506 -0.799671 0.119374 0.227006
  18 -13.883652 -0.211030 -1.156870 -0.100521 -0.260197 -0.960309 0.144814 0.228963
male.bmp
  13 22.675192 2.202197 -0.672114 -0.057529 0.227816 -0.972003 0.943249 0.534247
  13 22.656960 2.396397 -0.456582 -0.382251 0.882140 -0.275161 0.970646 0.524462
  14 22.783617 2.265287 -0.652358 -0.118625 0.247045 -0.961716 0.941292 0.510763
male.bmp
  14 22.783617 2.265287 -0.652358 -0.118625 0.247045 -0.961716 0.941292 0.510763
  13 22.656960 2.396397 -0.456582 -0.382251 0.882140 -0.275161 0.970646 0.524462
  14 23.226816 2.464708 -0.650016 0.124661 0.481354 -0.867616 0.941292 0.395303
male.bmp
  13 22.656960 2.396397 -0.456582 -0.382251 0.882140 -0.275161 0.970646 0.524462
  14 23.199097 2.601689 -0.492638 -0.177519 0.928979 -0.324785 0.962818 0.391389
  14 23.226816 2.464708 -0.650016 0.124661 0.481354 -0.867616 0.941292 0.395303
male.bmp
  14 23.226816 2.464708 -0.650016 0.124661 0.481354 -0.867616 0.941292 0.395303
  14 23.199097 2.601689 -0.492638 -0.177519 0.928979 -0.324785 0.962818 0.391389
  14 23.311294 2.607381 -0.475924 0.436119 0.871290 -0.225064 0.949119 0.369863
male.bmp
  14 23.037919 2.427851 -0.278857 -0.024702 0.424666 0.905013 0.921722 0.751468
  13 22.807199 2.303706 -0.207711 -0.029819 0.349046 0.936631 0.921722 0.814090
  14 23.118122 2.304836 -0.284741 0.250769 -0.151460 0.956125 0.949119 0.747554
male.bmp
  14 23.118122 2.304836 -0.284741 0.250769 -0.151460 0.956125 0.949119 0.747554
  13 22.807199 2.303706 -0.207711 -0.029819 0.349046 0.936631 0.921722 0.814090
  13 22.849827 2.148702 -0.215232 0.267812 -0.354698 0.895805 0.949119 0.818004
male.bmp
  13 22.807199 2.303706 -0.207711 -0.029819 0.349046 0.936631 0.921722 0.814090
  13 22.074164 1.927484 -0.211898 -0.135953 0.273781 0.952135 0.919765 0.964775
  13 22.849827 2.148702 -0.215232 0.267812 -0.354698 0.895805 0.949119 0.818004
male.bmp
  13 22.849827 2.148702 -0.215232 0.267812 -0.354698 0.895805 0.949119 0.818004
  13 22.074164 1.927484 -0.211898 -0.135953 0.273781 0.952135 0.919765 0.964775
  13 22.115683 1.802030 -0.196493 0.225529 -0.189144 0.955699 0.951076 0.964775
male.bmp
  7 24.167754 -0.351326 0.180795 0.037288 -0.971534 0.233948 0.884540 0.530333
  7 23.006116 -0.409463 0.191608 0.059417 -0.955240 0.289805 0.888454 0.628180
  7 24.027242 -0.334102 -0.089501 0.057209 -0.773091 -0.631710 0.904110 0.542074
male.bmp
  7 24.027242 -0.334102 -0.089501 0.057209 -0.773091 -0.631710 0.904110 0.542074
  7 23.006116 -0.409463 0.191608 0.059417 -0.955240 0.289805 0.888454 0.628180
  7 22.916665 -0.335111 -0.093822 -0.034812 -0.728062 -0.684627 0.908023 0.634051
male.bmp
  7 23.006116 -0.409463 0.191608 0.059417 -0.955240 0.289805 0.888454 0.628180
  6 22.895418 -0.416003 0.232366 0.142090 -0.932630 0.331680 0.882583 0.643836
  7 22.916665 -0.335111 -0.093822 -0.034812 -0.728062 -0.684627 0.908023 0.634051
male.bmp
  7 22.916665 -0.335111 -0.093822 -0.034812 -0.728062 -0.684627 0.908023 0.634051
  6 22.895418 -0.416003 0.232366 0.142090 -0.932630 0.331680 0.882583 0.643836
  6 22.841845 -0.321272 -0.087878 -0.062996 -0.677513 -0.732808 0.906067 0.645793
male.bmp
  9 22.604751 -0.830449 0.365864 0.284317 0.815629 0.503899 0.892368 0.986301
  10 22.684916 -0.791573 0.130612 0.271227 0.934288 -0.231389 0.872798 0.970646
  9 22.609585 -0.770953 0.116391 0.345223 0.864425 -0.365500 0.872798 0.988258
male.bmp
  9 22.604751 -0.830449 0.365864 0.284317 0.815629 0.503899 0.892368 0.986301
  10 22.676784 -0.852930 0.360327 0.237081 0.827881 0.508336 0.894325 0.966732
  10 22.684916 -0.791573 0.130612 0.271227 0.934288 -0.231389 0.872798 0.970646
male.bmp
  9 22.604751 -0.830449 0.365864 0.284317 0.815629 0.503899 0.892368 0.986301
  10 22.644587 -0.993031 0.499378 0.153365 0.274057 0.949406 0.919765 0.964775
  10 22.676784 -0.852930 0.360327 0.237081 0.827881 0.508336 0.894325 0.966732
male.bmp
  9 22.604751 -0.830449 0.365864 0.284317 0.815629 0.503899 0.892368 0.986301
  9 22.572169 -0.980601 0.506196 0.211534 0.244801 0.946217 0.919765 0.982387
  10 22.644587 -0.993031 0.499378 0.153365 0.274057 0.949406 0.919765 0.964775
male.bmp
  3 22.436789 1.235917 0.222158 0.244545 0.865548 0.437063 0.618395 0.285714
  3 22.410708 1.257987 -0.077396 0.376059 0.871612 -0.314440 0.622309 0.301370
  2 21.266244 1.000487 0.014310 0.716474 0.597535 0.360023 0.726027 0.281800
male.bmp
  3 22.436789 1.235917 0.222158 0.244545 0.865548 0.437063 0.618395 0.285714
  3 22.446162 1.203678 -0.038750 0.895963 0.417852 -0.150501 0.616438 0.301370
  3 22.410708 1.257987 -0.077396 0.376059 0.871612 -0.314440 0.622309 0.301370
male.bmp
  3 22.436789 1.235917 0.222158 0.244545 0.865548 0.437063 0.618395 0.285714
  3 22.476292 1.205328 0.192095 0.693319 0.694938 0.190708 0.612524 0.285714
  3 22.446162 1.203678 -0.038750 0.895963 0.417852 -0.150501 0.616438 0.301370
male.bmp
  3 22.436789 1.235917 0.222158 0.244545 0.865548 0.437063 0.618395 0.285714
  3 22.496684 1.053230 0.350368 0.439554 0.416650 0.795736 0.614481 0.272016
  3 22.476292 1.205328 0.192095 0.693319 0.694938 0.190708 0.612524 0.285714
male.bmp
  12 22.046758 1.733054 -0.128976 0.706498 0.098900 0.700770 0.651663 0.330724
  12 22.048493 1.765901 -0.179156 0.925993 0.352029 0.136427 0.647750 0.338552
  12 21.963899 1.916457 -0.151288 0.472694 0.557612 0.682371 0.657534 0.354207
male.bmp
  12 22.046758 1.733054 -0.128976 0.706498 0.098900 0.700770 0.651663 0.330724
  12 22.093849 1.586091 -0.315213 0.979420 0.180495 -0.090322 0.643836 0.324853
  12 22.048493 1.765901 -0.179156 0.925993 0.352029 0.136427 0.647750 0.338552
male.bmp
  12 22.046758 1.733054 -0.128976 0.706498 0.098900 0.700770 0.651663 0.330724
  12 22.094088 1.542899 -0.303621 0.899100 -0.418782 0.127436 0.647750 0.318982
  12 22.093849 1.586091 -0.315213 0.979420 0.180495 -0.090322 0.643836 0.324853
male.bmp
  12 22.046758 1.733054 -0.128976 0.706498 0.098900 0.700770 0.651663 0.330724
  2 21.266244 1.000487 0.014310 0.716474 0.597535 0.360023 0.726027 0.281800
  12 22.094088 1.542899 -0.303621 0.899100 -0.418782 0.127436 0.647750 0.318982
male.bmp
  6 22.874105 -0.467652 0.268117 0.514873 -0.809435 0.282347 0.516634 0.659491
  6 22.841845 -0.321272 -0.087878 0.818695 -0.404602 -0.407476 0.508806 0.639922
  6 22.895418 -0.416003 0.232366 0.917325 -0.388295 -0.087986 0.510763 0.657534
male.bmp
  6 22.874105 -0.467652 0.268117 0.514873 -0.809435 0.282347 0.516634 0.659491
  6 22.802343 -0.347184 -0.143268 0.448457 -0.594399 -0.667515 0.514677 0.639922
  6 22.841845 -0.321272 -0.087878 0.818695 -0.404602 -0.407476 0.508806 0.639922
male.bmp
  6 22.874105 -0.467652 0.268117 0.514873 -0.809435 0.282347 0.516634 0.659491
  6 21.811558 -0.420995 -0.174847 0.211983 -0.745472 -0.631929 0.589041 0.614481
  6 22.802343 -0.347184 -0.143268 0.448457 -0.594399 -0.667515 0.514677 0.639922
male.bmp
  6 22.874105 -0.467652 0.268117 0.514873 -0.809435 0.282347 0.516634 0.659491
  6 21.462821 -0.392779 0.396456 0.643505 -0.053037 0.763602 0.592955 0.626223
  6 21.811558 -0.420995 -0.174847 0.211983 -0.745472 -0.631929 0.589041 0.614481
male.bmp
  2 17.827227 -1.052649 0.786637 -0.800317 -0.302523 0.517661 0.694716 0.763209
  2 17.837226 -1.312651 0.306638 -0.886424 0.428306 -0.175519 0.663405 0.776908
  2 17.827226 -1.372651 0.316638 -0.833338 -0.499542 0.236655 0.663405 0.782779
male.bmp
  2 17.827226 -1.372651 0.316638 -0.833338 -0.499542 0.236655 0.663405 0.782779
  2 17.837226 -1.312651 0.306638 -0.886424 0.428306 -0.175519 0.663405 0.776908
  2 17.817225 -1.422651 0.086638 -0.833621 -0.551670 -0.027143 0.651663 0.782779
male.bmp
  2 17.837226 -1.312651 0.306638 -0.886424 0.428306 -0.175519 0.663405 0.776908
  2 17.827225 -1.362651 0.076638 -0.896287 0.443463 -0.003065 0.651663 0.778865
  2 17.817225 -1.422651 0.086638 -0.833621 -0.551670 -0.027143 0.651663 0.782779
male.bmp
  2 17.817225 -1.422651 0.086638 -0.833621 -0.551670 -0.027143 0.651663 0.782779
  2 17.827225 -1.362651 0.076638 -0.896287 0.443463 -0.003065 0.651663 0.778865
  2 17.847225 -1.272652 -0.223362 -0.898073 0.408487 0.163107 0.632094 0.774951
male.bmp
  2 18.902952 0.602059 -0.918968 -0.177221 0.252069 -0.951343 0.951076 0.332681
  2 18.893674 0.918663 -0.730618 -0.226380 0.626683 -0.745668 0.947162 0.317025
  2 19.516926 1.123018 -0.758847 -0.199985 0.669693 -0.715204 0.882583 0.342466
male.bmp
  2 18.902952 0.602059 -0.918968 -0.177221 0.252069 -0.951343 0.951076 0.332681
  2 18.597224 0.837347 -0.703369 0.652857 0.468832 -0.594957 0.970646 0.309198
  2 18.893674 0.918663 -0.730618 -0.226380 0.626683 -0.745668 0.947162 0.317025
male.bmp
  2 18.902952 0.602059 -0.918968 -0.177221 0.252069 -0.951343 0.951076 0.332681
  2 18.597224 0.637346 -0.843369 0.690926 0.323943 -0.646283 0.972603 0.315068
  2 18.597224 0.837347 -0.703369 0.652857 0.468832 -0.594957 0.970646 0.309198
male.bmp
  2 18.902952 0.602059 -0.918968 -0.177221 0.252069 -0.951343 0.951076 0.332681
  2 18.607224 0.417346 -0.883368 0.672072 0.054235 -0.738497 0.974560 0.322896
  2 18.597224 0.637346 -0.843369 0.690926 0.323943 -0.646283 0.972603 0.315068
male.bmp
  2 18.597225 1.047347 -0.363370 0.711346 0.702604 -0.018283 0.966732 0.295499
  2 18.880905 1.055261 -0.551515 -0.239273 0.847718 -0.473415 0.945205 0.307241
  2 18.597225 0.977347 -0.553369 0.686089 0.640479 -0.345064 0.968689 0.301370
male.bmp
  2 18.597225 1.047347 -0.363370 0.711346 0.702604 -0.018283 0.966732 0.295499
  2 18.887640 1.143558 -0.358750 -0.336380 0.941154 -0.032820 0.941292 0.299413
  2 18.880905 1.055261 -0.551515 -0.239273 0.847718 -0.473415 0.945205 0.307241
male.bmp
  2 18.597225 1.047347 -0.363370 0.711346 0.702604 -0.018283 0.966732 0.295499
  2 18.948444 0.921139 0.195446 -0.263834 0.760440 0.593399 0.935421 0.272016
  2 18.887640 1.143558 -0.358750 -0.336380 0.941154 -0.032820 0.941292 0.299413
male.bmp
  2 18.597225 1.047347 -0.363370 0.711346 0.702604 -0.018283 0.966732 0.295499
  2 18.617226 0.827349 0.196631 0.706095 0.588706 0.393516 0.964775 0.264188
  2 18.948444 0.921139 0.195446 -0.263834 0.760440 0.593399 0.935421 0.272016
male.bmp
  2 18.597225 1.047347 -0.583370 0.657533 0.636522 -0.403099 0.031311 0.837573
  2 18.597224 0.837347 -0.703369 0.652857 0.468832 -0.594957 0.050881 0.829746
  2 18.597224 0.877346 -0.753369 0.699823 0.462883 -0.544046 0.050881 0.837573
male.bmp
  2 18.597225 1.047347 -0.583370 0.657533 0.636522 -0.403099 0.031311 0.837573
  2 18.597225 0.977347 -0.553369 0.686089 0.640479 -0.345064 0.031311 0.827789
  2 18.597224 0.837347 -0.703369 0.652857 0.468832 -0.594957 0.050881 0.829746
male.bmp
  2 18.597225 1.047347 -0.583370 0.657533 0.636522 -0.403099 0.031311 0.837573
  2 18.597225 1.047347 -0.363370 0.711346 0.702604 -0.018283 0.011742 0.827789
  2 18.597225 0.977347 -0.553369 0.686089 0.640479 -0.345064 0.031311 0.827789
male.bmp
  2 18.597225 1.047347 -0.583370 0.657533 0.636522 -0.403099 0.031311 0.837573
  2 18.597225 1.127347 -0.383370 0.605083 0.795913 -0.019947 0.011742 0.835616
  2 18.597225 1.047347 -0.363370 0.711346 0.702604 -0.018283 0.011742 0.827789
male.bmp
  31 -22.625237 2.630767 -0.653186 -0.124642 0.481356 -0.867618 0.941292 0.395303
  31 -22.597518 2.767748 -0.495808 0.177528 0.928979 -0.324780 0.962818 0.391389
  30 -22.051978 2.566513 -0.460348 0.382259 0.882139 -0.275151 0.970646 0.524462
male.bmp
  31 -22.625237 2.630767 -0.653186 -0.124642 0.481356 -0.867618 0.941292 0.395303
  31 -22.714440 2.767813 -0.467011 -0.436113 0.871291 -0.225072 0.949119 0.369863
  31 -22.597518 2.767748 -0.495808 0.177528 0.928979 -0.324780 0.962818 0.391389
male.bmp
  31 -22.625237 2.630767 -0.653186 -0.124642 0.481356 -0.867618 0.941292 0.395303
  31 -22.804397 2.706472 -0.439714 -0.890976 0.452990 -0.031000 0.925636 0.365949
  31 -22.714440 2.767813 -0.467011 -0.436113 0.871291 -0.225072 0.949119 0.369863
male.bmp
  31 -22.625237 2.630767 -0.653186 -0.124642 0.481356 -0.867618 0.941292 0.395303
  31 -22.719810 2.585178 -0.620359 -0.666402 0.132137 -0.733790 0.925636 0.385519
  31 -22.804397 2.706472 -0.439714 -0.890976 0.452990 -0.031000 0.925636 0.365949
male.bmp
  27 -23.035521 -0.841931 0.153246 -0.271213 0.934291 -0.231395 0.878669 0.825832
  27 -22.071665 -0.687225 0.356340 -0.238914 0.837329 0.491733 0.894325 0.966732
  27 -22.089603 -0.626599 0.136788 -0.271213 0.934291 -0.231395 0.872798 0.970646
male.bmp
  27 -22.089603 -0.626599 0.136788 -0.271213 0.934291 -0.231395 0.872798 0.970646
  27 -22.071665 -0.687225 0.356340 -0.238914 0.837329 0.491733 0.894325 0.966732
  26 -22.004719 -0.659829 0.368767 -0.284312 0.815633 0.503895 0.892368 0.986301
male.bmp
  27 -22.071665 -0.687225 0.356340 -0.238914 0.837329 0.491733 0.894325 0.966732
  27 -22.049260 -0.829333 0.495636 -0.153387 0.274056 0.949403 0.919765 0.964775
  26 -22.004719 -0.659829 0.368767 -0.284312 0.815633 0.503895 0.892368 0.986301
male.bmp
  26 -22.004719 -0.659829 0.368767 -0.284312 0.815633 0.503895 0.892368 0.986301
  27 -22.049260 -0.829333 0.495636 -0.153387 0.274056 0.949403 0.919765 0.964775
  26 -21.981930 -0.812005 0.509207 -0.211543 0.244803 0.946214 0.919765 0.982387
male.bmp
  29 -21.450217 1.897657 -0.130608 -0.706514 0.098900 0.700755 0.651663 0.330724
  29 -21.497547 1.707502 -0.305253 -0.899107 -0.418775 0.127415 0.647750 0.318982
  19 -20.669620 1.166291 0.015001 -0.716480 0.597535 0.360011 0.726027 0.281800
male.bmp
  29 -21.450217 1.897657 -0.130608 -0.706514 0.098900 0.700755 0.651663 0.330724
  29 -21.492794 1.759252 -0.319370 -0.979414 0.180512 -0.090348 0.643836 0.324853
  29 -21.497547 1.707502 -0.305253 -0.899107 -0.418775 0.127415 0.647750 0.318982
male.bmp
  29 -21.450217 1.897657 -0.130608 -0.706514 0.098900 0.700755 0.651663 0.330724
  29 -21.451952 1.930503 -0.180788 -0.925996 0.352030 0.136406 0.647750 0.338552
  29 -21.492794 1.759252 -0.319370 -0.979414 0.180512 -0.090348 0.643836 0.324853
male.bmp
  29 -21.450217 1.897657 -0.130608 -0.706514 0.098900 0.700755 0.651663 0.330724
  29 -21.367358 2.081059 -0.152920 -0.472709 0.557611 0.682360 0.657534 0.354207
  29 -21.451952 1.930503 -0.180788 -0.925996 0.352030 0.136406 0.647750 0.338552
male.bmp
  19 -20.466326 1.656899 -0.060998 0.043284 0.539369 0.840956 0.741683 0.318982
  19 -20.376247 1.865954 -0.203411 0.264103 0.817412 0.511944 0.747554 0.340509
  29 -21.244274 2.240382 -0.264125 -0.084912 0.920885 0.380475 0.667319 0.369863
male.bmp
  19 -20.466326 1.656899 -0.060998 0.043284 0.539369 0.840956 0.741683 0.318982
  19 -20.024747 1.761121 -0.182018 0.183972 0.866943 0.463210 0.780822 0.332681
  19 -20.376247 1.865954 -0.203411 0.264103 0.817412 0.511944 0.747554 0.340509
male.bmp
  19 -20.466326 1.656899 -0.060998 0.043284 0.539369 0.840956 0.741683 0.318982
  19 -20.177763 1.404581 0.168931 -0.037034 0.610120 0.791443 0.769080 0.299413
  19 -20.024747 1.761121 -0.182018 0.183972 0.866943 0.463210 0.780822 0.332681
male.bmp
  19 -20.466326 1.656899 -0.060998 0.043284 0.539369 0.840956 0.741683 0.318982
  19 -20.565735 1.354617 0.119123 -0.315092 0.374920 0.871867 0.733855 0.291585
  19 -20.177763 1.404581 0.168931 -0.037034 0.610120 0.791443 0.769080 0.299413
male.bmp
  23 -22.281981 -0.304786 0.257236 -0.514880 -0.809435 0.282334 0.516634 0.659491
  23 -21.209310 -0.256640 -0.176421 -0.211970 -0.745471 -0.631935 0.589041 0.614481
  23 -20.860579 -0.226735 0.394799 -0.643522 -0.053038 0.763588 0.592955 0.626223
male.bmp
  23 -22.281981 -0.304786 0.257236 -0.514880 -0.809435 0.282334 0.516634 0.659491
  23 -22.210082 -0.182736 -0.144927 -0.448442 -0.594398 -0.667526 0.514677 0.639922
  23 -21.209310 -0.256640 -0.176421 -0.211970 -0.745471 -0.631935 0.589041 0.614481
male.bmp
  23 -22.281981 -0.304786 0.257236 -0.514880 -0.809435 0.282334 0.516634 0.659491
  23 -22.249582 -0.156650 -0.089616 -0.818686 -0.404600 -0.407495 0.508806 0.639922
  23 -22.210082 -0.182736 -0.144927 -0.448442 -0.594398 -0.667526 0.514677 0.639922
male.bmp
  23 -22.281981 -0.304786 0.257236 -0.514880 -0.809435 0.282334 0.516634 0.659491
  23 -22.293289 -0.253102 0.221168 -0.917323 -0.388295 -0.088007 0.510763 0.657534
  23 -22.249582 -0.156650 -0.089616 -0.818686 -0.404600 -0.407495 0.508806 0.639922
male.bmp
  20 -21.822656 1.419910 -0.071524 -0.376051 0.871612 -0.314448 0.483366 0.493151
  20 -21.833490 1.154567 -0.319669 -0.568758 0.280606 -0.773159 0.489237 0.518591
  20 -21.846721 1.369590 -0.045279 -0.895959 0.417852 -0.150521 0.479452 0.497065
male.bmp
  20 -21.846721 1.369590 -0.045279 -0.895959 0.417852 -0.150521 0.479452 0.497065
  20 -21.833490 1.154567 -0.319669 -0.568758 0.280606 -0.773159 0.489237 0.518591
  20 -21.842952 1.157327 -0.246849 -0.988516 0.110937 -0.102614 0.485323 0.518591
male.bmp
  20 -21.833490 1.154567 -0.319669 -0.568758 0.280606 -0.773159 0.489237 0.518591
  20 -21.906986 0.808957 -0.207633 -0.604852 -0.533310 -0.591384 0.497065 0.549902
  20 -21.842952 1.157327 -0.246849 -0.988516 0.110937 -0.102614 0.485323 0.518591
male.bmp
  20 -21.842952 1.157327 -0.246849 -0.988516 0.110937 -0.102614 0.485323 0.518591
  20 -21.906986 0.808957 -0.207633 -0.604852 -0.533310 -0.591384 0.497065 0.549902
  20 -21.930967 0.872583 -0.160977 -0.918530 -0.010542 -0.395211 0.491194 0.545988
male.bmp
  19 -18.467345 0.044522 0.730278 -0.011732 0.065657 0.997773 0.931507 0.183953
  19 -18.403916 0.636325 0.578140 0.116790 0.463951 0.878129 0.935421 0.236791
  19 -18.736072 0.695329 0.612654 0.076297 0.394210 0.915848 0.904110 0.240705
male.bmp
  19 -18.736072 0.695329 0.612654 0.076297 0.394210 0.915848 0.904110 0.240705
  19 -18.403916 0.636325 0.578140 0.116790 0.463951 0.878129 0.935421 0.236791
  19 -18.351820 1.086944 0.196134 0.263822 0.760439 0.593406 0.935421 0.272016
male.bmp
  19 -18.403916 0.636325 0.578140 0.116790 0.463951 0.878129 0.935421 0.236791
  19 -18.020535 1.000313 0.198108 -0.706108 0.588703 0.393497 0.964775 0.264188
  19 -18.351820 1.086944 0.196134 0.263822 0.760439 0.593406 0.935421 0.272016
male.bmp
  19 -18.351820 1.086944 0.196134 0.263822 0.760439 0.593406 0.935421 0.272016
  19 -18.020535 1.000313 0.198108 -0.706108 0.588703 0.393497 0.964775 0.264188
  19 -18.000534 1.209088 -0.362350 -0.711343 0.702607 -0.018300 0.966732 0.295499
male.bmp
  20 -21.839898 1.392564 0.218398 -0.244554 0.865548 0.437059 0.618395 0.285714
  20 -21.878666 1.364663 0.197939 -0.693323 0.694939 0.190693 0.612524 0.285714
  20 -21.896643 1.221854 0.353446 -0.439572 0.416649 0.795726 0.614481 0.272016
male.bmp
  20 -21.839898 1.392564 0.218398 -0.244554 0.865548 0.437059 0.618395 0.285714
  20 -21.846721 1.369590 -0.045279 -0.895959 0.417852 -0.150521 0.616438 0.301370
  20 -21.878666 1.364663 0.197939 -0.693323 0.694939 0.190693 0.612524 0.285714
male.bmp
  20 -21.839898 1.392564 0.218398 -0.244554 0.865548 0.437059 0.618395 0.285714
  20 -21.822656 1.419910 -0.071524 -0.376051 0.871612 -0.314448 0.622309 0.301370
  20 -21.846721 1.369590 -0.045279 -0.895959 0.417852 -0.150521 0.616438 0.301370
male.bmp
  20 -21.839898 1.392564 0.218398 -0.244554 0.865548 0.437059 0.618395 0.285714
  19 -20.669620 1.166291 0.015001 -0.716480 0.597535 0.360011 0.726027 0.281800
  20 -21.822656 1.419910 -0.071524 -0.376051 0.871612 -0.314448 0.622309 0.301370
male.bmp
  19 -18.306329 0.767866 -0.918280 0.177243 0.252071 -0.951339 0.951076 0.332681
  19 -18.000533 0.808039 -0.841474 -0.690912 0.323943 -0.646298 0.972603 0.315068
  19 -18.010533 0.587930 -0.890993 -0.672055 0.054238 -0.738513 0.974560 0.322896
male.bmp
  19 -18.306329 0.767866 -0.918280 0.177243 0.252071 -0.951339 0.951076 0.332681
  19 -18.000534 0.998345 -0.701890 -0.652830 0.468839 -0.594981 0.970646 0.309198
  19 -18.000533 0.808039 -0.841474 -0.690912 0.323943 -0.646298 0.972603 0.315068
male.bmp
  19 -18.306329 0.767866 -0.918280 0.177243 0.252071 -0.951339 0.951076 0.332681
  19 -18.297051 1.084470 -0.729930 0.226398 0.626684 -0.745662 0.947162 0.317025
  19 -18.000534 0.998345 -0.701890 -0.652830 0.468839 -0.594981 0.970646 0.309198
male.bmp
  19 -18.306329 0.767866 -0.918280 0.177243 0.252071 -0.951339 0.951076 0.332681
  19 -18.920302 1.288824 -0.758157 0.200003 0.669694 -0.715199 0.882583 0.342466
  19 -18.297051 1.084470 -0.729930 0.226398 0.626684 -0.745662 0.947162 0.317025
male.bmp
  19 -17.620533 0.807864 -0.921473 0.629696 0.273101 -0.727254 0.082192 0.886497
  19 -17.620533 0.547887 -0.910905 0.686765 0.008063 -0.726835 0.105675 0.890411
  19 -17.620533 0.567756 -0.970948 0.686765 0.008063 -0.726835 0.105675 0.886497
male.bmp
  19 -17.620533 0.807864 -0.921473 0.629696 0.273101 -0.727254 0.082192 0.886497
  19 -17.620533 0.787952 -0.881430 0.649333 0.242539 -0.720792 0.084149 0.890411
  19 -17.620533 0.547887 -0.910905 0.686765 0.008063 -0.726835 0.105675 0.890411
male.bmp
  19 -17.620533 0.807864 -0.921473 0.629696 0.273101 -0.727254 0.082192 0.886497
  19 -17.620534 0.998236 -0.751889 0.577868 0.525142 -0.624736 0.060665 0.890411
  19 -17.620533 0.787952 -0.881430 0.649333 0.242539 -0.720792 0.084149 0.890411
male.bmp
  19 -17.620533 0.807864 -0.921473 0.629696 0.273101 -0.727254 0.082192 0.886497
  19 -17.630533 1.028148 -0.791954 0.577868 0.525142 -0.624736 0.058708 0.884540
  19 -17.620534 0.998236 -0.751889 0.577868 0.525142 -0.624736 0.060665 0.890411
male.bmp
  19 -18.000534 1.208607 -0.582349 -0.657526 0.636521 -0.403114 0.031311 0.837573
  19 -18.000534 1.209088 -0.362350 -0.711343 0.702607 -0.018300 0.011742 0.827789
  19 -18.000534 1.289044 -0.382525 -0.605083 0.795912 -0.019961 0.011742 0.835616
male.bmp
  19 -18.000534 1.208607 -0.582349 -0.657526 0.636521 -0.403114 0.031311 0.837573
  19 -18.000534 1.148672 -0.552218 -0.686077 0.640481 -0.345083 0.031311 0.827789
  19 -18.000534 1.209088 -0.362350 -0.711343 0.702607 -0.018300 0.011742 0.827789
male.bmp
  19 -18.000534 1.208607 -0.582349 -0.657526 0.636521 -0.403114 0.031311 0.837573
  19 -18.000534 0.998345 -0.701890 -0.652830 0.468839 -0.594981 0.050881 0.829746
  19 -18.000534 1.148672 -0.552218 -0.686077 0.640481 -0.345083 0.031311 0.827789
male.bmp
  19 -18.000534 1.208607 -0.582349 -0.657526 0.636521 -0.403114 0.031311 0.837573
  19 -18.000534 1.048235 -0.751999 -0.699800 0.462890 -0.544071 0.050881 0.837573
  19 -18.000534 0.998345 -0.701890 -0.652830 0.468839 -0.594981 0.050881 0.829746
male.bmp
  18 -15.963664 -1.122147 0.124541 -0.098190 -0.986803 -0.128760 0.072407 0.107632
  18 -15.916576 -0.927654 -0.303776 -0.084995 -0.852962 -0.515006 0.099804 0.111546
  18 -14.035031 -1.270516 -0.276657 -0.080743 -0.913675 -0.398344 0.080235 0.221135
male.bmp
  18 -15.963664 -1.122147 0.124541 -0.098190 -0.986803 -0.128760 0.072407 0.107632
  19 -17.400533 -0.970513 -0.177583 -0.034172 -0.885854 -0.462704 0.086106 0.019569
  18 -15.916576 -0.927654 -0.303776 -0.084995 -0.852962 -0.515006 0.099804 0.111546
male.bmp
  18 -15.963664 -1.122147 0.124541 -0.098190 -0.986803 -0.128760 0.072407 0.107632
  19 -17.410533 -1.049944 0.082592 -0.054025 -0.998444 -0.013816 0.068493 0.017613
  19 -17.400533 -0.970513 -0.177583 -0.034172 -0.885854 -0.462704 0.086106 0.019569
male.bmp
  18 -15.963664 -1.122147 0.124541 -0.098190 -0.986803 -0.128760 0.072407 0.107632
  19 -17.470534 -0.999485 0.292482 -0.076145 -0.899614 0.429996 0.056751 0.015656
  19 -17.410533 -1.049944 0.082592 -0.054025 -0.998444 -0.013816 0.068493 0.017613
male.bmp
  13 22.656960 2.396397 -0.456582 -0.382251 0.882140 -0.275161 0.878669 0.825832
  13 21.928661 2.030498 -0.473846 -0.426788 0.787934 -0.443859 0.872798 0.970646
  13 21.967705 2.076449 -0.308728 -0.335030 0.834364 0.437712 0.894325 0.966732
male.bmp
  13 21.967705 2.076449 -0.308728 -0.335030 0.834364 0.437712 0.894325 0.966732
  13 21.928661 2.030498 -0.473846 -0.426788 0.787934 -0.443859 0.872798 0.970646
  12 21.896484 2.049120 -0.293961 -0.290929 0.871855 0.393990 0.892368 0.986301
male.bmp
  13 21.928661 2.030498 -0.473846 -0.426788 0.787934 -0.443859 0.872798 0.970646
  12 21.870716 1.979472 -0.483923 -0.442493 0.736444 -0.511713 0.872798 0.988258
  12 21.896484 2.049120 -0.293961 -0.290929 0.871855 0.393990 0.892368 0.986301
male.bmp
  5 24.374442 1.173622 0.085681 0.383571 -0.849992 0.361092 0.968689 0.706458
  4 23.717416 1.125035 0.236897 0.165771 -0.468487 0.867778 0.949119 0.818004
  4 23.732184 0.992220 0.067657 0.257614 -0.926753 0.273430 0.972603 0.829746
male.bmp
  4 23.732184 0.992220 0.067657 0.257614 -0.926753 0.273430 0.972603 0.829746
  4 23.717416 1.125035 0.236897 0.165771 -0.468487 0.867778 0.949119 0.818004
  4 22.657867 0.873352 0.287005 0.332554 -0.346133 0.877268 0.951076 0.964775
male.bmp
  4 23.717416 1.125035 0.236897 0.165771 -0.468487 0.867778 0.949119 0.818004
  4 22.618341 1.068846 0.291447 0.027933 0.380554 0.924337 0.919765 0.964775
  4 22.657867 0.873352 0.287005 0.332554 -0.346133 0.877268 0.951076 0.964775
male.bmp
  17 20.754537 -3.112911 -0.509070 0.984740 0.094241 -0.146309 0.606654 0.962818
  17 20.791719 -3.690223 -0.541128 0.981901 -0.185060 -0.040298 0.626223 0.898239
  17 20.695959 -3.636426 -0.753815 0.700547 -0.082067 -0.708872 0.653620 0.900196
male.bmp
  17 20.695959 -3.636426 -0.753815 0.700547 -0.082067 -0.708872 0.653620 0.900196
  17 20.791719 -3.690223 -0.541128 0.981901 -0.185060 -0.040298 0.626223 0.898239
  17 20.572168 -3.939860 -0.764016 0.309472 -0.577321 -0.755597 0.679061 0.864971
male.bmp
  17 20.791719 -3.690223 -0.541128 0.981901 -0.185060 -0.040298 0.626223 0.898239
  17 20.645400 -4.021588 -0.554833 0.568136 -0.818729 -0.083093 0.653620 0.859100
  17 20.572168 -3.939860 -0.764016 0.309472 -0.577321 -0.755597 0.679061 0.864971
male.bmp
  11 24.392982 -1.449902 0.238270 0.984644 -0.166972 -0.050959 0.925636 0.365949
  11 24.186638 -1.352385 -0.057217 0.493962 0.364230 -0.789518 0.941292 0.395303
  11 24.362573 -1.304474 0.199203 0.899216 0.382687 -0.212043 0.949119 0.369863
male.bmp
  11 24.362573 -1.304474 0.199203 0.899216 0.382687 -0.212043 0.949119 0.369863
  11 24.186638 -1.352385 -0.057217 0.493962 0.364230 -0.789518 0.941292 0.395303
  11 24.249459 -1.213029 0.166911 0.468351 0.840108 -0.273618 0.962818 0.391389
male.bmp
  11 24.186638 -1.352385 -0.057217 0.493962 0.364230 -0.789518 0.941292 0.395303
  10 23.640640 -1.007637 0.157230 0.271227 0.934288 -0.231389 0.970646 0.524462
  11 24.249459 -1.213029 0.166911 0.468351 0.840108 -0.273618 0.962818 0.391389
male.bmp
  5 24.514020 1.429245 0.056102 0.978011 0.205061 0.038015 0.925636 0.365949
  5 24.344951 1.427558 -0.228877 0.345989 0.507897 -0.788880 0.941292 0.395303
  5 24.452444 1.539522 0.011974 0.702786 0.694653 -0.153453 0.949119 0.369863
male.bmp
  5 24.452444 1.539522 0.011974 0.702786 0.694653 -0.153453 0.949119 0.369863
  5 24.344951 1.427558 -0.228877 0.345989 0.507897 -0.788880 0.941292 0.395303
  5 24.326321 1.580757 -0.023980 0.088683 0.950460 -0.297929 0.962818 0.391389
male.bmp
  5 24.344951 1.427558 -0.228877 0.345989 0.507897 -0.788880 0.941292 0.395303
  4 23.555181 1.452694 -0.071030 -0.186584 0.923463 -0.335265 0.970646 0.524462
  5 24.326321 1.580757 -0.023980 0.088683 0.950460 -0.297929 0.962818 0.391389
male.bmp
  8 24.987030 -0.026784 0.401817 0.662903 0.220885 0.715380 0.925636 0.681018
  8 24.556664 -0.032219 0.355388 0.012876 0.261662 0.965074 0.921722 0.751468
  8 24.942664 -0.240365 0.381455 0.365493 -0.509086 0.779260 0.956947 0.688845
male.bmp
  8 24.942664 -0.240365 0.381455 0.365493 -0.509086 0.779260 0.956947 0.688845
  8 24.556664 -0.032219 0.355388 0.012876 0.261662 0.965074 0.921722 0.751468
  8 24.593011 -0.212998 0.345490 0.002568 -0.338054 0.941123 0.949119 0.747554
male.bmp
  8 24.556664 -0.032219 0.355388 0.012876 0.261662 0.965074 0.921722 0.751468
  7 24.152836 -0.036442 0.400626 0.033997 0.251445 0.967274 0.921722 0.814090
  8 24.593011 -0.212998 0.345490 0.002568 -0.338054 0.941123 0.949119 0.747554
male.bmp
  17 20.645400 -4.021588 -0.554833 0.568136 -0.818729 -0.083093 0.772994 0.845401
  17 20.791719 -3.690223 -0.541128 0.981901 -0.185060 -0.040298 0.812133 0.886497
  17 20.616282 -3.947347 -0.331583 0.508801 -0.620507 0.596735 0.759295 0.866928
male.bmp
  17 20.616282 -3.947347 -0.331583 0.508801 -0.620507 0.596735 0.759295 0.866928
  17 20.791719 -3.690223 -0.541128 0.981901 -0.185060 -0.040298 0.812133 0.886497
  17 20.714516 -3.662418 -0.323490 0.817692 -0.154830 0.554443 0.786693 0.902153
male.bmp
  17 20.791719 -3.690223 -0.541128 0.981901 -0.185060 -0.040298 0.812133 0.886497
  17 20.754537 -3.112911 -0.509070 0.984740 0.094241 -0.146309 0.835616 0.951076
  17 20.714516 -3.662418 -0.323490 0.817692 -0.154830 0.554443 0.786693 0.902153
male.bmp
  11 24.333814 -1.417355 0.395241 0.715804 0.020247 0.698008 0.925636 0.681018
  11 24.232991 -1.562606 0.383531 0.262578 -0.604204 0.752324 0.956947 0.688845
  11 24.341687 -1.434204 0.357108 0.931102 -0.215579 0.294235 0.923679 0.671233
male.bmp
  11 24.341687 -1.434204 0.357108 0.931102 -0.215579 0.294235 0.923679 0.671233
  11 24.232991 -1.562606 0.383531 0.262578 -0.604204 0.752324 0.956947 0.688845
  11 24.292007 -1.587451 0.286063 0.630745 -0.771637 0.082081 0.956947 0.673190
male.bmp
  11 24.232991 -1.562606 0.383531 0.262578 -0.604204 0.752324 0.956947 0.688845
  11 24.140773 -1.628705 0.280931 0.005222 -0.964447 0.264223 0.968689 0.706458
  11 24.292007 -1.587451 0.286063 0.630745 -0.771637 0.082081 0.956947 0.673190
male.bmp
  8 24.889854 -0.310647 -0.003865 0.451824 -0.800081 -0.394621 0.904110 0.393346
  8 24.229354 -0.313122 -0.090663 0.044801 -0.763874 -0.643809 0.908023 0.518591
  8 24.721805 -0.184657 -0.153819 0.191698 -0.277065 -0.941534 0.923679 0.414873
male.bmp
  8 24.721805 -0.184657 -0.153819 0.191698 -0.277065 -0.941534 0.923679 0.414873
  8 24.229354 -0.313122 -0.090663 0.044801 -0.763874 -0.643809 0.908023 0.518591
  8 24.244639 -0.035084 -0.172279 0.017227 0.284258 -0.958593 0.941292 0.510763
male.bmp
  8 24.229354 -0.313122 -0.090663 0.044801 -0.763874 -0.643809 0.908023 0.518591
  7 24.022536 -0.055776 -0.171430 0.009089 0.217182 -0.976089 0.943249 0.534247
  8 24.244639 -0.035084 -0.172279 0.017227 0.284258 -0.958593 0.941292 0.510763
male.bmp
  2 20.774290 1.229189 0.171079 0.037016 0.610121 0.791443 0.769080 0.299413
  2 21.062853 1.481506 -0.058850 -0.043303 0.539370 0.840955 0.741683 0.318982
  2 20.621371 1.595317 -0.182710 -0.183982 0.866944 0.463205 0.780822 0.332681
male.bmp
  2 20.621371 1.595317 -0.182710 -0.183982 0.866944 0.463205 0.780822 0.332681
  2 21.062853 1.481506 -0.058850 -0.043303 0.539370 0.840955 0.741683 0.318982
  2 20.973178 1.702985 -0.194518 -0.264116 0.817412 0.511938 0.747554 0.340509
male.bmp
  2 21.062853 1.481506 -0.058850 -0.043303 0.539370 0.840955 0.741683 0.318982
  12 21.840815 2.075779 -0.262493 0.084904 0.920885 0.380476 0.667319 0.369863
  2 20.973178 1.702985 -0.194518 -0.264116 0.817412 0.511938 0.747554 0.340509
male.bmp
  15 18.972863 -1.243910 -0.490930 -0.546948 -0.428727 -0.719056 0.849315 0.587084
  15 19.720160 -1.331424 -0.970188 -0.076720 0.034758 -0.996447 0.790607 0.620352
  15 19.274091 -1.848156 -0.553764 -0.756864 -0.450189 -0.473801 0.845401 0.647750
male.bmp
  15 19.274091 -1.848156 -0.553764 -0.756864 -0.450189 -0.473801 0.845401 0.647750
  15 19.720160 -1.331424 -0.970188 -0.076720 0.034758 -0.996447 0.790607 0.620352
  15 19.897849 -1.791322 -0.918997 -0.025724 -0.131167 -0.991026 0.792564 0.663405
male.bmp
  15 19.720160 -1.331424 -0.970188 -0.076720 0.034758 -0.996447 0.790607 0.620352
  15 20.498138 -1.659672 -0.636117 0.686239 0.111717 -0.718746 0.737769 0.673190
  15 19.897849 -1.791322 -0.918997 -0.025724 -0.131167 -0.991026 0.792564 0.663405
male.bmp
  15 18.967337 -1.323766 0.164580 -0.406466 -0.732194 0.546513 0.953033 0.074364
  2 19.159223 -0.832618 0.655239 -0.083672 -0.325813 0.941724 0.927593 0.119374
  2 18.627227 -0.902650 0.636635 0.787148 -0.323512 0.525107 0.976517 0.115460
male.bmp
  2 18.627227 -0.902650 0.636635 0.787148 -0.323512 0.525107 0.976517 0.115460
  2 19.159223 -0.832618 0.655239 -0.083672 -0.325813 0.941724 0.927593 0.119374
  2 19.063971 -0.121282 0.729592 0.011709 0.065658 0.997773 0.931507 0.183953
male.bmp
  2 19.159223 -0.832618 0.655239 -0.083672 -0.325813 0.941724 0.927593 0.119374
  2 20.132371 -0.764214 0.708184 0.000318 -0.151334 0.988483 0.839530 0.119374
  2 19.063971 -0.121282 0.729592 0.011709 0.065658 0.997773 0.931507 0.183953
male.bmp
  12 22.093849 1.586091 -0.315213 0.979420 0.180495 -0.090322 0.493151 0.479452
  12 22.094088 1.542899 -0.303621 0.899100 -0.418782 0.127436 0.495108 0.481409
  12 22.009320 1.612980 -0.627354 0.898667 0.102715 -0.426435 0.500978 0.455969
male.bmp
  12 22.009320 1.612980 -0.627354 0.898667 0.102715 -0.426435 0.500978 0.455969
  12 22.094088 1.542899 -0.303621 0.899100 -0.418782 0.127436 0.495108 0.481409
  12 21.985672 1.562426 -0.677204 0.661766 -0.319430 -0.678255 0.506849 0.457926
male.bmp
  12 22.094088 1.542899 -0.303621 0.899100 -0.418782 0.127436 0.495108 0.481409
  12 21.331179 1.142862 -0.691487 0.459984 -0.428136 -0.777891 0.575342 0.469667
  12 21.985672 1.562426 -0.677204 0.661766 -0.319430 -0.678255 0.506849 0.457926
male.bmp
  3 22.446162 1.203678 -0.038750 0.895963 0.417852 -0.150501 0.479452 0.497065
  3 22.432651 0.988795 -0.240350 0.988518 0.110937 -0.102592 0.485323 0.518591
  3 22.432847 0.988674 -0.313151 0.568776 0.280605 -0.773146 0.489237 0.518591
male.bmp
  3 22.432847 0.988674 -0.313151 0.568776 0.280605 -0.773146 0.489237 0.518591
  3 22.432651 0.988795 -0.240350 0.988518 0.110937 -0.102592 0.485323 0.518591
  3 22.506871 0.640350 -0.210726 0.604865 -0.533311 -0.591370 0.497065 0.549902
male.bmp
  3 22.432651 0.988795 -0.240350 0.988518 0.110937 -0.102592 0.485323 0.518591
  3 22.530882 0.703960 -0.164064 0.918539 -0.010543 -0.395190 0.491194 0.545988
  3 22.506871 0.640350 -0.210726 0.604865 -0.533311 -0.591370 0.497065 0.549902
male.bmp
  3 21.486281 0.311947 0.269219 0.676875 0.416203 0.607136 0.702544 0.215264
  2 21.394874 0.429868 0.345894 0.321737 0.109255 0.940504 0.718200 0.223092
  2 21.454840 0.263623 0.455743 0.285011 0.653986 0.700765 0.712329 0.207436
male.bmp
  2 21.454840 0.263623 0.455743 0.285011 0.653986 0.700765 0.712329 0.207436
  2 21.394874 0.429868 0.345894 0.321737 0.109255 0.940504 0.718200 0.223092
  2 20.799264 0.156791 0.706558 0.117694 0.202235 0.972239 0.772994 0.199609
male.bmp
  2 21.394874 0.429868 0.345894 0.321737 0.109255 0.940504 0.718200 0.223092
  2 20.813969 0.704213 0.512877 0.141384 0.404733 0.903439 0.769080 0.250489
  2 20.799264 0.156791 0.706558 0.117694 0.202235 0.972239 0.772994 0.199609
male.bmp
  2 17.807227 -0.222649 0.946635 -0.847940 0.007538 0.530038 0.704501 0.710372
  2 17.817227 -0.222649 0.896635 -0.852486 -0.022400 -0.522270 0.700587 0.710372
  2 17.837227 -1.002650 0.746637 -0.907342 0.215472 -0.360974 0.692759 0.759295
male.bmp
  2 17.837227 -1.002650 0.746637 -0.907342 0.215472 -0.360974 0.692759 0.759295
  2 17.817227 -0.222649 0.896635 -0.852486 -0.022400 -0.522270 0.700587 0.710372
  2 18.017227 -0.872650 0.636636 -0.664484 0.337020 -0.666993 0.684932 0.751468
male.bmp
  2 17.817227 -0.222649 0.896635 -0.852486 -0.022400 -0.522270 0.700587 0.710372
  2 17.997227 -0.212650 0.776635 -0.589990 -0.036521 -0.806584 0.694716 0.710372
  2 18.017227 -0.872650 0.636636 -0.664484 0.337020 -0.666993 0.684932 0.751468
male.bmp
  2 18.157224 -0.332653 -0.723365 -0.798551 0.072361 0.597562 0.712329 0.716243
  2 17.957224 0.347346 -0.803367 -0.568217 -0.088321 0.818125 0.704501 0.769080
  2 17.817224 -0.272654 -0.893365 -0.699070 -0.475626 0.533929 0.724070 0.718200
male.bmp
  2 17.817224 -0.272654 -0.893365 -0.699070 -0.475626 0.533929 0.724070 0.718200
  2 17.957224 0.347346 -0.803367 -0.568217 -0.088321 0.818125 0.704501 0.769080
  2 17.797224 0.347346 -0.913366 -0.837596 -0.069762 0.541818 0.714286 0.767123
male.bmp
  2 17.957224 0.347346 -0.803367 -0.568217 -0.088321 0.818125 0.704501 0.769080
  2 17.787224 0.597346 -0.873367 -0.858120 -0.215226 0.466163 0.706458 0.784736
  2 17.797224 0.347346 -0.913366 -0.837596 -0.069762 0.541818 0.714286 0.767123
male.bmp
  2 18.427224 -0.382654 -0.983366 0.000012 0.824274 -0.566192 0.412916 0.904110
  2 18.387224 -0.392654 -1.003366 0.000012 0.824274 -0.566192 0.389432 0.917808
  2 18.427224 -0.362654 -0.953366 0.000012 0.824274 -0.566192 0.412916 0.876712
male.bmp
  2 18.427224 -0.362654 -0.953366 0.000012 0.824274 -0.566192 0.412916 0.876712
  2 18.387224 -0.392654 -1.003366 0.000012 0.824274 -0.566192 0.389432 0.917808
  2 18.347224 -0.362654 -0.953366 0.000012 0.824274 -0.566192 0.365949 0.876712
male.bmp
  2 18.387224 -0.392654 -1.003366 0.000012 0.824274 -0.566192 0.389432 0.917808
  2 18.347224 -0.382654 -0.983366 0.000012 0.824274 -0.566192 0.365949 0.904110
  2 18.347224 -0.362654 -0.953366 0.000012 0.824274 -0.566192 0.365949 0.876712
male.bmp
  2 18.217224 0.837347 -0.753368 -0.577853 0.525141 -0.624750 0.060665 0.890411
  2 18.217224 0.647346 -0.923368 -0.629679 0.273101 -0.727269 0.082192 0.886497
  2 18.217224 0.617346 -0.873368 -0.649316 0.242539 -0.720807 0.084149 0.890411
male.bmp
  2 18.217224 0.617346 -0.873368 -0.649316 0.242539 -0.720807 0.084149 0.890411
  2 18.217224 0.647346 -0.923368 -0.629679 0.273101 -0.727269 0.082192 0.886497
  2 18.227224 0.387346 -0.913367 -0.686749 0.008064 -0.726850 0.105675 0.890411
male.bmp
  2 18.217224 0.647346 -0.923368 -0.629679 0.273101 -0.727269 0.082192 0.886497
  2 18.217224 0.397346 -0.963367 -0.686749 0.008064 -0.726850 0.105675 0.886497
  2 18.227224 0.387346 -0.913367 -0.686749 0.008064 -0.726850 0.105675 0.890411
male.bmp
  2 18.587224 -0.392654 -0.893366 -0.062892 -0.405242 -0.912044 0.530333 0.383562
  2 18.217224 -0.412654 -0.853365 -0.062892 -0.405242 -0.912044 0.538160 0.328767
  2 18.497223 0.177346 -1.143367 -0.062892 -0.405242 -0.912044 0.612524 0.381605
male.bmp
  2 18.497223 0.177346 -1.143367 -0.062892 -0.405242 -0.912044 0.612524 0.381605
  2 18.217224 -0.412654 -0.853365 -0.062892 -0.405242 -0.912044 0.538160 0.328767
  2 18.287223 0.247346 -1.153367 -0.062892 -0.405242 -0.912044 0.620352 0.360078
male.bmp
  2 18.217224 -0.412654 -0.853365 -0.062892 -0.405242 -0.912044 0.538160 0.328767
  2 18.127224 0.147346 -1.083366 -0.162034 -0.394209 -0.904624 0.614481 0.334638
  2 18.287223 0.247346 -1.153367 -0.062892 -0.405242 -0.912044 0.620352 0.360078
male.bmp
  1 5.640782 -2.429913 0.757537 0.144506 -0.889131 0.434240 0.467710 0.679061
  1 9.030783 -1.749913 0.717619 0.275815 -0.863086 0.423093 0.467710 0.532290
  1 5.540762 -1.559912 1.587534 0.072372 -0.401899 0.912819 0.428571 0.677104
male.bmp
  1 5.540762 -1.559912 1.587534 0.072372 -0.401899 0.912819 0.428571 0.677104
  1 9.030783 -1.749913 0.717619 0.275815 -0.863086 0.423093 0.467710 0.532290
  1 8.930767 -1.059912 1.407615 0.178487 -0.418984 0.890278 0.430528 0.530333
male.bmp
  1 9.030783 -1.749913 0.717619 0.275815 -0.863086 0.423093 0.467710 0.532290
  1 9.490784 -1.549913 0.677629 0.144506 -0.889131 0.434240 0.467710 0.504892
  1 8.930767 -1.059912 1.407615 0.178487 -0.418984 0.890278 0.430528 0.530333
male.bmp
  31 -22.529980 2.466599 -0.286886 -0.250791 -0.151461 0.956119 0.949119 0.747554
  30 -22.244845 2.318819 -0.218998 -0.267833 -0.354698 0.895799 0.949119 0.818004
  30 -22.215649 2.469697 -0.209871 0.029798 0.349045 0.936632 0.921722 0.814090
male.bmp
  30 -22.215649 2.469697 -0.209871 0.029798 0.349045 0.936632 0.921722 0.814090
  30 -22.244845 2.318819 -0.218998 -0.267833 -0.354698 0.895799 0.949119 0.818004
  30 -21.468851 2.100268 -0.206029 0.135932 0.273779 0.952138 0.919765 0.964775
male.bmp
  30 -22.244845 2.318819 -0.218998 -0.267833 -0.354698 0.895799 0.949119 0.818004
  30 -21.515216 1.963588 -0.197731 -0.225554 -0.189144 0.955693 0.951076 0.964775
  30 -21.468851 2.100268 -0.206029 0.135932 0.273779 0.952138 0.919765 0.964775
male.bmp
  30 -22.051978 2.566513 -0.460348 0.382259 0.882139 -0.275151 0.878669 0.825832
  30 -21.366906 2.240674 -0.300333 0.335016 0.834365 0.437721 0.894325 0.966732
  30 -21.337110 2.196489 -0.476003 0.426798 0.787935 -0.443849 0.872798 0.970646
male.bmp
  30 -21.337110 2.196489 -0.476003 0.426798 0.787935 -0.443849 0.872798 0.970646
  30 -21.366906 2.240674 -0.300333 0.335016 0.834365 0.437721 0.894325 0.966732
  29 -21.286519 2.217801 -0.297373 0.290911 0.871859 0.393995 0.892368 0.986301
male.bmp
  30 -21.366906 2.240674 -0.300333 0.335016 0.834365 0.437721 0.894325 0.966732
  29 -21.392771 2.044346 -0.203971 0.102933 0.284196 0.953225 0.919765 0.982387
  29 -21.286519 2.217801 -0.297373 0.290911 0.871859 0.393995 0.892368 0.986301
male.bmp
  25 -24.256108 -0.153322 0.257237 -0.158834 -0.943181 0.291857 0.968689 0.706458
  25 -23.997927 -0.042507 0.341869 -0.002591 -0.338054 0.941123 0.949119 0.747554
  25 -24.337778 -0.076546 0.379857 -0.365511 -0.509086 0.779252 0.956947 0.688845
male.bmp
  25 -24.337778 -0.076546 0.379857 -0.365511 -0.509086 0.779252 0.956947 0.688845
  25 -23.997927 -0.042507 0.341869 -0.002591 -0.338054 0.941123 0.949119 0.747554
  25 -23.960245 0.140783 0.361483 -0.012898 0.261661 0.965074 0.921722 0.751468
male.bmp
  25 -23.997927 -0.042507 0.341869 -0.002591 -0.338054 0.941123 0.949119 0.747554
  24 -23.563147 0.133360 0.402161 -0.034019 0.251443 0.967274 0.921722 0.814090
  25 -23.960245 0.140783 0.361483 -0.012898 0.261661 0.965074 0.921722 0.751468
male.bmp
  24 -23.577170 0.354637 0.055982 -0.036523 0.960466 -0.275992 0.878669 0.825832
  24 -22.419452 0.340391 0.252162 0.021633 0.864563 0.502058 0.894325 0.966732
  24 -22.407617 0.367697 0.024755 -0.017336 0.941918 -0.335395 0.872798 0.970646
male.bmp
  24 -22.407617 0.367697 0.024755 -0.017336 0.941918 -0.335395 0.872798 0.970646
  24 -22.419452 0.340391 0.252162 0.021633 0.864563 0.502058 0.894325 0.966732
  23 -22.331398 0.334483 0.235030 0.052484 0.890421 0.452102 0.892368 0.986301
male.bmp
  24 -22.419452 0.340391 0.252162 0.021633 0.864563 0.502058 0.894325 0.966732
  23 -22.346766 0.168083 0.378470 0.103197 0.323686 0.940520 0.919765 0.982387
  23 -22.331398 0.334483 0.235030 0.052484 0.890421 0.452102 0.892368 0.986301
male.bmp
  27 -23.035521 -0.841931 0.153246 -0.271213 0.934291 -0.231395 0.970646 0.524462
  28 -23.591433 -1.188547 -0.052120 -0.493942 0.364232 -0.789529 0.941292 0.395303
  28 -23.654252 -1.049190 0.172008 -0.468348 0.840106 -0.273629 0.962818 0.391389
male.bmp
  28 -23.654252 -1.049190 0.172008 -0.468348 0.840106 -0.273629 0.962818 0.391389
  28 -23.591433 -1.188547 -0.052120 -0.493942 0.364232 -0.789529 0.941292 0.395303
  28 -23.757598 -1.139918 0.194101 -0.899215 0.382678 -0.212063 0.949119 0.369863
male.bmp
  28 -23.591433 -1.188547 -0.052120 -0.493942 0.364232 -0.789529 0.941292 0.395303
  28 -23.790028 -1.275632 0.231916 -0.984642 -0.166975 -0.050983 0.925636 0.365949
  28 -23.757598 -1.139918 0.194101 -0.899215 0.382678 -0.212063 0.949119 0.369863
male.bmp
  28 -23.545591 -1.466150 0.276111 -0.005229 -0.964448 0.264221 0.968689 0.706458
  28 -23.637783 -1.398767 0.388629 -0.262591 -0.604203 0.752319 0.956947 0.688845
  28 -23.687031 -1.422894 0.280960 -0.630750 -0.771634 0.082067 0.956947 0.673190
male.bmp
  28 -23.687031 -1.422894 0.280960 -0.630750 -0.771634 0.082067 0.956947 0.673190
  28 -23.637783 -1.398767 0.388629 -0.262591 -0.604203 0.752319 0.956947 0.688845
  28 -23.736711 -1.269648 0.352005 -0.931108 -0.215580 0.294215 0.923679 0.671233
male.bmp
  28 -23.637783 -1.398767 0.388629 -0.262591 -0.604203 0.752319 0.956947 0.688845
  28 -23.738630 -1.254800 0.390422 -0.715819 0.020244 0.697993 0.925636 0.681018
  28 -23.736711 -1.269648 0.352005 -0.931108 -0.215580 0.294215 0.923679 0.671233
male.bmp
  21 -22.955129 1.620244 -0.063096 0.186592 0.923463 -0.335261 0.970646 0.524462
  22 -23.745669 1.596688 -0.224384 -0.345972 0.507899 -0.788886 0.941292 0.395303
  22 -23.729745 1.737811 -0.026317 -0.088679 0.950460 -0.297930 0.962818 0.391389
male.bmp
  22 -23.729745 1.737811 -0.026317 -0.088679 0.950460 -0.297930 0.962818 0.391389
  22 -23.745669 1.596688 -0.224384 -0.345972 0.507899 -0.788886 0.941292 0.395303
  22 -23.853371 1.705922 0.006848 -0.702781 0.694656 -0.153468 0.949119 0.369863
male.bmp
  22 -23.745669 1.596688 -0.224384 -0.345972 0.507899 -0.788886 0.941292 0.395303
  22 -23.915018 1.595683 0.050970 -0.978010 0.205070 0.037995 0.925636 0.365949
  22 -23.853371 1.705922 0.006848 -0.702781 0.694656 -0.153468 0.949119 0.369863
male.bmp
  34 -20.157907 -2.954951 -0.514969 -0.984735 0.094251 -0.146331 0.835616 0.951076
  34 -20.194442 -3.521149 -0.547910 -0.981900 -0.185058 -0.040323 0.812133 0.886497
  34 -20.113771 -3.489360 -0.318604 -0.817705 -0.154829 0.554425 0.786693 0.902153
male.bmp
  34 -20.113771 -3.489360 -0.318604 -0.817705 -0.154829 0.554425 0.786693 0.902153
  34 -20.194442 -3.521149 -0.547910 -0.981900 -0.185058 -0.040323 0.812133 0.886497
  34 -20.024318 -3.779252 -0.334743 -0.508815 -0.620507 0.596723 0.759295 0.866928
male.bmp
  34 -20.194442 -3.521149 -0.547910 -0.981900 -0.185058 -0.040323 0.812133 0.886497
  34 -20.056459 -3.858325 -0.561049 -0.568136 -0.818727 -0.083108 0.772994 0.845401
  34 -20.024318 -3.779252 -0.334743 -0.508815 -0.620507 0.596723 0.759295 0.866928
male.bmp
  33 -19.554096 -2.960273 -0.633422 0.839382 -0.136146 -0.526215 0.690802 0.986301
  34 -19.681319 -3.429769 -0.708392 0.802858 -0.198097 -0.562295 0.696673 0.919765
  33 -19.719229 -2.858707 -0.781798 0.266827 0.046035 -0.962644 0.661448 0.990215
male.bmp
  33 -19.719229 -2.858707 -0.781798 0.266827 0.046035 -0.962644 0.661448 0.990215
  34 -19.681319 -3.429769 -0.708392 0.802858 -0.198097 -0.562295 0.696673 0.919765
  34 -19.867036 -3.370915 -0.843097 0.099573 -0.028878 -0.994611 0.665362 0.917808
male.bmp
  34 -19.681319 -3.429769 -0.708392 0.802858 -0.198097 -0.562295 0.696673 0.919765
  34 -19.786641 -3.775872 -0.726276 0.533752 -0.563859 -0.630216 0.694716 0.876712
  34 -19.867036 -3.370915 -0.843097 0.099573 -0.028878 -0.994611 0.665362 0.917808
male.bmp
  30 -22.177558 2.174917 -0.586374 -0.448382 -0.677764 -0.582743 0.904110 0.542074
  30 -21.458175 1.813451 -0.604554 -0.484258 -0.580807 -0.654337 0.908023 0.634051
  30 -21.552804 1.793697 -0.325887 -0.519009 -0.796949 0.309035 0.888454 0.628180
male.bmp
  30 -21.552804 1.793697 -0.325887 -0.519009 -0.796949 0.309035 0.888454 0.628180
  30 -21.458175 1.813451 -0.604554 -0.484258 -0.580807 -0.654337 0.908023 0.634051
  29 -21.492794 1.759252 -0.319370 -0.574215 -0.774582 0.265141 0.882583 0.643836
male.bmp
  30 -21.458175 1.813451 -0.604554 -0.484258 -0.580807 -0.654337 0.908023 0.634051
  29 -21.412287 1.780170 -0.619339 -0.539777 -0.416034 -0.731817 0.906067 0.645793
  29 -21.492794 1.759252 -0.319370 -0.574215 -0.774582 0.265141 0.882583 0.643836
male.bmp
  24 -23.427691 -0.176732 -0.095025 -0.057196 -0.773090 -0.631712 0.904110 0.542074
  24 -22.306993 -0.165244 -0.092925 0.034829 -0.728061 -0.684627 0.908023 0.634051
  24 -22.406253 -0.249215 0.195685 -0.059425 -0.955240 0.289802 0.888454 0.628180
male.bmp
  24 -22.406253 -0.249215 0.195685 -0.059425 -0.955240 0.289802 0.888454 0.628180
  24 -22.306993 -0.165244 -0.092925 0.034829 -0.728061 -0.684627 0.908023 0.634051
  23 -22.293289 -0.253102 0.221168 -0.142100 -0.932630 0.331677 0.882583 0.643836
male.bmp
  24 -22.306993 -0.165244 -0.092925 0.034829 -0.728061 -0.684627 0.908023 0.634051
  23 -22.249582 -0.156650 -0.089616 0.063015 -0.677512 -0.732808 0.906067 0.645793
  23 -22.293289 -0.253102 0.221168 -0.142100 -0.932630 0.331677 0.882583 0.643836
male.bmp
  30 -22.083308 2.370854 -0.664641 0.057548 0.227817 -0.972002 0.943249 0.534247
  31 -22.273064 2.247598 -0.569786 -0.383569 -0.726900 -0.569642 0.908023 0.518591
  31 -22.190958 2.435608 -0.657026 0.118645 0.247049 -0.961712 0.941292 0.510763
male.bmp
  31 -22.190958 2.435608 -0.657026 0.118645 0.247049 -0.961712 0.941292 0.510763
  31 -22.273064 2.247598 -0.569786 -0.383569 -0.726900 -0.569642 0.908023 0.518591
  31 -22.539509 2.473556 -0.676323 -0.180000 -0.288627 -0.940369 0.923679 0.414873
male.bmp
  31 -22.273064 2.247598 -0.569786 -0.383569 -0.726900 -0.569642 0.908023 0.518591
  31 -22.734104 2.455543 -0.570455 -0.700400 -0.572919 -0.425681 0.904110 0.393346
  31 -22.539509 2.473556 -0.676323 -0.180000 -0.288627 -0.940369 0.923679 0.414873
male.bmp
  24 -23.423166 0.111170 -0.179829 -0.009066 0.217184 -0.976089 0.943249 0.534247
  25 -23.634125 -0.142671 -0.083825 -0.044787 -0.763873 -0.643811 0.908023 0.518591
  25 -23.646887 0.132683 -0.175025 -0.017205 0.284259 -0.958593 0.941292 0.510763
male.bmp
  25 -23.646887 0.132683 -0.175025 -0.017205 0.284259 -0.958593 0.941292 0.510763
  25 -23.634125 -0.142671 -0.083825 -0.044787 -0.763873 -0.643811 0.908023 0.518591
  25 -24.125184 -0.022650 -0.154932 -0.191677 -0.277063 -0.941539 0.923679 0.414873
male.bmp
  25 -23.634125 -0.142671 -0.083825 -0.044787 -0.763873 -0.643811 0.908023 0.518591
  25 -24.284694 -0.144378 0.004249 -0.451812 -0.800083 -0.394630 0.904110 0.393346
  25 -24.125184 -0.022650 -0.154932 -0.191677 -0.277063 -0.941539 0.923679 0.414873
male.bmp
  34 -20.056459 -3.858325 -0.561049 -0.568136 -0.818727 -0.083108 0.653620 0.859100
  34 -20.194442 -3.521149 -0.547910 -0.981900 -0.185058 -0.040323 0.626223 0.898239
  34 -19.975897 -3.775522 -0.759174 -0.309457 -0.577319 -0.755605 0.679061 0.864971
male.bmp
  34 -19.975897 -3.775522 -0.759174 -0.309457 -0.577319 -0.755605 0.679061 0.864971
  34 -20.194442 -3.521149 -0.547910 -0.981900 -0.185058 -0.040323 0.626223 0.898239
  34 -20.103481 -3.472432 -0.751510 -0.700531 -0.082065 -0.708888 0.653620 0.900196
male.bmp
  34 -20.194442 -3.521149 -0.547910 -0.981900 -0.185058 -0.040323 0.626223 0.898239
  34 -20.157907 -2.954951 -0.514969 -0.984735 0.094251 -0.146331 0.606654 0.962818
  34 -20.103481 -3.472432 -0.751510 -0.700531 -0.082065 -0.708888 0.653620 0.900196
male.bmp
  20 -21.846721 1.369590 -0.045279 0.178623 0.916760 -0.357273 0.872798 0.988258
  21 -21.920551 1.382706 -0.058262 0.191480 0.905536 -0.378603 0.872798 0.970646
  20 -21.878666 1.364663 0.197939 -0.066811 0.864707 0.497814 0.892368 0.986301
male.bmp
  20 -21.878666 1.364663 0.197939 -0.066811 0.864707 0.497814 0.892368 0.986301
  21 -21.920551 1.382706 -0.058262 0.191480 0.905536 -0.378603 0.872798 0.970646
  21 -21.965314 1.374971 0.163856 0.098349 0.899949 0.424757 0.894325 0.966732
male.bmp
  21 -21.920551 1.382706 -0.058262 0.191480 0.905536 -0.378603 0.872798 0.970646
  21 -22.955129 1.620244 -0.063096 0.186592 0.923463 -0.335261 0.878669 0.825832
  21 -21.965314 1.374971 0.163856 0.098349 0.899949 0.424757 0.894325 0.966732
male.bmp
  32 -19.905751 -1.489487 -0.632973 -0.686223 0.111719 -0.718761 0.737769 0.673190
  32 -19.127362 -1.157305 -0.972333 0.076742 0.034760 -0.996445 0.790607 0.620352
  32 -19.297936 -1.620666 -0.921334 0.025747 -0.131166 -0.991026 0.792564 0.663405
male.bmp
  32 -19.297936 -1.620666 -0.921334 0.025747 -0.131166 -0.991026 0.792564 0.663405
  32 -19.127362 -1.157305 -0.972333 0.076742 0.034760 -0.996445 0.790607 0.620352
  32 -18.676800 -1.675010 -0.561145 0.756874 -0.450187 -0.473786 0.845401 0.647750
male.bmp
  32 -19.127362 -1.157305 -0.972333 0.076742 0.034760 -0.996445 0.790607 0.620352
  32 -18.380734 -1.076936 -0.490060 0.546963 -0.428728 -0.719044 0.849315 0.587084
  32 -18.676800 -1.675010 -0.561145 0.756874 -0.450187 -0.473786 0.845401 0.647750
male.bmp
  19 -20.217344 0.870016 0.513567 -0.141405 0.404732 0.903436 0.769080 0.250489
  19 -20.798249 0.595671 0.346584 -0.321759 0.109253 0.940497 0.718200 0.223092
  19 -20.202639 0.322593 0.707246 -0.117716 0.202234 0.972237 0.772994 0.199609
male.bmp
  19 -20.202639 0.322593 0.707246 -0.117716 0.202234 0.972237 0.772994 0.199609
  19 -20.798249 0.595671 0.346584 -0.321759 0.109253 0.940497 0.718200 0.223092
  19 -20.858312 0.439014 0.453593 -0.285026 0.653982 0.700762 0.712329 0.207436
male.bmp
  19 -20.798249 0.595671 0.346584 -0.321759 0.109253 0.940497 0.718200 0.223092
  20 -20.897056 0.479947 0.262893 -0.676887 0.416201 0.607125 0.702544 0.215264
  19 -20.858312 0.439014 0.453593 -0.285026 0.653982 0.700762 0.712329 0.207436
male.bmp
  33 -19.462802 -2.057745 -0.859938 0.067856 -0.108715 -0.991754 0.784736 0.772994
  33 -19.592229 -2.525644 -0.855557 0.197123 -0.073264 -0.977637 0.782779 0.724070
  33 -19.947123 -1.862810 -0.694304 -0.660173 0.149295 -0.736127 0.839530 0.776908
male.bmp
  33 -19.947123 -1.862810 -0.694304 -0.660173 0.149295 -0.736127 0.839530 0.776908
  33 -19.592229 -2.525644 -0.855557 0.197123 -0.073264 -0.977637 0.782779 0.724070
  33 -20.017463 -2.383761 -0.707078 -0.617523 0.148233 -0.772459 0.829746 0.724070
male.bmp
  33 -19.592229 -2.525644 -0.855557 0.197123 -0.073264 -0.977637 0.782779 0.724070
  33 -20.121729 -2.744231 -0.697600 -0.700476 -0.400467 -0.590728 0.829746 0.686888
  33 -20.017463 -2.383761 -0.707078 -0.617523 0.148233 -0.772459 0.829746 0.724070
male.bmp
  29 -21.290638 1.968049 -0.675933 -0.800488 0.427546 -0.420028 0.504892 0.430528
  29 -21.389133 1.727030 -0.678837 -0.661751 -0.319428 -0.678271 0.506849 0.457926
  29 -21.412287 1.780170 -0.619339 -0.898657 0.102717 -0.426456 0.500978 0.455969
male.bmp
  29 -21.412287 1.780170 -0.619339 -0.898657 0.102717 -0.426456 0.500978 0.455969
  29 -21.389133 1.727030 -0.678837 -0.661751 -0.319428 -0.678271 0.506849 0.457926
  29 -21.497547 1.707502 -0.305253 -0.899107 -0.418775 0.127415 0.495108 0.481409
male.bmp
  29 -21.389133 1.727030 -0.678837 -0.661751 -0.319428 -0.678271 0.506849 0.457926
  29 -20.734147 1.310052 -0.683477 -0.459967 -0.428137 -0.777901 0.575342 0.469667
  29 -21.497547 1.707502 -0.305253 -0.899107 -0.418775 0.127415 0.495108 0.481409
male.bmp
  19 -18.351820 1.086944 0.196134 0.263822 0.760439 0.593406 0.935421 0.272016
  19 -18.000534 1.209088 -0.362350 -0.711343 0.702607 -0.018300 0.966732 0.295499
  19 -18.291016 1.309364 -0.358061 0.336384 0.941153 -0.032810 0.941292 0.299413
male.bmp
  19 -18.291016 1.309364 -0.358061 0.336384 0.941153 -0.032810 0.941292 0.299413
  19 -18.000534 1.209088 -0.362350 -0.711343 0.702607 -0.018300 0.966732 0.295499
  19 -18.284281 1.221067 -0.550826 0.239286 0.847718 -0.473409 0.945205 0.307241
male.bmp
  19 -18.000534 1.209088 -0.362350 -0.711343 0.702607 -0.018300 0.966732 0.295499
  19 -18.000534 1.148672 -0.552218 -0.686077 0.640481 -0.345083 0.968689 0.301370
  19 -18.284281 1.221067 -0.550826 0.239286 0.847718 -0.473409 0.945205 0.307241
male.bmp
  33 -19.985425 -2.775984 -0.701195 -0.199759 -0.943001 0.266169 0.782779 0.681018
  33 -19.698777 -2.895755 -0.847442 -0.071500 -0.722176 -0.688004 0.782779 0.684932
  33 -19.719229 -2.858707 -0.781798 -0.350888 -0.848234 0.396708 0.767123 0.681018
male.bmp
  33 -19.719229 -2.858707 -0.781798 -0.350888 -0.848234 0.396708 0.767123 0.681018
  33 -19.698777 -2.895755 -0.847442 -0.071500 -0.722176 -0.688004 0.782779 0.684932
  33 -19.554096 -2.960273 -0.633422 0.731981 -0.506447 -0.455757 0.767123 0.682975
male.bmp
  33 -19.698777 -2.895755 -0.847442 -0.071500 -0.722176 -0.688004 0.782779 0.684932
  33 -19.338841 -2.566028 -0.627382 0.759283 -0.399735 -0.513518 0.759295 0.727984
  33 -19.554096 -2.960273 -0.633422 0.731981 -0.506447 -0.455757 0.767123 0.682975
male.bmp
  19 -17.210536 -0.058044 0.950425 0.847930 0.007537 0.530055 0.704501 0.710372
  19 -17.240535 -0.838502 0.742131 0.907347 0.215475 -0.360960 0.692759 0.759295
  19 -17.220536 -0.058154 0.900426 0.852499 -0.022400 -0.522249 0.700587 0.710372
male.bmp
  19 -17.220536 -0.058154 0.900426 0.852499 -0.022400 -0.522249 0.700587 0.710372
  19 -17.240535 -0.838502 0.742131 0.907347 0.215475 -0.360960 0.692759 0.759295
  19 -17.410535 -0.698721 0.641825 0.664501 0.337019 -0.666976 0.684932 0.751468
male.bmp
  19 -17.240535 -0.838502 0.742131 0.907347 0.215475 -0.360960 0.692759 0.759295
  19 -17.410534 -0.999529 0.272482 0.648921 0.686547 -0.327955 0.661448 0.769080
  19 -17.410535 -0.698721 0.641825 0.664501 0.337019 -0.666976 0.684932 0.751468
male.bmp
  19 -17.190533 0.757974 -0.871363 0.858110 -0.215227 0.466181 0.706458 0.784736
  19 -17.360533 0.518128 -0.800839 0.568199 -0.088322 0.818138 0.704501 0.769080
  19 -17.200533 0.517887 -0.910838 0.837587 -0.069762 0.541831 0.714286 0.767123
male.bmp
  19 -17.200533 0.517887 -0.910838 0.837587 -0.069762 0.541831 0.714286 0.767123
  19 -17.360533 0.518128 -0.800839 0.568199 -0.088322 0.818138 0.704501 0.769080
  19 -17.220532 -0.112067 -0.889461 0.699057 -0.475628 0.533945 0.724070 0.718200
male.bmp
  19 -17.360533 0.518128 -0.800839 0.568199 -0.088322 0.818138 0.704501 0.769080
  19 -17.560533 -0.171696 -0.719331 0.798539 0.072358 0.597579 0.712329 0.716243
  19 -17.220532 -0.112067 -0.889461 0.699057 -0.475628 0.533945 0.724070 0.718200
male.bmp
  19 -17.220532 -0.112067 -0.889461 0.699057 -0.475628 0.533945 0.195695 0.945205
  19 -17.620532 -0.211893 -0.809243 0.746297 -0.138660 -0.651010 0.197652 0.894325
  19 -17.210532 -0.112177 -0.939461 0.764792 -0.541721 -0.348757 0.187867 0.949119
male.bmp
  19 -17.210532 -0.112177 -0.939461 0.764792 -0.541721 -0.348757 0.187867 0.949119
  19 -17.620532 -0.211893 -0.809243 0.746297 -0.138660 -0.651010 0.197652 0.894325
  19 -17.260532 -0.132221 -0.959417 0.075378 -0.632626 -0.770780 0.181996 0.947162
male.bmp
  19 -17.620532 -0.211893 -0.809243 0.746297 -0.138660 -0.651010 0.197652 0.894325
  19 -17.240533 0.557734 -0.980926 0.063128 0.051855 -0.996657 0.101761 0.945205
  19 -17.260532 -0.132221 -0.959417 0.075378 -0.632626 -0.770780 0.181996 0.947162
male.bmp
  19 -17.820532 -0.222264 -0.979221 0.000002 0.824274 -0.566191 0.412916 0.904110
  19 -17.820532 -0.192199 -0.949287 0.000002 0.824274 -0.566191 0.412916 0.876712
  19 -17.790532 -0.232308 -0.999199 0.000002 0.824274 -0.566191 0.389432 0.917808
male.bmp
  19 -17.790532 -0.232308 -0.999199 0.000002 0.824274 -0.566191 0.389432 0.917808
  19 -17.820532 -0.192199 -0.949287 0.000002 0.824274 -0.566191 0.412916 0.876712
  19 -17.750532 -0.192199 -0.949287 0.000002 0.824274 -0.566191 0.365949 0.876712
male.bmp
  19 -17.820532 -0.192199 -0.949287 0.000002 0.824274 -0.566191 0.412916 0.876712
  19 -17.790532 -0.182177 -0.939309 0.000002 0.824274 -0.566191 0.389432 0.863014
  19 -17.750532 -0.192199 -0.949287 0.000002 0.824274 -0.566191 0.365949 0.876712
male.bmp
  19 -17.230534 -1.209419 0.322941 0.833337 -0.499536 0.236671 0.663405 0.782779
  19 -17.220533 -1.259944 0.083051 0.833621 -0.551671 -0.027123 0.651663 0.782779
  19 -17.240534 -1.139463 0.302788 0.886423 0.428315 -0.175502 0.663405 0.776908
male.bmp
  19 -17.240534 -1.139463 0.302788 0.886423 0.428315 -0.175502 0.663405 0.776908
  19 -17.220533 -1.259944 0.083051 0.833621 -0.551671 -0.027123 0.651663 0.782779
  19 -17.230533 -1.199944 0.082920 0.896292 0.443455 -0.003042 0.651663 0.778865
male.bmp
  19 -17.220533 -1.259944 0.083051 0.833621 -0.551671 -0.027123 0.651663 0.782779
  19 -17.250533 -1.110622 -0.227276 0.898069 0.408486 0.163130 0.632094 0.774951
  19 -17.230533 -1.199944 0.082920 0.896292 0.443455 -0.003042 0.651663 0.778865
male.bmp
  19 -17.530532 0.307516 -1.080379 0.162056 -0.394208 -0.904620 0.614481 0.334638
  19 -17.620532 -0.241980 -0.849177 0.062912 -0.405241 -0.912043 0.538160 0.328767
  19 -17.690532 0.407341 -1.160598 0.062912 -0.405241 -0.912043 0.620352 0.360078
male.bmp
  19 -17.690532 0.407341 -1.160598 0.062912 -0.405241 -0.912043 0.620352 0.360078
  19 -17.620532 -0.241980 -0.849177 0.062912 -0.405241 -0.912043 0.538160 0.328767
  19 -17.900532 0.347384 -1.140467 0.062912 -0.405241 -0.912043 0.612524 0.381605
male.bmp
  19 -17.620532 -0.241980 -0.849177 0.062912 -0.405241 -0.912043 0.538160 0.328767
  19 -17.990532 -0.222090 -0.899222 0.062912 -0.405241 -0.912043 0.530333 0.383562
  19 -17.900532 0.347384 -1.140467 0.062912 -0.405241 -0.912043 0.612524 0.381605
male.bmp
  18 -4.714404 0.556078 1.316096 0.082575 0.678970 0.729507 0.338552 0.677104
  18 -8.174404 -0.013921 1.516098 -0.080093 0.100676 0.991690 0.377691 0.532290
  18 -4.824404 -0.473922 1.706096 -0.002022 0.112774 0.993619 0.377691 0.677104
male.bmp
  18 -4.824404 -0.473922 1.706096 -0.002022 0.112774 0.993619 0.377691 0.677104
  18 -8.174404 -0.013921 1.516098 -0.080093 0.100676 0.991690 0.377691 0.532290
  18 -8.334404 -0.893921 1.406098 -0.174420 -0.416317 0.892333 0.430528 0.530333
male.bmp
  18 -8.174404 -0.013921 1.516098 -0.080093 0.100676 0.991690 0.377691 0.532290
  18 -8.904404 -0.733921 1.326098 -0.075229 -0.398234 0.914194 0.430528 0.504892
  18 -8.334404 -0.893921 1.406098 -0.174420 -0.416317 0.892333 0.430528 0.530333
male.bmp
  3 22.446162 1.203678 -0.038750 -0.178612 0.916761 -0.357278 0.974560 0.639922
  4 22.532082 1.008317 -0.265953 -0.137279 0.210316 -0.967947 0.943249 0.634051
  3 22.432651 0.988795 -0.240350 -0.226185 0.219434 -0.949046 0.943249 0.645793
male.bmp
  3 22.432651 0.988795 -0.240350 -0.226185 0.219434 -0.949046 0.943249 0.645793
  4 22.532082 1.008317 -0.265953 -0.137279 0.210316 -0.967947 0.943249 0.634051
  3 22.530882 0.703960 -0.164064 0.191697 -0.720139 -0.666822 0.906067 0.645793
male.bmp
  16 20.737925 -2.957557 -0.375907 0.977170 0.056863 0.204708 0.827789 0.990215
  16 20.644012 -2.975583 -0.194371 0.690315 -0.093455 0.717448 0.804305 0.988258
  17 20.680716 -3.131453 -0.257660 0.796034 -0.041008 0.603861 0.812133 0.966732
male.bmp
  17 20.680716 -3.131453 -0.257660 0.796034 -0.041008 0.603861 0.812133 0.966732
  16 20.644012 -2.975583 -0.194371 0.690315 -0.093455 0.717448 0.804305 0.988258
  16 20.405085 -3.090957 -0.095867 0.459923 -0.207922 0.863272 0.776908 0.988258
male.bmp
  2 19.516926 1.123018 -0.758847 -0.199985 0.669693 -0.715204 0.726027 0.407045
  2 20.560595 1.600713 -0.589252 -0.171387 0.841186 -0.512868 0.622309 0.401174
  2 20.568483 1.201735 -0.774061 0.047318 0.200205 -0.978611 0.636008 0.438356
male.bmp
  2 20.568483 1.201735 -0.774061 0.047318 0.200205 -0.978611 0.636008 0.438356
  2 20.560595 1.600713 -0.589252 -0.171387 0.841186 -0.512868 0.622309 0.401174
  12 20.961787 1.442067 -0.759502 -0.054893 0.308830 -0.949532 0.594912 0.432485
male.bmp
  16 19.936561 -2.729978 -0.625753 -0.759272 -0.399734 -0.513535 0.581213 0.931507
  16 20.148368 -3.126656 -0.642605 -0.731971 -0.506447 -0.455774 0.557730 0.988258
  16 20.118968 -3.142043 -0.543111 -0.291601 -0.896806 -0.332729 0.551859 0.984344
male.bmp
  16 20.118968 -3.142043 -0.543111 -0.291601 -0.896806 -0.332729 0.551859 0.984344
  16 20.148368 -3.126656 -0.642605 -0.731971 -0.506447 -0.455774 0.557730 0.988258
  16 20.105990 -3.145052 -0.421775 0.613162 -0.768992 0.180787 0.538160 0.988258
male.bmp
  16 20.158796 -3.132907 -0.198249 -0.583114 -0.461242 0.668755 0.524462 0.976517
  16 20.405085 -3.090957 -0.095867 0.291735 -0.875672 -0.384825 0.497065 0.982387
  16 20.415489 -3.094150 -0.056098 0.224862 -0.805700 0.547982 0.499022 0.974560
male.bmp
  16 20.415489 -3.094150 -0.056098 0.224862 -0.805700 0.547982 0.499022 0.974560
  16 20.405085 -3.090957 -0.095867 0.291735 -0.875672 -0.384825 0.497065 0.982387
  16 20.644012 -2.975583 -0.194371 0.711080 -0.183304 0.678797 0.473581 0.964775
male.bmp
  2 18.217225 -1.072653 -0.393364 -0.520962 -0.614997 -0.591928 0.279843 0.892368
  2 17.887224 -0.882653 -0.733363 0.027882 -0.545338 -0.837753 0.244618 0.943249
  2 18.217224 -0.752653 -0.643364 -0.568808 -0.422211 -0.705830 0.238748 0.892368
male.bmp
  2 18.217224 -0.752653 -0.643364 -0.568808 -0.422211 -0.705830 0.238748 0.892368
  2 17.887224 -0.882653 -0.733363 0.027882 -0.545338 -0.837753 0.244618 0.943249
  2 17.867224 -0.522654 -0.903364 -0.107880 0.221794 -0.969108 0.205479 0.943249
male.bmp
  16 20.775777 -2.943779 -0.384703 0.885772 -0.453443 0.098986 0.847358 0.684932
  16 20.703081 -2.509095 -0.516861 0.926586 0.173298 -0.333777 0.843444 0.726027
  16 20.745139 -2.524991 -0.338035 0.987279 0.069045 0.143222 0.859100 0.727984
male.bmp
  16 20.745139 -2.524991 -0.338035 0.987279 0.069045 0.143222 0.859100 0.727984
  16 20.703081 -2.509095 -0.516861 0.926586 0.173298 -0.333777 0.843444 0.726027
  16 20.684953 -1.918568 -0.261030 0.990895 0.006039 -0.134501 0.857143 0.782779
male.bmp
  3 22.598958 0.603703 0.160458 0.733259 -0.641009 0.226802 0.608611 0.232877
  3 22.607139 0.649992 0.127436 0.992661 -0.116465 -0.032553 0.602740 0.232877
  3 22.537644 0.826714 0.385195 0.512692 -0.142999 0.846580 0.612524 0.250489
male.bmp
  3 22.537644 0.826714 0.385195 0.512692 -0.142999 0.846580 0.612524 0.250489
  3 22.607139 0.649992 0.127436 0.992661 -0.116465 -0.032553 0.602740 0.232877
  3 22.562015 0.851757 0.338516 0.873208 0.022382 0.486834 0.606654 0.252446
male.bmp
  15 20.715791 -1.587641 0.058389 0.729680 -0.654529 0.197885 0.444227 0.835616
  15 20.465309 -1.594308 0.404964 0.342529 -0.502139 0.794059 0.477495 0.823875
  16 20.246264 -2.135494 0.251215 0.171104 -0.371669 0.912461 0.504892 0.874755
male.bmp
  16 20.246264 -2.135494 0.251215 0.171104 -0.371669 0.912461 0.504892 0.874755
  15 20.465309 -1.594308 0.404964 0.342529 -0.502139 0.794059 0.477495 0.823875
  15 20.065182 -1.567028 0.485920 -0.017226 -0.360580 0.932569 0.516634 0.816047
male.bmp
  15 19.321976 -1.909081 -0.118683 -0.703569 -0.616063 0.354198 0.925636 0.025440
  15 19.559739 -1.767759 0.231883 -0.421810 -0.524639 0.739479 0.896282 0.031311
  15 19.435449 -1.464803 0.419686 -0.350757 -0.519974 0.778843 0.908023 0.060665
male.bmp
  15 19.435449 -1.464803 0.419686 -0.350757 -0.519974 0.778843 0.908023 0.060665
  15 19.559739 -1.767759 0.231883 -0.421810 -0.524639 0.739479 0.896282 0.031311
  15 20.065182 -1.567028 0.485920 -0.017226 -0.360580 0.932569 0.849315 0.046967
male.bmp
  2 17.817224 -0.512654 -0.883364 -0.760263 0.330068 -0.559513 0.203523 0.947162
  2 17.827224 -0.502654 -0.843364 -0.725834 0.658271 0.199610 0.197652 0.945205
  2 17.867224 -0.522654 -0.903364 -0.107880 0.221794 -0.969108 0.205479 0.943249
male.bmp
  2 17.867224 -0.522654 -0.903364 -0.107880 0.221794 -0.969108 0.205479 0.943249
  2 17.827224 -0.502654 -0.843364 -0.725834 0.658271 0.199610 0.197652 0.945205
  2 18.157224 -0.332653 -0.723365 -0.798551 0.072361 0.597562 0.197652 0.915851
male.bmp
  2 17.857224 -0.292654 -0.963365 -0.075356 -0.632625 -0.770783 0.731898 0.716243
  2 17.807224 -0.282654 -0.943365 -0.764783 -0.541721 -0.348776 0.727984 0.718200
  2 17.837224 0.397346 -0.983367 -0.063105 0.051854 -0.996659 0.724070 0.772994
male.bmp
  2 17.837224 0.397346 -0.983367 -0.063105 0.051854 -0.996659 0.724070 0.772994
  2 17.807224 -0.282654 -0.943365 -0.764783 -0.541721 -0.348776 0.727984 0.718200
  2 17.787224 0.387346 -0.963366 -0.852486 -0.022400 -0.522270 0.720157 0.769080
male.bmp
  2 18.607225 -1.062653 -0.403364 0.464819 -0.579082 -0.669782 0.287671 0.833659
  2 18.607225 -1.212652 -0.233364 0.509064 -0.781230 -0.361293 0.305284 0.833659
  2 18.587225 -1.292652 -0.283364 0.553191 -0.739993 -0.382611 0.305284 0.841487
male.bmp
  2 18.587225 -1.292652 -0.283364 0.553191 -0.739993 -0.382611 0.305284 0.841487
  2 18.607225 -1.212652 -0.233364 0.509064 -0.781230 -0.361293 0.305284 0.833659
  2 18.607225 -1.262652 0.016636 0.620613 -0.782920 0.043307 0.324853 0.831703
male.bmp
  2 18.127224 0.157346 -1.063367 -0.971299 -0.201412 -0.126538 0.614481 0.334638
  2 18.127224 0.147346 -1.083366 -0.971299 -0.201412 -0.126538 0.614481 0.334638
  2 18.217224 -0.412654 -0.833365 -0.971299 -0.201412 -0.126538 0.538160 0.328767
male.bmp
  2 18.217224 -0.412654 -0.833365 -0.971299 -0.201412 -0.126538 0.538160 0.328767
  2 18.127224 0.147346 -1.083366 -0.971299 -0.201412 -0.126538 0.614481 0.334638
  2 18.217224 -0.412654 -0.853365 -0.971299 -0.201412 -0.126538 0.538160 0.328767
male.bmp
  2 18.217224 -0.412654 -0.833365 0.029218 -0.987437 -0.155287 0.538160 0.328767
  2 18.217224 -0.412654 -0.853365 0.029218 -0.987437 -0.155287 0.538160 0.328767
  2 18.597224 -0.392654 -0.873366 0.029218 -0.987437 -0.155287 0.530333 0.383562
male.bmp
  2 18.597224 -0.392654 -0.873366 0.029218 -0.987437 -0.155287 0.530333 0.383562
  2 18.217224 -0.412654 -0.853365 0.029218 -0.987437 -0.155287 0.538160 0.328767
  2 18.587224 -0.392654 -0.893366 0.029218 -0.987437 -0.155287 0.530333 0.383562
male.bmp
  2 18.597224 -0.392654 -0.873366 0.920818 -0.027403 -0.389028 0.530333 0.383562
  2 18.587224 -0.392654 -0.893366 0.920818 -0.027403 -0.389028 0.530333 0.383562
  2 18.507224 0.197346 -1.123367 0.920818 -0.027403 -0.389028 0.612524 0.381605
male.bmp
  2 18.507224 0.197346 -1.123367 0.920818 -0.027403 -0.389028 0.612524 0.381605
  2 18.587224 -0.392654 -0.893366 0.920818 -0.027403 -0.389028 0.530333 0.383562
  2 18.497223 0.177346 -1.143367 0.920818 -0.027403 -0.389028 0.612524 0.381605
male.bmp
  34 -20.024318 -3.779252 -0.334743 -0.508815 -0.620507 0.596723 0.759295 0.866928
  34 -20.056459 -3.858325 -0.561049 -0.568136 -0.818727 -0.083108 0.722114 0.843444
  34 -19.819373 -3.873140 -0.529890 0.073618 -0.995345 -0.062205 0.722114 0.857143
male.bmp
  34 -19.819373 -3.873140 -0.529890 0.073618 -0.995345 -0.062205 0.722114 0.857143
  34 -20.056459 -3.858325 -0.561049 -0.568136 -0.818727 -0.083108 0.722114 0.843444
  34 -19.975897 -3.775522 -0.759174 -0.309457 -0.577319 -0.755605 0.679061 0.864971
male.bmp
  33 -20.135785 -2.797349 -0.371900 -0.977174 0.056881 0.204685 0.827789 0.990215
  34 -20.089410 -2.967396 -0.252570 -0.796048 -0.041001 0.603844 0.812133 0.966732
  33 -20.052163 -2.811525 -0.191604 -0.690330 -0.093448 0.717435 0.804305 0.988258
male.bmp
  33 -20.052163 -2.811525 -0.191604 -0.690330 -0.093448 0.717435 0.804305 0.988258
  34 -20.089410 -2.967396 -0.252570 -0.796048 -0.041001 0.603844 0.812133 0.966732
  33 -19.808833 -2.924304 -0.094799 -0.459939 -0.207919 0.863265 0.776908 0.988258
male.bmp
  19 -18.920302 1.288824 -0.758157 0.200003 0.669694 -0.715199 0.726027 0.407045
  19 -19.971859 1.367541 -0.773370 -0.047294 0.200206 -0.978612 0.636008 0.438356
  19 -19.963971 1.766519 -0.588561 0.171399 0.841186 -0.512863 0.622309 0.401174
male.bmp
  19 -19.963971 1.766519 -0.588561 0.171399 0.841186 -0.512863 0.622309 0.401174
  19 -19.971859 1.367541 -0.773370 -0.047294 0.200206 -0.978612 0.636008 0.438356
  29 -20.365249 1.606670 -0.761140 0.054915 0.308830 -0.949531 0.594912 0.432485
male.bmp
  33 -19.338841 -2.566028 -0.627382 0.759283 -0.399735 -0.513518 0.581213 0.931507
  33 -19.523162 -2.969913 -0.543699 0.291593 -0.896811 -0.332723 0.551859 0.984344
  33 -19.554096 -2.960273 -0.633422 0.731981 -0.506447 -0.455757 0.557730 0.988258
male.bmp
  33 -19.554096 -2.960273 -0.633422 0.731981 -0.506447 -0.455757 0.557730 0.988258
  33 -19.523162 -2.969913 -0.543699 0.291593 -0.896811 -0.332723 0.551859 0.984344
  33 -19.511886 -2.979176 -0.423753 -0.613174 -0.768985 0.180774 0.538160 0.988258
male.bmp
  33 -20.055197 -1.833960 0.015898 -0.828067 -0.176446 0.532138 0.461840 0.866928
  33 -20.085505 -1.755766 -0.266178 -0.990892 0.006037 -0.134522 0.430528 0.874755
  33 -20.022387 -2.385277 -0.101460 -0.768845 -0.083076 0.634016 0.471624 0.921722
male.bmp
  33 -20.022387 -2.385277 -0.101460 -0.768845 -0.083076 0.634016 0.471624 0.921722
  33 -20.085505 -1.755766 -0.266178 -0.990892 0.006037 -0.134522 0.430528 0.874755
  33 -20.146863 -2.363351 -0.341512 -0.987282 0.069045 0.143201 0.444227 0.921722
male.bmp
  33 -20.182122 -2.774982 -0.379156 -0.885774 -0.453442 0.098964 0.847358 0.684932
  33 -20.146863 -2.363351 -0.341512 -0.987282 0.069045 0.143201 0.859100 0.727984
  33 -20.104526 -2.337831 -0.519434 -0.926578 0.173300 -0.333797 0.843444 0.726027
male.bmp
  33 -20.104526 -2.337831 -0.519434 -0.926578 0.173300 -0.333797 0.843444 0.726027
  33 -20.146863 -2.363351 -0.341512 -0.987282 0.069045 0.143201 0.859100 0.727984
  33 -20.085505 -1.755766 -0.266178 -0.990892 0.006037 -0.134522 0.857143 0.782779
male.bmp
  20 -21.999899 0.769713 0.153929 -0.733264 -0.641009 0.226785 0.608611 0.232877
  20 -21.938490 0.992697 0.378667 -0.512712 -0.143000 0.846568 0.612524 0.250489
  20 -22.007300 0.818671 0.130513 -0.992660 -0.116465 -0.032576 0.602740 0.232877
male.bmp
  20 -22.007300 0.818671 0.130513 -0.992660 -0.116465 -0.032576 0.602740 0.232877
  20 -21.938490 0.992697 0.378667 -0.512712 -0.143000 0.846568 0.612524 0.250489
  20 -21.962839 1.017752 0.331983 -0.873219 0.022383 0.486814 0.606654 0.252446
male.bmp
  32 -18.723759 -1.748115 -0.127497 0.703561 -0.616063 0.354216 0.925636 0.025440
  32 -18.836165 -1.293109 0.414844 0.350739 -0.519976 0.778850 0.908023 0.060665
  32 -18.969471 -1.595933 0.237285 0.421792 -0.524640 0.739489 0.896282 0.031311
male.bmp
  32 -18.969471 -1.595933 0.237285 0.421792 -0.524640 0.739489 0.896282 0.031311
  32 -18.836165 -1.293109 0.414844 0.350739 -0.519976 0.778850 0.908023 0.060665
  32 -19.468498 -1.405721 0.484655 0.017203 -0.360581 0.932569 0.849315 0.046967
male.bmp
  19 -17.620534 1.148585 -0.592217 0.601966 0.690181 -0.401606 0.043053 0.890411
  19 -17.630534 1.178519 -0.622283 0.575083 0.698684 -0.425582 0.039139 0.884540
  19 -17.620534 1.219022 -0.392371 0.588063 0.808640 0.016855 0.025440 0.890411
male.bmp
  19 -17.620534 1.219022 -0.392371 0.588063 0.808640 0.016855 0.025440 0.890411
  19 -17.630534 1.178519 -0.622283 0.575083 0.698684 -0.425582 0.039139 0.884540
  19 -17.630534 1.259000 -0.402458 0.582265 0.812809 -0.017568 0.019569 0.884540
male.bmp
  19 -17.220532 -0.352045 -0.878936 0.760275 0.330067 -0.559498 0.203523 0.947162
  19 -17.270532 -0.352111 -0.908936 0.107898 0.221795 -0.969105 0.205479 0.943249
  19 -17.230532 -0.331958 -0.838980 0.725830 0.658271 0.199627 0.197652 0.945205
male.bmp
  19 -17.230532 -0.331958 -0.838980 0.725830 0.658271 0.199627 0.197652 0.945205
  19 -17.270532 -0.352111 -0.908936 0.107898 0.221795 -0.969105 0.205479 0.943249
  19 -17.560533 -0.171696 -0.719331 0.798539 0.072358 0.597579 0.197652 0.915851
male.bmp
  19 -18.010533 -0.891017 -0.407758 -0.464800 -0.579085 -0.669793 0.287671 0.833659
  19 -17.990533 -1.120732 -0.277255 -0.553178 -0.739995 -0.382624 0.305284 0.841487
  19 -18.000533 -1.040623 -0.227430 -0.509054 -0.781231 -0.361305 0.305284 0.833659
male.bmp
  19 -18.000533 -1.040623 -0.227430 -0.509054 -0.781231 -0.361305 0.305284 0.833659
  19 -17.990533 -1.120732 -0.277255 -0.553178 -0.739995 -0.382624 0.305284 0.841487
  19 -18.010533 -1.100076 0.022700 -0.620615 -0.782920 0.043292 0.324853 0.831703
male.bmp
  19 -17.530532 0.317538 -1.070401 0.971292 -0.201430 -0.126559 0.614481 0.334638
  19 -17.620532 -0.251936 -0.829156 0.971292 -0.201430 -0.126559 0.538160 0.328767
  19 -17.530532 0.307516 -1.080379 0.971292 -0.201430 -0.126559 0.614481 0.334638
male.bmp
  19 -17.530532 0.307516 -1.080379 0.971292 -0.201430 -0.126559 0.614481 0.334638
  19 -17.620532 -0.251936 -0.829156 0.971292 -0.201430 -0.126559 0.538160 0.328767
  19 -17.620532 -0.241980 -0.849177 0.971292 -0.201430 -0.126559 0.538160 0.328767
male.bmp
  19 -17.620532 -0.251936 -0.829156 -0.029216 -0.987437 -0.155290 0.538160 0.328767
  19 -17.990532 -0.232046 -0.879200 -0.029216 -0.987437 -0.155290 0.530333 0.383562
  19 -17.620532 -0.241980 -0.849177 -0.029216 -0.987437 -0.155290 0.538160 0.328767
male.bmp
  19 -17.620532 -0.241980 -0.849177 -0.029216 -0.987437 -0.155290 0.538160 0.328767
  19 -17.990532 -0.232046 -0.879200 -0.029216 -0.987437 -0.155290 0.530333 0.383562
  19 -17.990532 -0.222090 -0.899222 -0.029216 -0.987437 -0.155290 0.530333 0.383562
male.bmp
  19 -17.990532 -0.232046 -0.879200 -0.920810 -0.027399 -0.389048 0.530333 0.383562
  19 -17.910532 0.357428 -1.120489 -0.920810 -0.027399 -0.389048 0.612524 0.381605
  19 -17.990532 -0.222090 -0.899222 -0.920810 -0.027399 -0.389048 0.530333 0.383562
male.bmp
  19 -17.990532 -0.222090 -0.899222 -0.920810 -0.027399 -0.389048 0.530333 0.383562
  19 -17.910532 0.357428 -1.120489 -0.920810 -0.027399 -0.389048 0.612524 0.381605
  19 -17.900532 0.347384 -1.140467 -0.920810 -0.027399 -0.389048 0.612524 0.381605
male.bmp
  14 23.327790 2.531368 -0.327432 0.851817 0.453491 0.262209 0.923679 0.671233
  14 23.407152 2.396627 -0.371550 0.945406 -0.207304 0.251461 0.956947 0.673190
  14 23.397054 2.536151 -0.435040 0.890979 0.452987 -0.030980 0.925636 0.661448
male.bmp
  7 23.019135 0.170537 0.251026 -0.021644 0.864564 0.502057 0.894325 0.966732
  7 24.167040 0.194503 0.051682 0.036531 0.960465 -0.275993 0.878669 0.825832
  7 23.006988 0.200710 0.033213 0.017345 0.941917 -0.335396 0.872798 0.970646
male.bmp
  9 22.609585 -0.770953 0.116391 0.345223 0.864425 -0.365500 0.974560 0.639922
  10 22.563762 -1.016497 -0.132696 0.029989 0.252405 -0.967157 0.943249 0.634051
  9 22.490530 -1.013877 -0.123429 -0.032348 0.163489 -0.986015 0.943249 0.645793
male.bmp
  10 22.676784 -0.852930 0.360327 0.237081 0.827881 0.508336 0.894325 0.966732
  10 23.640640 -1.007637 0.157230 0.271227 0.934288 -0.231389 0.878669 0.825832
  10 22.684916 -0.791573 0.130612 0.271227 0.934288 -0.231389 0.872798 0.970646
male.bmp
  17 20.754537 -3.112911 -0.509070 0.984740 0.094241 -0.146309 0.835616 0.951076
  16 20.707779 -2.943315 -0.585641 0.830912 0.004271 -0.556387 0.849315 0.984344
  16 20.737925 -2.957557 -0.375907 0.977170 0.056863 0.204708 0.827789 0.990215
male.bmp
  17 20.563404 -3.594406 -0.179478 0.179579 -0.208636 0.961365 0.772994 0.917808
  17 20.680716 -3.131453 -0.257660 0.796034 -0.041008 0.603861 0.812133 0.966732
  16 20.405085 -3.090957 -0.095867 0.012778 -0.181700 0.983271 0.776908 0.988258
male.bmp
  13 22.810565 2.021891 -0.337205 0.459034 -0.830192 0.316337 0.884540 0.530333
  14 23.331169 2.298042 -0.569811 0.700408 -0.572921 -0.425664 0.904110 0.393346
  14 23.330968 2.298160 -0.371065 0.582339 -0.732495 0.352608 0.888454 0.393346
male.bmp
  10 23.517703 -1.543190 0.276684 -0.163000 -0.954922 0.248101 0.884540 0.530333
  11 24.141698 -1.608942 0.036373 0.229768 -0.857565 -0.460205 0.904110 0.393346
  11 24.140773 -1.628705 0.280931 0.005222 -0.964447 0.264223 0.888454 0.393346
male.bmp
  4 23.732184 0.992220 0.067657 0.257614 -0.926753 0.273430 0.884540 0.530333
  5 24.390946 1.184320 -0.146295 0.599871 -0.678385 -0.424205 0.904110 0.393346
  5 24.374442 1.173622 0.085681 0.383571 -0.849992 0.361092 0.888454 0.393346
male.bmp
  4 23.732184 0.992220 0.067657 0.257614 -0.926753 0.273430 0.972603 0.829746
  4 22.657867 0.873352 0.287005 0.332554 -0.346133 0.877268 0.951076 0.964775
  4 22.693037 0.697505 0.099546 0.381039 -0.894027 0.235638 0.978474 0.974560
male.bmp
  17 20.205752 -3.601649 -0.476349 -0.897393 -0.430878 0.095030 0.720157 0.927593
  16 20.158796 -3.132907 -0.198249 -0.662374 -0.311641 0.681278 0.739726 0.990215
  16 20.105990 -3.145052 -0.421775 -0.975196 -0.219548 0.028119 0.720157 0.988258
male.bmp
  14 23.397054 2.536151 -0.435040 0.890979 0.452987 -0.030980 0.925636 0.365949
  14 23.226816 2.464708 -0.650016 0.124661 0.481354 -0.867616 0.941292 0.395303
  14 23.311294 2.607381 -0.475924 0.436119 0.871290 -0.225064 0.949119 0.369863
male.bmp
  11 23.928423 -1.297732 0.429135 0.163897 0.189576 0.968090 0.921722 0.751468
  11 24.309647 -1.251773 0.282997 0.616701 0.680063 0.396477 0.894325 0.694716
  11 24.014109 -1.149588 0.279097 0.298056 0.836429 0.459945 0.896282 0.747554
male.bmp
  5 24.365385 1.572683 0.093956 0.192470 0.871290 0.451453 0.894325 0.694716
  5 24.068560 1.376065 0.175420 0.062376 0.359508 0.931055 0.921722 0.751468
  5 24.430838 1.457875 0.191604 0.499045 0.360893 0.787852 0.925636 0.681018
male.bmp
  17 20.454743 -3.530666 -0.845083 -0.099553 -0.028879 -0.994613 0.665362 0.917808
  17 20.695959 -3.636426 -0.753815 0.700547 -0.082067 -0.708872 0.653620 0.900196
  17 20.572168 -3.939860 -0.764016 0.309472 -0.577321 -0.755597 0.679061 0.864971
male.bmp
  16 20.575268 -2.945492 -0.704536 0.538936 0.161064 -0.826805 0.616438 0.990215
  16 20.707779 -2.943315 -0.585641 0.830912 0.004271 -0.556387 0.596869 0.988258
  17 20.754537 -3.112911 -0.509070 0.984740 0.094241 -0.146309 0.606654 0.962818
male.bmp
  13 22.675192 2.202197 -0.672114 -0.057529 0.227816 -0.972003 0.943249 0.534247
  13 21.928661 2.030498 -0.473846 -0.426788 0.787934 -0.443859 0.972603 0.628180
  13 22.656960 2.396397 -0.456582 -0.382251 0.882140 -0.275161 0.970646 0.524462
male.bmp
  12 21.989806 1.877157 -0.211987 -0.102954 0.284198 0.953222 0.919765 0.982387
  13 21.967705 2.076449 -0.308728 -0.335030 0.834364 0.437712 0.894325 0.966732
  12 21.896484 2.049120 -0.293961 -0.290929 0.871855 0.393990 0.892368 0.986301
male.bmp
  13 22.058643 1.651893 -0.603317 0.484263 -0.580814 -0.654328 0.908023 0.634051
  12 22.093849 1.586091 -0.315213 0.574209 -0.774583 0.265153 0.882583 0.643836
  12 22.009320 1.612980 -0.627354 0.539777 -0.416052 -0.731807 0.906067 0.645793
male.bmp
  7 23.006116 -0.409463 0.191608 0.059417 -0.955240 0.289805 0.978474 0.974560
  6 22.926274 -0.197021 0.376916 0.064418 -0.353148 0.933347 0.951076 0.982387
  6 22.895418 -0.416003 0.232366 0.142090 -0.932630 0.331680 0.978474 0.988258
male.bmp
  2 19.516926 1.123018 -0.758847 -0.199985 0.669693 -0.715204 0.882583 0.342466
  2 19.625600 1.459489 -0.288021 -0.274903 0.960038 0.052500 0.866928 0.315068
  2 20.560595 1.600713 -0.589252 -0.171387 0.841186 -0.512868 0.784736 0.352250
male.bmp
  16 20.054855 -2.226426 -0.862694 -0.067834 -0.108716 -0.991756 0.784736 0.772994
  16 19.936561 -2.729978 -0.625753 -0.759272 -0.399734 -0.513535 0.759295 0.727984
  16 19.595587 -2.291749 -0.599434 -0.731971 -0.506447 -0.455774 0.737769 0.780822
male.bmp
  16 19.598366 -2.277695 -0.485879 -0.816988 -0.576260 -0.021358 0.596869 0.888454
  16 19.595587 -2.291749 -0.599434 -0.731971 -0.506447 -0.455774 0.604697 0.892368
  16 19.923140 -2.729863 -0.524166 -0.824997 -0.487176 -0.286427 0.573386 0.933464
male.bmp
  3 21.486281 0.311947 0.269219 0.676875 0.416203 0.607136 0.702544 0.215264
  6 22.913461 0.189859 0.273670 0.581836 0.692438 0.426611 0.581213 0.191781
  6 22.888298 0.253079 0.025537 0.603449 0.740022 -0.297012 0.583170 0.209393
male.bmp
  16 20.246264 -2.135494 0.251215 0.171104 -0.371669 0.912461 0.504892 0.874755
  16 20.034991 -2.691563 -0.085165 -0.546508 -0.438663 0.713375 0.534247 0.929550
  16 20.346622 -2.631335 0.099657 0.134623 -0.273246 0.952477 0.499022 0.925636
male.bmp
  16 20.775777 -2.943779 -0.384703 0.885772 -0.453443 0.098986 0.452055 0.962818
  16 20.644012 -2.975583 -0.194371 0.711080 -0.183304 0.678797 0.473581 0.964775
  16 20.737925 -2.957557 -0.375907 0.459716 -0.887904 0.016956 0.452055 0.968689
male.bmp
  2 20.498996 -0.860567 -0.485299 0.439296 0.052306 -0.896818 0.710372 0.606654
  2 21.122154 -1.352384 -0.046790 0.378032 -0.756567 -0.533571 0.675147 0.669276
  15 20.688470 -1.569274 -0.261949 0.872663 -0.175069 -0.455863 0.718200 0.671233
male.bmp
  3 21.829789 0.501124 -0.276871 0.427463 -0.632109 -0.646308 0.561644 0.532290
  3 22.598958 0.603703 0.160458 0.733259 -0.641009 0.226802 0.499022 0.573386
  3 21.486281 0.311947 0.269219 0.676875 0.416203 0.607136 0.563601 0.555773
male.bmp
  9 22.490547 -1.176481 0.532055 0.468645 -0.515265 0.717547 0.626223 0.068493
  9 22.442228 -1.374519 0.275450 0.701190 -0.710122 0.063705 0.628180 0.048924
  9 22.513581 -1.166094 0.490084 0.862596 -0.435564 0.257318 0.620352 0.066536
male.bmp
  6 21.462821 -0.392779 0.396456 0.643505 -0.053037 0.763602 0.716243 0.146771
  9 22.601617 -0.794295 0.401683 0.747075 0.525101 0.407613 0.614481 0.103718
  9 22.600405 -0.715843 0.129757 0.639232 0.718682 -0.273638 0.614481 0.111546
male.bmp
  6 22.915465 -0.204805 0.420763 0.624536 -0.253504 0.738709 0.583170 0.154599
  6 21.462821 -0.392779 0.396456 0.643505 -0.053037 0.763602 0.716243 0.146771
  6 22.874105 -0.467652 0.268117 0.514873 -0.809435 0.282347 0.587084 0.131115
male.bmp
  2 18.247226 -1.232651 0.286637 -0.529951 -0.743572 0.407739 0.489237 0.037182
  2 17.877227 -1.072650 0.796637 0.018213 -0.571916 0.820110 0.544031 0.062622
  2 17.877226 -1.392651 0.326638 0.024730 -0.921965 0.386483 0.536204 0.019569
male.bmp
  2 17.867225 -1.442651 0.086638 0.008472 -0.999784 -0.018975 0.328767 0.943249
  2 18.247226 -1.232651 0.286637 -0.529951 -0.743572 0.407739 0.336595 0.892368
  2 17.877226 -1.392651 0.326638 0.024730 -0.921965 0.386483 0.344423 0.941292
male.bmp
  9 22.442228 -1.374519 0.275450 0.701190 -0.710122 0.063705 0.628180 0.048924
  9 22.404913 -1.406051 0.290054 0.289793 -0.933601 0.210736 0.636008 0.048924
  9 22.407298 -1.311917 -0.014138 0.498750 -0.651571 -0.571580 0.637965 0.029354
male.bmp
  3 21.571320 0.766228 -0.453828 0.289416 0.288687 -0.912633 0.567515 0.506849
  12 21.332073 0.922611 -0.528733 0.827629 0.122223 -0.547806 0.583170 0.487280
  2 21.266244 1.000487 0.014310 0.716474 0.597535 0.360023 0.567515 0.481409
male.bmp
  3 22.432847 0.988674 -0.313151 0.568776 0.280605 -0.773146 0.489237 0.518591
  3 22.410708 1.257987 -0.077396 0.376059 0.871612 -0.314440 0.483366 0.493151
  3 22.446162 1.203678 -0.038750 0.895963 0.417852 -0.150501 0.479452 0.497065
male.bmp
  15 19.274091 -1.848156 -0.553764 -0.756864 -0.450189 -0.473801 0.947162 0.011742
  15 18.968554 -1.379218 -0.308520 -0.714995 -0.645484 -0.268574 0.966732 0.058708
  15 18.972863 -1.243910 -0.490930 -0.546948 -0.428727 -0.719056 0.972603 0.050881
male.bmp
  2 18.627227 -0.902650 0.636635 0.787148 -0.323512 0.525107 0.976517 0.115460
  2 19.063971 -0.121282 0.729592 0.011709 0.065658 0.997773 0.931507 0.183953
  2 18.637227 -0.202650 0.766633 0.815507 -0.019303 0.578425 0.970646 0.178082
male.bmp
  12 21.963899 1.916457 -0.151288 0.472694 0.557612 0.682371 0.657534 0.354207
  12 22.048493 1.765901 -0.179156 0.925993 0.352029 0.136427 0.647750 0.338552
  12 21.989806 1.877157 -0.211987 0.836279 0.524786 0.158863 0.653620 0.354207
male.bmp
  9 21.085553 -1.365075 0.314746 0.298969 -0.864863 0.403274 0.763209 0.060665
  15 20.465309 -1.594308 0.404964 0.342529 -0.502139 0.794059 0.814090 0.041096
  15 20.715791 -1.587641 0.058389 0.729680 -0.654529 0.197885 0.784736 0.033268
male.bmp
  16 20.684953 -1.918568 -0.261030 0.990895 0.006039 -0.134501 0.857143 0.782779
  15 20.498138 -1.659672 -0.636117 0.686239 0.111717 -0.718746 0.845401 0.814090
  15 20.688470 -1.569274 -0.261949 0.872663 -0.175069 -0.455863 0.866928 0.818004
male.bmp
  16 19.936561 -2.729978 -0.625753 -0.759272 -0.399734 -0.513535 0.759295 0.727984
  16 20.292611 -3.066834 -0.849039 0.071514 -0.722174 -0.688005 0.782779 0.684932
  16 20.148368 -3.126656 -0.642605 -0.731971 -0.506447 -0.455774 0.767123 0.682975
male.bmp
  3 22.476292 1.205328 0.192095 0.693319 0.694938 0.190708 0.612524 0.285714
  3 22.496684 1.053230 0.350368 0.439554 0.416650 0.795736 0.614481 0.272016
  3 22.506804 1.054467 0.309185 0.872291 0.337439 0.353897 0.610568 0.272016
male.bmp
  2 18.627227 -0.942650 0.716635 0.649094 -0.412175 0.639366 0.452055 0.086106
  2 18.287227 -0.232649 0.886634 -0.560708 0.051211 0.826428 0.502935 0.156556
  2 18.277227 -0.982650 0.726636 -0.542824 -0.458881 0.703399 0.491194 0.076321
male.bmp
  2 18.227225 1.017347 -0.613369 -0.575079 0.698680 -0.425594 0.039139 0.884540
  2 18.217225 1.047347 -0.393369 -0.588040 0.808656 0.016844 0.025440 0.890411
  2 18.227225 1.087347 -0.403369 -0.582248 0.812821 -0.017582 0.019569 0.884540
male.bmp
  2 18.217225 -1.072653 -0.393364 -0.520962 -0.614997 -0.591928 0.279843 0.892368
  2 18.227225 -1.272652 -0.223363 -0.659086 -0.676604 -0.328349 0.303327 0.886497
  2 18.217225 -1.222652 -0.193363 -0.560215 -0.744891 -0.362349 0.299413 0.892368
male.bmp
  2 18.007226 -1.162651 0.276637 -0.648910 0.686549 -0.327973 0.661448 0.769080
  2 17.837227 -1.002650 0.746637 -0.907342 0.215472 -0.360974 0.692759 0.759295
  2 18.017227 -0.872650 0.636636 -0.664484 0.337020 -0.666993 0.684932 0.751468
male.bmp
  2 17.887224 -0.882653 -0.733363 0.027882 -0.545338 -0.837753 0.596869 0.755382
  2 17.817224 -0.512654 -0.883364 -0.760263 0.330068 -0.559513 0.589041 0.729941
  2 17.867224 -0.522654 -0.903364 -0.107880 0.221794 -0.969108 0.585127 0.731898
male.bmp
  2 18.387224 -0.352654 -0.933366 0.000012 0.824274 -0.566192 0.389432 0.863014
  2 18.427224 -0.362654 -0.953366 0.000012 0.824274 -0.566192 0.412916 0.876712
  2 18.347224 -0.362654 -0.953366 0.000012 0.824274 -0.566192 0.365949 0.876712
male.bmp
  2 18.607224 -0.342654 -0.843366 0.534160 -0.188565 -0.824085 0.849315 0.500978
  2 18.943343 -0.701084 -0.774794 -0.126001 -0.372296 -0.919521 0.833659 0.540117
  2 18.607224 -0.732653 -0.673365 0.539125 -0.442472 -0.716633 0.861057 0.530333
male.bmp
  1 9.983798 1.312582 0.289612 0.030341 0.990366 0.135110 0.277886 0.471624
  1 9.270817 0.970085 -0.672379 -0.108356 0.791324 -0.601719 0.232877 0.500978
  1 9.250796 1.400087 0.177620 -0.091980 0.993945 -0.060112 0.277886 0.502935
male.bmp
  1 16.554108 -0.891102 0.832664 0.152283 -0.515095 0.843497 0.401174 0.119374
  1 14.755791 -1.508345 0.547590 0.092501 -0.946401 0.309464 0.452055 0.225049
  1 16.644333 -1.240844 0.392505 0.115231 -0.906292 0.406642 0.434442 0.119374
male.bmp
  1 14.638092 0.721304 0.997379 0.147017 0.648781 0.746639 0.318982 0.232877
  1 16.471715 -0.171385 1.012714 0.168755 0.097519 0.980822 0.354207 0.125245
  1 16.478218 0.498577 0.702538 0.169223 0.611743 0.772745 0.315068 0.125245
male.bmp
  2 18.217224 0.837347 -0.753368 -0.577853 0.525141 -0.624750 0.060665 0.890411
  2 17.797225 1.037347 -0.623368 -0.150463 0.875467 -0.459258 0.039139 0.947162
  2 18.217225 0.987347 -0.593369 -0.601969 0.690172 -0.401618 0.043053 0.890411
male.bmp
  1 16.393352 0.937979 -0.467344 0.098778 0.958095 -0.268882 0.240705 0.127202
  1 16.393246 0.817928 -0.687316 0.076825 0.755142 -0.651044 0.223092 0.125245
  1 14.512085 1.100424 -0.692381 0.086284 0.830831 -0.549796 0.236791 0.234834
male.bmp
  2 18.597224 0.837347 -0.703369 0.652857 0.468832 -0.594957 0.050881 0.829746
  2 18.597224 0.667346 -0.893369 0.690926 0.323943 -0.646283 0.070450 0.839530
  2 18.597224 0.877346 -0.753369 0.699823 0.462883 -0.544046 0.050881 0.837573
male.bmp
  2 18.287223 0.247346 -1.153367 -0.580737 0.358403 -0.730953 0.622309 0.360078
  2 18.127224 0.157346 -1.063367 -0.580737 0.358403 -0.730953 0.614481 0.334638
  2 18.287224 0.267346 -1.143367 -0.580737 0.358403 -0.730953 0.622309 0.360078
male.bmp
  2 18.127224 0.157346 -1.063367 -0.577853 0.525141 -0.624750 0.614481 0.334638
  2 18.287223 0.247346 -1.153367 -0.577853 0.525141 -0.624750 0.622309 0.360078
  2 18.127224 0.147346 -1.083366 -0.577853 0.525141 -0.624750 0.614481 0.334638
male.bmp
  2 18.497223 0.177346 -1.143367 0.265255 0.618299 -0.739828 0.612524 0.381605
  2 18.287224 0.267346 -1.143367 0.265255 0.618299 -0.739828 0.622309 0.360078
  2 18.507224 0.197346 -1.123367 0.265255 0.618299 -0.739828 0.612524 0.381605
male.bmp
  2 18.287224 0.267346 -1.143367 0.195010 0.430593 -0.881227 0.622309 0.360078
  2 18.497223 0.177346 -1.143367 0.195010 0.430593 -0.881227 0.612524 0.381605
  2 18.287223 0.247346 -1.153367 0.195010 0.430593 -0.881227 0.622309 0.360078
male.bmp
  1 8.930767 -1.059912 1.407615 0.178487 -0.418984 0.890278 0.430528 0.530333
  1 5.430759 -0.639912 1.707530 0.001999 0.112775 0.993619 0.377691 0.677104
  1 5.540762 -1.559912 1.587534 0.072372 -0.401899 0.912819 0.428571 0.677104
male.bmp
  1 9.951991 1.052213 -0.780246 -0.114201 0.792115 -0.599594 0.227006 0.471624
  1 9.370833 -0.099915 -1.332375 0.011151 0.162107 -0.986710 0.172211 0.495108
  1 9.270817 0.970085 -0.672379 -0.108356 0.791324 -0.601719 0.232877 0.500978
male.bmp
  31 -22.440857 2.585353 -0.279499 0.024681 0.424666 0.905014 0.921722 0.751468
  31 -22.529980 2.466599 -0.286886 -0.250791 -0.151461 0.956119 0.949119 0.747554
  30 -22.215649 2.469697 -0.209871 0.029798 0.349045 0.936632 0.921722 0.814090
male.bmp
  24 -22.423137 0.161391 0.388344 0.065054 0.291063 0.954490 0.919765 0.964775
  24 -23.563147 0.133360 0.402161 -0.034019 0.251443 0.967274 0.921722 0.814090
  24 -22.422208 -0.021442 0.369077 -0.000705 -0.347412 0.937712 0.951076 0.964775
male.bmp
  28 -23.637700 -1.306836 -0.016524 -0.671836 -0.294386 -0.679686 0.925636 0.385519
  28 -23.424494 -1.264641 -0.113286 -0.088826 -0.221471 -0.971113 0.923679 0.414873
  28 -23.536725 -1.444386 0.031269 -0.229757 -0.857565 -0.460211 0.904110 0.393346
male.bmp
  22 -23.469609 1.542248 0.170365 -0.062400 0.359508 0.931053 0.921722 0.751468
  22 -23.527575 1.399765 0.182133 -0.152592 -0.202555 0.967309 0.949119 0.747554
  21 -23.080067 1.484510 0.271220 -0.025052 0.327519 0.944512 0.921722 0.814090
male.bmp
  33 -19.808833 -2.924304 -0.094799 -0.012796 -0.181702 0.983270 0.776908 0.988258
  34 -20.089410 -2.967396 -0.252570 -0.796048 -0.041001 0.603844 0.812133 0.966732
  34 -19.956076 -3.433270 -0.185614 -0.179598 -0.208637 0.961361 0.772994 0.917808
male.bmp
  33 -19.719229 -2.858707 -0.781798 0.266827 0.046035 -0.962644 0.661448 0.990215
  34 -19.867036 -3.370915 -0.843097 0.099573 -0.028878 -0.994611 0.665362 0.917808
  34 -20.022027 -2.930133 -0.721900 -0.592096 0.206819 -0.778876 0.637965 0.972603
male.bmp
  30 -22.219015 2.187881 -0.339365 -0.459042 -0.830192 0.316326 0.884540 0.530333
  30 -22.177558 2.174917 -0.586374 -0.448382 -0.677764 -0.582743 0.904110 0.542074
  30 -21.552804 1.793697 -0.325887 -0.519009 -0.796949 0.309035 0.888454 0.628180
male.bmp
  24 -23.568384 -0.184303 0.172460 -0.037295 -0.971534 0.233946 0.884540 0.530333
  24 -23.427691 -0.176732 -0.095025 -0.057196 -0.773090 -0.631712 0.904110 0.542074
  24 -22.406253 -0.249215 0.195685 -0.059425 -0.955240 0.289802 0.888454 0.628180
male.bmp
  25 -24.256108 -0.153322 0.257237 -0.158834 -0.943181 0.291857 0.888454 0.393346
  25 -24.284694 -0.144378 0.004249 -0.451812 -0.800083 -0.394630 0.904110 0.393346
  24 -23.568384 -0.184303 0.172460 -0.037295 -0.971534 0.233946 0.884540 0.530333
male.bmp
  28 -23.545591 -1.466150 0.276111 -0.005229 -0.964448 0.264221 0.888454 0.393346
  28 -23.536725 -1.444386 0.031269 -0.229757 -0.857565 -0.460211 0.904110 0.393346
  27 -22.924412 -1.368502 0.281612 0.162994 -0.954923 0.248104 0.884540 0.530333
male.bmp
  22 -23.775594 1.339980 0.080584 -0.383578 -0.849993 0.361081 0.888454 0.393346
  22 -23.791820 1.353480 -0.141800 -0.599859 -0.678387 -0.424218 0.904110 0.393346
  21 -23.132636 1.157072 0.065987 -0.257621 -0.926753 0.273423 0.884540 0.530333
male.bmp
  33 -19.511886 -2.979176 -0.423753 0.975194 -0.219555 0.028142 0.720157 0.988258
  34 -19.565198 -2.969240 -0.195138 0.662356 -0.311646 0.681293 0.739726 0.990215
  34 -19.612424 -3.437338 -0.475591 0.897388 -0.430882 0.095051 0.720157 0.927593
male.bmp
  20 -21.842952 1.157327 -0.246849 0.226204 0.219435 -0.949042 0.943249 0.645793
  20 -21.930967 0.872583 -0.160977 -0.191675 -0.720139 -0.666829 0.906067 0.645793
  21 -21.932257 1.175260 -0.257834 0.137300 0.210317 -0.967944 0.943249 0.634051
male.bmp
  25 -24.390665 0.149669 0.406874 -0.662906 0.220888 0.715377 0.925636 0.681018
  25 -24.337778 -0.076546 0.379857 -0.365511 -0.509086 0.779252 0.956947 0.688845
  25 -23.960245 0.140783 0.361483 -0.012898 0.261661 0.965074 0.921722 0.751468
male.bmp
  28 -23.409107 -0.983748 0.283908 -0.298065 0.836428 0.459941 0.896282 0.747554
  28 -23.716486 -1.079505 0.276927 -0.616711 0.680060 0.396467 0.894325 0.694716
  28 -23.333214 -1.133893 0.434230 -0.163920 0.189575 0.968087 0.921722 0.751468
male.bmp
  34 -20.022027 -2.930133 -0.721900 -0.592096 0.206819 -0.778876 0.637965 0.972603
  33 -19.985425 -2.775984 -0.701195 -0.538913 0.161075 -0.826818 0.616438 0.990215
  33 -19.719229 -2.858707 -0.781798 -0.237703 0.172230 -0.955947 0.661448 0.990215
male.bmp
  29 -21.269661 2.152634 -0.488080 0.442501 0.736446 -0.511704 0.872798 0.988258
  30 -21.337110 2.196489 -0.476003 0.426798 0.787935 -0.443849 0.872798 0.970646
  29 -21.286519 2.217801 -0.297373 0.290911 0.871859 0.393995 0.892368 0.986301
male.bmp
  23 -22.295276 0.364432 0.017089 -0.067326 0.870757 -0.487082 0.872798 0.988258
  24 -22.407617 0.367697 0.024755 -0.017336 0.941918 -0.335395 0.872798 0.970646
  23 -22.331398 0.334483 0.235030 0.052484 0.890421 0.452102 0.892368 0.986301
male.bmp
  26 -22.009552 -0.600332 0.119294 -0.345194 0.864435 -0.365504 0.872798 0.988258
  27 -22.089603 -0.626599 0.136788 -0.271213 0.934291 -0.231395 0.872798 0.970646
  26 -22.004719 -0.659829 0.368767 -0.284312 0.815633 0.503895 0.892368 0.986301
male.bmp
  20 -21.910032 1.211158 0.305422 -0.085868 0.406337 0.909680 0.919765 0.982387
  21 -22.018785 1.233056 0.289954 -0.027954 0.380551 0.924337 0.919765 0.964775
  20 -21.962839 1.017752 0.331983 -0.432095 -0.222274 0.874007 0.951076 0.982387
male.bmp
  19 -19.963971 1.766519 -0.588561 0.171399 0.841186 -0.512863 0.784736 0.352250
  19 -19.028976 1.625295 -0.287331 0.274903 0.960037 0.052508 0.866928 0.315068
  19 -18.920302 1.288824 -0.758157 0.200003 0.669694 -0.715199 0.882583 0.342466
male.bmp
  32 -18.676800 -1.675010 -0.561145 0.756874 -0.450187 -0.473786 0.720157 0.833659
  33 -19.000580 -2.130637 -0.604718 0.731981 -0.506447 -0.455757 0.737769 0.780822
  32 -19.297936 -1.620666 -0.921334 0.025747 -0.131166 -0.991026 0.782779 0.819961
male.bmp
  33 -19.758530 -2.465986 0.100939 -0.134643 -0.273247 0.952474 0.499022 0.925636
  33 -19.428675 -2.527788 -0.087413 0.546491 -0.438666 0.713386 0.534247 0.929550
  33 -19.647767 -1.962489 0.242793 -0.171125 -0.371671 0.912457 0.504892 0.874755
male.bmp
  33 -20.135785 -2.797349 -0.371900 -0.459717 -0.887904 0.016943 0.452055 0.968689
  33 -20.052163 -2.811525 -0.191604 -0.711097 -0.183301 0.678780 0.473581 0.964775
  33 -20.182122 -2.774982 -0.379156 -0.885774 -0.453442 0.098964 0.452055 0.962818
male.bmp
  32 -20.085524 -1.398541 -0.266762 -0.872653 -0.175066 -0.455882 0.718200 0.671233
  19 -20.525528 -1.186581 -0.046104 -0.378022 -0.756567 -0.533578 0.675147 0.669276
  19 -19.902371 -0.694762 -0.484613 -0.439276 0.052310 -0.896828 0.710372 0.606654
male.bmp
  20 -20.897056 0.479947 0.262893 -0.676887 0.416201 0.607125 0.563601 0.555773
  20 -21.999899 0.769713 0.153929 -0.733264 -0.641009 0.226785 0.499022 0.573386
  20 -21.229975 0.669332 -0.273669 -0.427448 -0.632107 -0.646319 0.561644 0.532290
male.bmp
  20 -21.075056 0.363603 -0.252937 -0.850969 0.048603 -0.522962 0.579256 0.559687
  19 -20.602221 0.244463 -0.388349 -0.209563 -0.236599 -0.948738 0.622309 0.551859
  23 -21.196664 0.124233 -0.300016 -0.183570 0.211875 -0.959902 0.577299 0.583170
male.bmp
  23 -21.005960 -0.451214 -0.141925 -0.781752 -0.214701 -0.585463 0.612524 0.624266
  19 -20.594587 -0.399689 -0.239319 -0.223202 -0.165955 -0.960541 0.643836 0.606654
  26 -21.077261 -0.727094 -0.133027 -0.192743 0.195990 -0.961477 0.614481 0.647750
male.bmp
  26 -22.000372 -0.545222 0.132661 -0.639226 0.718683 -0.273652 0.614481 0.111546
  26 -21.999564 -0.633388 0.405839 -0.747084 0.525101 0.407596 0.614481 0.103718
  23 -20.860579 -0.226735 0.394799 -0.643522 -0.053038 0.763588 0.716243 0.146771
male.bmp
  23 -22.281981 -0.304786 0.257236 -0.514880 -0.809435 0.282334 0.587084 0.131115
  23 -20.860579 -0.226735 0.394799 -0.643522 -0.053038 0.763588 0.716243 0.146771
  23 -22.323195 -0.038626 0.418667 -0.624553 -0.253504 0.738694 0.583170 0.154599
male.bmp
  19 -17.280534 -1.229419 0.322985 -0.024743 -0.921965 0.386482 0.536204 0.019569
  19 -17.280535 -0.908392 0.792284 -0.018235 -0.571916 0.820109 0.544031 0.062622
  19 -17.650534 -1.069507 0.282635 0.529935 -0.743577 0.407752 0.489237 0.037182
male.bmp
  29 -21.492794 1.759252 -0.319370 -0.979414 0.180512 -0.090348 0.493151 0.479452
  29 -21.412287 1.780170 -0.619339 -0.898657 0.102717 -0.426456 0.500978 0.455969
  29 -21.497547 1.707502 -0.305253 -0.899107 -0.418775 0.127415 0.495108 0.481409
male.bmp
  19 -20.669620 1.166291 0.015001 -0.716480 0.597535 0.360011 0.567515 0.481409
  29 -20.735040 1.089801 -0.520724 -0.827618 0.122220 -0.547823 0.583170 0.487280
  20 -20.971324 0.934278 -0.450597 -0.289396 0.288687 -0.912639 0.567515 0.506849
male.bmp
  32 -18.380734 -1.076936 -0.490060 0.546963 -0.428728 -0.719044 0.972603 0.050881
  32 -18.370980 -1.212421 -0.307992 0.715000 -0.645486 -0.268557 0.966732 0.058708
  32 -18.676800 -1.675010 -0.561145 0.756874 -0.450187 -0.473786 0.947162 0.011742
male.bmp
  33 -20.135785 -2.797349 -0.371900 -0.459717 -0.887904 0.016943 0.849315 0.681018
  33 -20.121729 -2.744231 -0.697600 -0.700476 -0.400467 -0.590728 0.829746 0.686888
  33 -20.105280 -2.775042 -0.580639 -0.542682 -0.820651 -0.178966 0.829746 0.681018
male.bmp
  29 -21.392771 2.044346 -0.203971 -0.836282 0.524786 0.158844 0.653620 0.354207
  29 -21.451952 1.930503 -0.180788 -0.925996 0.352030 0.136406 0.647750 0.338552
  29 -21.367358 2.081059 -0.152920 -0.472709 0.557611 0.682360 0.657534 0.354207
male.bmp
  29 -21.269661 2.152634 -0.488080 -0.708693 0.597252 -0.375559 0.667319 0.385519
  29 -21.286519 2.217801 -0.297373 -0.557968 0.817129 0.144818 0.659491 0.371820
  29 -21.207311 2.205074 -0.515695 -0.138921 0.882126 -0.450061 0.673190 0.383562
male.bmp
  19 -18.467345 0.044522 0.730278 -0.011732 0.065657 0.997773 0.931507 0.183953
  19 -19.525750 -0.598231 0.709137 -0.000341 -0.151335 0.988482 0.839530 0.119374
  19 -18.562597 -0.666814 0.655924 0.083649 -0.325815 0.941726 0.927593 0.119374
male.bmp
  32 -20.123524 -1.426879 0.062408 -0.729688 -0.654526 0.197867 0.784736 0.033268
  32 -19.864927 -1.437601 0.406374 -0.342548 -0.502140 0.794051 0.814090 0.041096
  26 -20.493143 -1.207440 0.309096 -0.298981 -0.864862 0.403267 0.763209 0.060665
male.bmp
  32 -20.085524 -1.398541 -0.266762 -0.872653 -0.175066 -0.455882 0.866928 0.818004
  32 -19.905751 -1.489487 -0.632973 -0.686223 0.111719 -0.718761 0.845401 0.814090
  33 -20.085505 -1.755766 -0.266178 -0.990892 0.006037 -0.134522 0.857143 0.782779
male.bmp
  32 -19.864927 -1.437601 0.406374 -0.342548 -0.502140 0.794051 0.477495 0.823875
  32 -20.123524 -1.426879 0.062408 -0.729688 -0.654526 0.197867 0.444227 0.835616
  33 -19.647767 -1.962489 0.242793 -0.171125 -0.371671 0.912457 0.504892 0.874755
male.bmp
  20 -21.910032 1.211158 0.305422 -0.872299 0.337439 0.353877 0.610568 0.272016
  20 -21.896643 1.221854 0.353446 -0.439572 0.416649 0.795726 0.614481 0.272016
  20 -21.878666 1.364663 0.197939 -0.693323 0.694939 0.190693 0.612524 0.285714
male.bmp
  19 -17.670535 -0.818524 0.732087 0.542806 -0.458883 0.703412 0.491194 0.076321
  19 -17.660535 -0.788677 0.662021 0.542806 -0.458883 0.703412 0.495108 0.076321
  19 -17.690536 -0.068176 0.890447 0.560697 0.051212 0.826436 0.502935 0.156556
male.bmp
  19 -18.030535 -0.738721 0.641912 -0.787156 -0.323515 0.525093 0.446184 0.086106
  19 -18.030535 -0.778546 0.721999 -0.649106 -0.412176 0.639353 0.452055 0.086106
  19 -18.040535 -0.038461 0.760381 -0.815517 -0.019303 0.578411 0.455969 0.168297
male.bmp
  19 -17.620533 0.567756 -0.970948 0.686765 0.008063 -0.726835 0.105675 0.886497
  19 -17.620533 0.547887 -0.910905 0.686765 0.008063 -0.726835 0.105675 0.890411
  19 -17.620532 -0.241980 -0.849177 0.722186 -0.167924 -0.671005 0.201566 0.890411
male.bmp
  19 -17.230534 -1.209419 0.322941 0.833337 -0.499536 0.236671 0.663405 0.782779
  19 -17.240534 -1.139463 0.302788 0.886423 0.428315 -0.175502 0.663405 0.776908
  19 -17.230535 -0.888414 0.782241 0.800306 -0.302523 0.517677 0.694716 0.763209
male.bmp
  19 -17.400536 -0.048416 0.780404 0.590011 -0.036520 -0.806569 0.694716 0.710372
  19 -17.220536 -0.058154 0.900426 0.852499 -0.022400 -0.522249 0.700587 0.710372
  19 -17.410535 -0.698721 0.641825 0.664501 0.337019 -0.666976 0.684932 0.751468
male.bmp
  19 -17.270532 -0.352111 -0.908936 0.107898 0.221795 -0.969105 0.585127 0.731898
  19 -17.220532 -0.352045 -0.878936 0.760275 0.330067 -0.559498 0.589041 0.729941
  19 -17.280532 -0.711738 -0.738149 -0.027863 -0.545337 -0.837754 0.596869 0.755382
male.bmp
  19 -17.260532 -0.132221 -0.959417 0.075378 -0.632626 -0.770780 0.731898 0.716243
  19 -17.240533 0.557734 -0.980926 0.063128 0.051855 -0.996657 0.724070 0.772994
  19 -17.210532 -0.112177 -0.939461 0.764792 -0.541721 -0.348757 0.727984 0.718200
male.bmp
  19 -17.750532 -0.192199 -0.949287 0.863038 0.263742 0.430820 0.876712 0.360078
  19 -17.750532 -0.292067 -0.889068 0.864386 0.302843 0.401401 0.876712 0.381605
  19 -17.750532 -0.222264 -0.979221 0.857571 -0.275150 -0.434586 0.864971 0.360078
male.bmp
  19 -17.750532 -0.292067 -0.889068 0.864386 0.302843 0.401401 0.876712 0.381605
  19 -17.750532 -0.391870 -0.798850 0.876013 0.375863 0.302206 0.876712 0.405088
  19 -17.750532 -0.322133 -0.919003 0.844138 -0.312610 -0.435552 0.864971 0.381605
male.bmp
  19 -17.750532 -0.391870 -0.798850 0.876013 0.375863 0.302206 0.876712 0.405088
  19 -17.750533 -0.461608 -0.678697 0.914863 0.352285 0.197286 0.876712 0.428571
  19 -17.750532 -0.421936 -0.828784 0.821284 -0.462956 -0.333413 0.864971 0.405088
male.bmp
  19 -17.750532 -0.222264 -0.979221 0.000002 0.824274 -0.566191 0.365949 0.904110
  19 -17.790532 -0.232308 -0.999199 0.000002 0.824274 -0.566191 0.389432 0.917808
  19 -17.750532 -0.192199 -0.949287 0.000002 0.824274 -0.566191 0.365949 0.876712
male.bmp
  19 -18.010532 -0.561586 -0.668479 -0.539109 -0.442470 -0.716646 0.861057 0.530333
  19 -18.336723 -0.535097 -0.773842 0.126022 -0.372295 -0.919519 0.833659 0.540117
  19 -18.010532 -0.171981 -0.849331 -0.534141 -0.188564 -0.824098 0.849315 0.500978
male.bmp
  18 -8.654404 1.566079 0.176098 0.091982 0.993945 -0.060109 0.277886 0.502935
  18 -8.674405 1.136079 -0.663902 0.108371 0.791324 -0.601716 0.232877 0.500978
  18 -9.383133 1.482358 0.287558 -0.030343 0.990366 0.135110 0.277886 0.471624
male.bmp
  18 -15.877922 0.662505 0.702006 -0.169241 0.611742 0.772741 0.315068 0.125245
  18 -15.873719 -0.010558 1.005269 -0.168778 0.097518 0.980818 0.354207 0.125245
  18 -14.037271 0.886749 1.005023 -0.147035 0.648780 0.746636 0.318982 0.232877
male.bmp
  19 -17.640533 -1.189988 0.062898 0.621188 -0.782790 0.036954 0.326810 0.886497
  19 -18.000533 -1.200119 0.002919 -0.611390 -0.790367 -0.039010 0.326810 0.839530
  19 -17.630533 -1.110622 -0.227277 0.659088 -0.676608 -0.328336 0.303327 0.886497
male.bmp
  18 -13.907235 1.264301 -0.691958 -0.086270 0.830831 -0.549797 0.236791 0.234834
  18 -15.796091 0.976758 -0.685347 -0.076808 0.755143 -0.651045 0.223092 0.125245
  18 -15.795499 1.104549 -0.464057 -0.098771 0.958095 -0.268883 0.240705 0.127202
male.bmp
  19 -18.000534 1.048235 -0.751999 -0.699800 0.462890 -0.544071 0.050881 0.837573
  19 -18.000533 0.827930 -0.891518 -0.690912 0.323943 -0.646298 0.070450 0.839530
  19 -18.000534 0.998345 -0.701890 -0.652830 0.468839 -0.594981 0.050881 0.829746
male.bmp
  19 -17.690532 0.427362 -1.150642 0.580758 0.358423 -0.730926 0.622309 0.360078
  19 -17.530532 0.317538 -1.070401 0.580758 0.358423 -0.730926 0.614481 0.334638
  19 -17.690532 0.407341 -1.160598 0.580758 0.358423 -0.730926 0.622309 0.360078
male.bmp
  19 -17.530532 0.307516 -1.080379 0.577868 0.525142 -0.624736 0.614481 0.334638
  19 -17.690532 0.407341 -1.160598 0.577868 0.525142 -0.624736 0.622309 0.360078
  19 -17.530532 0.317538 -1.070401 0.577868 0.525142 -0.624736 0.614481 0.334638
male.bmp
  19 -17.910532 0.357428 -1.120489 -0.265242 0.618317 -0.739818 0.612524 0.381605
  19 -17.690532 0.427362 -1.150642 -0.265242 0.618317 -0.739818 0.622309 0.360078
  19 -17.900532 0.347384 -1.140467 -0.265242 0.618317 -0.739818 0.612524 0.381605
male.bmp
  19 -17.690532 0.407341 -1.160598 -0.194987 0.430588 -0.881235 0.622309 0.360078
  19 -17.900532 0.347384 -1.140467 -0.194987 0.430588 -0.881235 0.612524 0.381605
  19 -17.690532 0.427362 -1.150642 -0.194987 0.430588 -0.881235 0.622309 0.360078
male.bmp
  18 -5.044404 -2.263921 0.756095 -0.144517 -0.889131 0.434235 0.467710 0.679061
  18 -4.944404 -1.393922 1.586096 -0.075229 -0.398234 0.914194 0.428571 0.677104
  18 -8.434404 -1.583921 0.716097 -0.272524 -0.865694 0.419886 0.467710 0.532290
end
